Hex View  00 01 02 03 04 05 06 07  08 09 0A 0B 0C 0D 0E 0F
 
00000000  44 53 45 00 33 30 01 64  05 00 30 31 31 31 34 31  DSE.30.d..011141
00000010  34 32 38 30 34 00 00 00  00 00 00 00 00 00 00 00  42804...........
00000020  00 00 22 00 4B 00 4B 00  12 00 04 00 00 00 00 00  ..".K.K.........
00000030  60 06 00 00 B0 0A 02 00  60 0F 02 00 10 14 02 00  `.......`.......
00000040  98 16 02 00 58 17 02 00  00 00 00 00 58 17 02 00  ....X.......X...
00000050  B0 0A 00 00 A0 0A 00 00  6C 22 02 00 04 24 02 00  ........l"...$..
00000060  F8 CD 02 00 00 10 00 00  00 00 00 00 00 00 00 00  ................
00000070  00 00 00 00 00 10 00 00  00 00 00 00 00 00 00 00  ................
00000080  00 00 00 00 00 10 00 00  00 00 00 00 00 00 00 00  ................
00000090  00 00 00 00 00 10 00 00  00 00 00 00 00 00 00 00  ................
000000A0  00 00 00 00 00 10 00 00  00 00 00 00 00 00 00 00  ................
000000B0  00 00 00 00 00 10 00 00  00 00 00 00 00 00 00 00  ................
000000C0  00 00 00 00 00 10 00 00  00 00 00 00 00 00 00 00  ................
000000D0  00 00 00 00 00 10 00 00  00 00 00 00 00 00 00 00  ................
000000E0  00 00 00 00 00 10 00 00  00 00 00 00 00 00 00 00  ................
000000F0  00 00 00 00 00 10 00 00  00 00 00 00 00 00 00 00  ................
00000100  00 00 00 00 00 10 00 00  00 00 00 00 00 00 00 00  ................
00000110  00 00 00 00 00 10 00 00  00 00 00 00 16 CF FF FF  ................
00000120  70 FE FF FF 00 10 00 00  00 00 00 00 00 00 00 00  p...............
00000130  00 00 00 00 00 10 00 00  00 00 00 00 00 00 00 00  ................
00000140  00 00 00 00 00 10 00 00  00 00 00 00 6C C9 FF FF  ............l...
00000150  70 FE FF FF 00 10 00 00  00 00 00 00 00 00 00 00  p...............
00000160  00 00 00 00 00 10 00 00  00 00 00 00 00 00 00 00  ................
00000170  00 00 00 00 00 10 00 00  00 00 00 00 DE B7 FF FF  ................
00000180  D0 00 00 00 00 10 00 00  00 00 00 00 00 00 00 00  ................
00000190  00 00 00 00 00 10 00 00  00 00 00 00 00 00 00 00  ................
000001A0  00 00 00 00 00 10 00 00  00 00 00 00 55 B3 FF FF  ............U...
000001B0  A6 FE FF FF 00 10 00 00  00 00 00 00 00 00 00 00  ................
000001C0  00 00 00 00 00 10 00 00  00 00 00 00 00 00 00 00  ................
000001D0  00 00 00 00 00 10 00 00  BF 04 00 00 D9 AA FF FF  ................
000001E0  6F FB FF FF 00 10 00 00  00 00 00 00 00 00 00 00  o...............
000001F0  00 00 00 00 00 10 00 00  00 00 00 00 00 00 00 00  ................
00000200  00 00 00 00 00 10 00 00  F3 00 00 00 AC AA FF FF  ................
00000210  15 F8 FF FF 00 10 00 00  00 00 00 00 00 00 00 00  ................
00000220  00 00 00 00 00 10 00 00  00 00 00 00 00 00 00 00  ................
00000230  00 00 00 00 00 10 00 00  EB FD FF FF B5 AA FF FF  ................
00000240  38 F8 FF FF 00 10 00 00  00 00 00 00 00 00 00 00  8...............
00000250  00 00 00 00 00 10 00 00  00 00 00 00 00 00 00 00  ................
00000260  00 00 00 00 00 10 00 00  2B FD FF FF 36 AB FF FF  ........+...6...
00000270  9B F8 FF FF 00 10 00 00  00 00 00 00 00 00 00 00  ................
00000280  00 00 00 00 00 10 00 00  00 00 00 00 00 00 00 00  ................
00000290  00 00 00 00 00 10 00 00  DD FB FF FF A1 AA FF FF  ................
000002A0  59 FB FF FF 00 00 00 00  00 00 00 00 00 10 00 00  Y...............
000002B0  6E 08 00 00 99 0D 00 00  00 00 00 00 67 F2 FF FF  n...........g...
000002C0  6E 08 00 00 00 00 00 00  73 D5 FF FF 25 BF FF FF  n.......s...%...
000002D0  00 00 00 00 00 10 00 00  00 00 00 00 00 00 00 00  ................
000002E0  00 00 00 00 00 10 00 00  00 00 00 00 00 00 00 00  ................
000002F0  00 00 00 00 00 10 00 00  73 02 00 00 AF AC FF FF  ........s.......
00000300  8E FE FF FF 00 10 00 00  00 00 00 00 00 00 00 00  ................
00000310  00 00 00 00 00 10 00 00  00 00 00 00 00 00 00 00  ................
00000320  00 00 00 00 00 10 00 00  78 FC FF FF 94 AE FF FF  ........x.......
00000330  CA FE FF FF 00 00 00 00  00 00 00 00 00 10 00 00  ................
00000340  D5 0F 00 00 4D 02 00 00  00 00 00 00 B3 FD FF FF  ....M...........
00000350  D5 0F 00 00 00 00 00 00  B7 AB FF FF E7 ED FF FF  ................
00000360  00 00 00 00 00 10 00 00  00 00 00 00 00 00 00 00  ................
00000370  00 00 00 00 00 10 00 00  00 00 00 00 00 00 00 00  ................
00000380  00 00 00 00 00 10 00 00  B9 04 00 00 AB B1 FF FF  ................
00000390  2A 01 00 00 00 10 00 00  00 00 00 00 00 00 00 00  *...............
000003A0  00 00 00 00 00 10 00 00  00 00 00 00 00 00 00 00  ................
000003B0  00 00 00 00 00 10 00 00  47 FB FF FF AB B1 FF FF  ........G.......
000003C0  2A 01 00 00 00 10 00 00  00 00 00 00 00 00 00 00  *...............
000003D0  00 00 00 00 00 10 00 00  00 00 00 00 00 00 00 00  ................
000003E0  00 00 00 00 00 10 00 00  58 FC FF FF 6F BB FF FF  ........X...o...
000003F0  03 00 00 00 00 10 00 00  00 00 00 00 00 00 00 00  ................
00000400  00 00 00 00 00 10 00 00  00 00 00 00 00 00 00 00  ................
00000410  00 00 00 00 00 10 00 00  58 F3 FF FF 5C BE FF FF  ........X...\...
00000420  03 00 00 00 00 10 00 00  00 00 00 00 00 00 00 00  ................
00000430  00 00 00 00 00 10 00 00  00 00 00 00 00 00 00 00  ................
00000440  00 00 00 00 00 10 00 00  A6 E8 FF FF 5C BE FF FF  ............\...
00000450  75 00 00 00 00 10 00 00  00 00 00 00 00 00 00 00  u...............
00000460  00 00 00 00 00 10 00 00  00 00 00 00 00 00 00 00  ................
00000470  00 00 00 00 00 10 00 00  AF DD FF FF 5C BE FF FF  ............\...
00000480  03 00 00 00 00 10 00 00  00 00 00 00 00 00 00 00  ................
00000490  00 00 00 00 00 10 00 00  00 00 00 00 00 00 00 00  ................
000004A0  00 00 00 00 00 10 00 00  A8 03 00 00 6F BB FF FF  ............o...
000004B0  03 00 00 00 FF 0F 00 00  00 00 00 00 03 00 00 00  ................
000004C0  00 00 00 00 FF 0F 00 00  15 00 00 00 FD FF FF FF  ................
000004D0  EB FF FF FF FF 0F 00 00  A8 0C 00 00 5C BE FF FF  ............\...
000004E0  AF FF FF FF FF 0F 00 00  00 00 00 00 03 00 00 00  ................
000004F0  00 00 00 00 FF 0F 00 00  15 00 00 00 FD FF FF FF  ................
00000500  EB FF FF FF FF 0F 00 00  5A 17 00 00 5C BE FF FF  ........Z...\...
00000510  21 00 00 00 FF 0F 00 00  00 00 00 00 03 00 00 00  !...............
00000520  00 00 00 00 FF 0F 00 00  15 00 00 00 FD FF FF FF  ................
00000530  EB FF FF FF FF 0F 00 00  51 22 00 00 5C BE FF FF  ........Q"..\...
00000540  AF FF FF FF 00 10 00 00  00 00 00 00 00 00 00 00  ................
00000550  00 00 00 00 00 10 00 00  00 00 00 00 00 00 00 00  ................
00000560  00 00 00 00 00 10 00 00  00 00 00 00 16 CF FF FF  ................
00000570  70 FE FF FF 00 10 00 00  00 00 00 00 00 00 00 00  p...............
00000580  00 00 00 00 00 10 00 00  00 00 00 00 00 00 00 00  ................
00000590  00 00 00 00 00 10 00 00  00 00 00 00 16 CF FF FF  ................
000005A0  70 FE FF FF 00 10 00 00  00 00 00 00 00 00 00 00  p...............
000005B0  00 00 00 00 00 10 00 00  00 00 00 00 00 00 00 00  ................
000005C0  00 00 00 00 00 10 00 00  00 FB FF FF 4F D2 FF FF  ............O...
000005D0  9E FE FF FF 00 10 00 00  00 00 00 00 00 00 00 00  ................
000005E0  00 00 00 00 00 10 00 00  00 00 00 00 00 00 00 00  ................
000005F0  00 00 00 00 00 10 00 00  00 FB FF FF AE E6 FF FF  ................
00000600  56 FF FF FF 00 10 00 00  00 00 00 00 00 00 00 00  V...............
00000610  00 00 00 00 00 10 00 00  00 00 00 00 00 00 00 00  ................
00000620  00 00 00 00 00 10 00 00  00 FB FF FF F1 FA FF FF  ................
00000630  D4 00 00 00 00 10 00 00  00 00 00 00 00 00 00 00  ................
00000640  00 00 00 00 00 10 00 00  00 00 00 00 00 00 00 00  ................
00000650  00 00 00 00 00 10 00 00  00 05 00 00 4F D2 FF FF  ............O...
00000660  9E FE FF FF 00 10 00 00  00 00 00 00 00 00 00 00  ................
00000670  00 00 00 00 00 10 00 00  00 00 00 00 00 00 00 00  ................
00000680  00 00 00 00 00 10 00 00  00 05 00 00 AE E6 FF FF  ................
00000690  56 FF FF FF 00 10 00 00  00 00 00 00 00 00 00 00  V...............
000006A0  00 00 00 00 00 10 00 00  00 00 00 00 00 00 00 00  ................
000006B0  00 00 00 00 00 10 00 00  00 05 00 00 F1 FA FF FF  ................
000006C0  D4 00 00 00 01 02 8E 00  00 00 01 00 00 00 00 00  ................
000006D0  FF FF 00 00 00 00 00 00  01 02 5C 00 00 00 01 00  ..........\.....
000006E0  0A 00 00 00 00 00 01 00  30 00 00 00 01 02 97 00  ........0.......
000006F0  00 00 01 00 16 00 00 00  01 00 02 00 60 00 00 00  ............`...
00000700  01 02 C0 05 00 00 01 00  20 00 00 00 02 00 03 00  ........ .......
00000710  90 00 00 00 01 02 AF 05  00 00 01 00 2D 00 00 00  ............-...
00000720  03 00 04 00 C0 00 00 00  01 02 38 05 00 00 01 00  ..........8.....
00000730  3A 00 00 00 04 00 05 00  F0 00 00 00 01 02 29 05  :.............).
00000740  00 00 01 00 46 00 00 00  05 00 06 00 20 01 00 00  ....F....... ...
00000750  01 02 84 05 00 00 01 00  52 00 00 00 06 00 0B 00  ........R.......
00000760  50 01 00 00 01 02 80 05  00 00 01 00 60 00 00 00  P...........`...
00000770  06 00 09 00 80 01 00 00  01 02 81 05 00 00 01 00  ................
00000780  6E 00 00 00 06 00 08 00  B0 01 00 00 01 02 82 05  n...............
00000790  00 00 01 00 7C 00 00 00  06 00 08 00 E0 01 00 00  ....|...........
000007A0  01 02 83 05 00 00 01 00  8A 00 00 00 06 00 07 00  ................
000007B0  10 02 00 00 01 02 E3 05  00 00 01 00 98 00 00 00  ................
000007C0  06 00 0C 00 40 02 00 00  01 02 76 05 00 00 01 00  ....@.....v.....
000007D0  AC 00 00 00 06 00 0E 00  70 02 00 00 01 02 77 05  ........p.....w.
000007E0  00 00 01 00 BC 00 00 00  06 00 0D 00 A0 02 00 00  ................
000007F0  01 02 E1 05 00 00 01 00  CC 00 00 00 06 00 0F 00  ................
00000800  D0 02 00 00 01 02 D3 05  00 00 01 00 E0 00 00 00  ................
00000810  06 00 11 00 00 03 00 00  01 02 D4 05 00 00 01 00  ................
00000820  EF 00 00 00 06 00 10 00  30 03 00 00 01 02 1F 05  ........0.......
00000830  00 00 01 00 FE 00 00 00  04 00 16 00 60 03 00 00  ............`...
00000840  01 02 0A 05 00 00 01 00  0C 01 00 00 12 00 17 00  ................
00000850  90 03 00 00 01 02 BA 05  00 00 01 00 1C 01 00 00  ................
00000860  13 00 18 00 C0 03 00 00  01 02 3B 05 00 00 01 00  ..........;.....
00000870  29 01 00 00 14 00 19 00  F0 03 00 00 01 02 25 05  ).............%.
00000880  00 00 01 00 35 01 00 00  04 00 12 00 20 04 00 00  ....5....... ...
00000890  01 02 10 05 00 00 01 00  43 01 00 00 16 00 13 00  ........C.......
000008A0  50 04 00 00 01 02 C0 05  00 00 01 00 53 01 00 00  P...........S...
000008B0  17 00 14 00 80 04 00 00  01 02 41 05 00 00 01 00  ..........A.....
000008C0  60 01 00 00 18 00 15 00  B0 04 00 00 01 02 7C 00  `.............|.
000008D0  00 00 01 00 6C 01 00 00  03 00 1A 00 E0 04 00 00  ....l...........
000008E0  01 02 D7 05 00 00 01 00  76 01 00 00 02 00 1B 00  ........v.......
000008F0  10 05 00 00 01 02 D7 05  00 00 01 00 81 01 00 00  ................
00000900  1B 00 1F 00 40 05 00 00  01 02 43 05 00 00 01 00  ....@.....C.....
00000910  8C 01 00 00 1C 00 20 00  70 05 00 00 01 02 58 05  ...... .p.....X.
00000920  00 00 01 00 98 01 00 00  1D 00 21 00 A0 05 00 00  ..........!.....
00000930  01 02 DD 05 00 00 01 00  A4 01 00 00 1B 00 1C 00  ................
00000940  D0 05 00 00 01 02 49 05  00 00 01 00 AF 01 00 00  ......I.........
00000950  1F 00 1D 00 00 06 00 00  01 02 5E 05 00 00 01 00  ..........^.....
00000960  BB 01 00 00 20 00 1E 00  30 06 00 00 02 00 00 7C  .... ...0......|
00000970  08 00 00 00 03 00 00 00  20 03 00 00 30 00 10 29  ........ ...0..)
00000980  00 00 00 00 00 00 00 00  00 00 00 00 00 00 00 00  ................
00000990  00 00 00 00 22 23 00 00  70 FE 00 10 00 00 AB 0D  ...."#..p.......
000009A0  D0 FF 00 00 22 23 00 00  70 FD 00 10 F5 05 5B 0A  ...."#..p.....[.
000009B0  C1 FF 00 00 22 23 00 00  70 FD 90 0E 0A 05 72 0A  ...."#..p.....r.
000009C0  CE FC 00 00 22 23 00 00  70 FE 90 12 00 00 AB 0D  ...."#..p.......
000009D0  D0 FF 00 00 22 23 00 00  70 FD 90 13 00 00 D2 09  ...."#..p.......
000009E0  D0 04 00 00 22 23 00 00  70 FD 70 11 34 04 51 0A  ...."#..p.p.4.Q.
000009F0  B1 02 00 00 22 23 00 00  70 FE 90 12 00 00 AB 0D  ...."#..p.......
00000A00  D0 FF 00 00 22 23 00 00  70 FD 70 11 C9 FB 44 0A  ...."#..p.p...D.
00000A10  B3 02 00 00 22 23 00 00  70 FD 90 13 00 00 D2 09  ...."#..p.......
00000A20  D0 04 00 00 22 23 00 00  70 FD 00 10 0B FA 5B 0A  ...."#..p.....[.
00000A30  C1 FF 00 00 22 23 00 00  70 FD 70 11 C9 FB 44 0A  ...."#..p.p...D.
00000A40  B3 02 00 00 22 23 00 00  70 FE 00 10 00 00 AB 0D  ...."#..p.......
00000A50  D0 FF 00 00 22 23 00 00  70 FD 70 0C 00 00 33 0A  ...."#..p.p...3.
00000A60  18 FB 00 00 22 23 00 00  70 FD 90 0E F6 FA 72 0A  ...."#..p.....r.
00000A70  CE FC 00 00 22 23 00 00  70 FE D0 0D 00 00 AB 0D  ...."#..p.......
00000A80  D0 FF 00 00 22 23 00 00  70 FD 90 0E 0A 05 72 0A  ...."#..p.....r.
00000A90  CE FC 00 00 22 23 00 00  70 FD 70 0C 00 00 33 0A  ...."#..p.p...3.
00000AA0  18 FB 00 00 22 23 00 00  70 FE D0 0D 00 00 AB 0D  ...."#..p.......
00000AB0  D0 FF 00 00 22 23 00 00  70 FE 00 10 00 00 AB 0D  ...."#..p.......
00000AC0  D0 FF 00 00 22 23 00 00  70 FD 70 11 34 04 51 0A  ...."#..p.p.4.Q.
00000AD0  B1 02 00 00 22 23 00 00  70 FD 00 10 F5 05 5B 0A  ...."#..p.....[.
00000AE0  C1 FF 00 00 22 23 00 00  70 FD 90 0E F6 FA 72 0A  ...."#..p.....r.
00000AF0  CE FC 00 00 22 23 00 00  70 FD 00 10 0B FA 5B 0A  ...."#..p.....[.
00000B00  C1 FF 00 00 22 23 00 00  70 FE 00 10 00 00 AB 0D  ...."#..p.......
00000B10  D0 FF 00 00 22 23 00 00  90 01 00 10 00 00 32 FC  ...."#........2.
00000B20  B1 FF 00 00 22 23 00 00  90 02 70 11 BA FB 86 00  ...."#....p.....
00000B30  94 02 00 00 22 23 00 00  90 02 00 10 0E FA AF 00  ...."#..........
00000B40  A8 FF 00 00 22 23 00 00  90 02 90 13 00 00 10 00  ...."#..........
00000B50  C2 04 00 00 22 23 00 00  90 02 70 11 BA FB 86 00  ...."#....p.....
00000B60  94 02 00 00 22 23 00 00  90 01 90 12 00 00 32 FC  ...."#........2.
00000B70  B1 FF 00 00 22 23 00 00  90 02 70 11 46 04 86 00  ...."#....p.F...
00000B80  94 02 00 00 22 23 00 00  90 02 90 13 00 00 10 00  ...."#..........
00000B90  C2 04 00 00 22 23 00 00  90 01 90 12 00 00 32 FC  ...."#........2.
00000BA0  B1 FF 00 00 22 23 00 00  90 02 00 10 F2 05 AF 00  ...."#..........
00000BB0  A8 FF 00 00 22 23 00 00  90 02 70 11 46 04 86 00  ...."#....p.F...
00000BC0  94 02 00 00 22 23 00 00  90 01 00 10 00 00 32 FC  ...."#........2.
00000BD0  B1 FF 00 00 22 23 00 00  90 02 90 0E 16 05 D8 00  ...."#..........
00000BE0  BC FC 00 00 22 23 00 00  90 02 00 10 F2 05 AF 00  ...."#..........
00000BF0  A8 FF 00 00 22 23 00 00  90 01 00 10 00 00 32 FC  ...."#........2.
00000C00  B1 FF 00 00 22 23 00 00  90 01 D0 0D 00 00 32 FC  ...."#........2.
00000C10  B1 FF 00 00 22 23 00 00  90 02 70 0C 00 00 96 00  ...."#....p.....
00000C20  FE FA 00 00 22 23 00 00  90 02 90 0E 16 05 D8 00  ...."#..........
00000C30  BC FC 00 00 22 23 00 00  90 01 D0 0D 00 00 32 FC  ...."#........2.
00000C40  B1 FF 00 00 22 23 00 00  90 02 90 0E EA FA D8 00  ...."#..........
00000C50  BC FC 00 00 22 23 00 00  90 02 70 0C 00 00 96 00  ...."#....p.....
00000C60  FE FA 00 00 22 23 00 00  90 01 00 10 00 00 32 FC  ...."#........2.
00000C70  B1 FF 00 00 22 23 00 00  90 02 00 10 0E FA AF 00  ...."#..........
00000C80  A8 FF 00 00 22 23 00 00  90 02 90 0E EA FA D8 00  ...."#..........
00000C90  BC FC 00 00 04 00 00 00  20 04 00 00 40 00 10 29  ........ ...@..)
00000CA0  00 00 00 00 00 00 00 00  00 00 00 00 00 00 00 00  ................
00000CB0  00 00 00 00 22 23 00 00  00 00 00 10 06 07 54 05  ...."#........T.
00000CC0  B4 FF 00 00 22 23 00 00  90 02 00 10 F2 05 AF 00  ...."#..........
00000CD0  A8 FF 00 00 22 23 00 00  90 02 90 0E 16 05 D8 00  ...."#..........
00000CE0  BC FC 00 00 22 23 00 00  00 00 90 0E E8 05 5F 05  ...."#........_.
00000CF0  F7 FB 00 00 22 23 00 00  90 02 70 0C 00 00 96 00  ...."#....p.....
00000D00  FE FA 00 00 22 23 00 00  90 02 90 0E EA FA D8 00  ...."#..........
00000D10  BC FC 00 00 22 23 00 00  00 00 90 0E 18 FA 5F 05  ...."#........_.
00000D20  F7 FB 00 00 22 23 00 00  00 00 70 0C 00 00 07 05  ...."#....p.....
00000D30  CE F9 00 00 22 23 00 00  90 02 70 11 BA FB 86 00  ...."#....p.....
00000D40  94 02 00 00 22 23 00 00  00 00 70 11 C2 FA 49 05  ...."#....p...I.
00000D50  71 03 00 00 22 23 00 00  00 00 00 10 FA F8 54 05  q..."#........T.
00000D60  B4 FF 00 00 22 23 00 00  90 02 00 10 0E FA AF 00  ...."#..........
00000D70  A8 FF 00 00 22 23 00 00  00 00 90 13 00 00 47 04  ...."#........G.
00000D80  21 06 00 00 22 23 00 00  00 00 70 11 C2 FA 49 05  !..."#....p...I.
00000D90  71 03 00 00 22 23 00 00  90 02 70 11 BA FB 86 00  q..."#....p.....
00000DA0  94 02 00 00 22 23 00 00  90 02 90 13 00 00 10 00  ...."#..........
00000DB0  C2 04 00 00 22 23 00 00  00 00 70 11 3E 05 49 05  ...."#....p.>.I.
00000DC0  71 03 00 00 22 23 00 00  00 00 90 13 00 00 47 04  q..."#........G.
00000DD0  21 06 00 00 22 23 00 00  90 02 90 13 00 00 10 00  !..."#..........
00000DE0  C2 04 00 00 22 23 00 00  90 02 70 11 46 04 86 00  ...."#....p.F...
00000DF0  94 02 00 00 22 23 00 00  90 02 90 0E 16 05 D8 00  ...."#..........
00000E00  BC FC 00 00 22 23 00 00  90 02 70 0C 00 00 96 00  ...."#....p.....
00000E10  FE FA 00 00 22 23 00 00  00 00 70 0C 00 00 07 05  ...."#....p.....
00000E20  CE F9 00 00 22 23 00 00  00 00 90 0E E8 05 5F 05  ...."#........_.
00000E30  F7 FB 00 00 22 23 00 00  00 00 70 11 3E 05 49 05  ...."#....p.>.I.
00000E40  71 03 00 00 22 23 00 00  90 02 70 11 46 04 86 00  q..."#....p.F...
00000E50  94 02 00 00 22 23 00 00  90 02 00 10 F2 05 AF 00  ...."#..........
00000E60  A8 FF 00 00 22 23 00 00  00 00 00 10 06 07 54 05  ...."#........T.
00000E70  B4 FF 00 00 22 23 00 00  90 02 90 0E EA FA D8 00  ...."#..........
00000E80  BC FC 00 00 22 23 00 00  90 02 00 10 0E FA AF 00  ...."#..........
00000E90  A8 FF 00 00 22 23 00 00  00 00 00 10 FA F8 54 05  ...."#........T.
00000EA0  B4 FF 00 00 22 23 00 00  00 00 90 0E 18 FA 5F 05  ...."#........_.
00000EB0  F7 FB 00 00 22 23 00 00  70 FD 90 13 00 00 D2 09  ...."#..p.......
00000EC0  D0 04 00 00 22 23 00 00  70 FD 70 11 C9 FB 44 0A  ...."#..p.p...D.
00000ED0  B3 02 00 00 22 23 00 00  00 00 70 11 C2 FA 49 05  ...."#....p...I.
00000EE0  71 03 00 00 22 23 00 00  00 00 90 13 00 00 47 04  q..."#........G.
00000EF0  21 06 00 00 22 23 00 00  70 FD 70 11 34 04 51 0A  !..."#..p.p.4.Q.
00000F00  B1 02 00 00 22 23 00 00  70 FD 90 13 00 00 D2 09  ...."#..p.......
00000F10  D0 04 00 00 22 23 00 00  00 00 90 13 00 00 47 04  ...."#........G.
00000F20  21 06 00 00 22 23 00 00  00 00 70 11 3E 05 49 05  !..."#....p.>.I.
00000F30  71 03 00 00 22 23 00 00  70 FD 00 10 F5 05 5B 0A  q..."#..p.....[.
00000F40  C1 FF 00 00 22 23 00 00  70 FD 70 11 34 04 51 0A  ...."#..p.p.4.Q.
00000F50  B1 02 00 00 22 23 00 00  00 00 70 11 3E 05 49 05  ...."#....p.>.I.
00000F60  71 03 00 00 22 23 00 00  00 00 00 10 06 07 54 05  q..."#........T.
00000F70  B4 FF 00 00 22 23 00 00  70 FD 90 0E 0A 05 72 0A  ...."#..p.....r.
00000F80  CE FC 00 00 22 23 00 00  70 FD 00 10 F5 05 5B 0A  ...."#..p.....[.
00000F90  C1 FF 00 00 22 23 00 00  00 00 00 10 06 07 54 05  ...."#........T.
00000FA0  B4 FF 00 00 22 23 00 00  00 00 90 0E E8 05 5F 05  ...."#........_.
00000FB0  F7 FB 00 00 22 23 00 00  00 00 90 0E E8 05 5F 05  ...."#........_.
00000FC0  F7 FB 00 00 22 23 00 00  00 00 70 0C 00 00 07 05  ...."#....p.....
00000FD0  CE F9 00 00 22 23 00 00  70 FD 70 0C 00 00 33 0A  ...."#..p.p...3.
00000FE0  18 FB 00 00 22 23 00 00  70 FD 90 0E 0A 05 72 0A  ...."#..p.....r.
00000FF0  CE FC 00 00 22 23 00 00  00 00 70 0C 00 00 07 05  ...."#....p.....
00001000  CE F9 00 00 22 23 00 00  00 00 90 0E 18 FA 5F 05  ...."#........_.
00001010  F7 FB 00 00 22 23 00 00  70 FD 90 0E F6 FA 72 0A  ...."#..p.....r.
00001020  CE FC 00 00 22 23 00 00  70 FD 70 0C 00 00 33 0A  ...."#..p.p...3.
00001030  18 FB 00 00 22 23 00 00  00 00 90 0E 18 FA 5F 05  ...."#........_.
00001040  F7 FB 00 00 22 23 00 00  00 00 00 10 FA F8 54 05  ...."#........T.
00001050  B4 FF 00 00 22 23 00 00  70 FD 00 10 0B FA 5B 0A  ...."#..p.....[.
00001060  C1 FF 00 00 22 23 00 00  70 FD 90 0E F6 FA 72 0A  ...."#..p.....r.
00001070  CE FC 00 00 22 23 00 00  00 00 00 10 FA F8 54 05  ...."#........T.
00001080  B4 FF 00 00 22 23 00 00  00 00 70 11 C2 FA 49 05  ...."#....p...I.
00001090  71 03 00 00 22 23 00 00  70 FD 70 11 C9 FB 44 0A  q..."#..p.p...D.
000010A0  B3 02 00 00 22 23 00 00  70 FD 00 10 0B FA 5B 0A  ...."#..p.....[.
000010B0  C1 FF 00 00 01 00 00 00  08 00 00 00 02 00 01 7C  ...............|
000010C0  08 00 00 00 03 00 00 00  60 05 00 00 54 00 10 29  ........`...T..)
000010D0  00 00 00 00 00 00 00 00  00 00 00 00 00 00 00 00  ................
000010E0  00 00 00 00 22 23 00 00  30 0E F0 0B 3B 04 AC 10  ...."#..0...;...
000010F0  8B 02 00 00 22 23 00 00  F0 0F D0 09 00 00 BA 14  ...."#..........
00001100  77 FD 00 00 22 23 00 00  F0 0F 50 0C 14 00 8E 0F  w..."#....P.....
00001110  D7 03 00 00 22 23 00 00  30 0E F0 0B 3B 04 AC 10  ...."#..0...;...
00001120  8B 02 00 00 22 23 00 00  B0 0D D0 0D C7 05 04 0C  ...."#..........
00001130  A3 04 00 00 22 23 00 00  F0 0C 10 0C 82 07 1F 10  ...."#..........
00001140  12 02 00 00 22 23 00 00  90 0E D0 09 47 03 BA 14  ...."#......G...
00001150  D2 FD 00 00 22 23 00 00  F0 0C F0 09 A8 07 0C 12  ...."#..........
00001160  56 FE 00 00 22 23 00 00  90 0E 10 09 81 03 27 14  V..."#........'.
00001170  55 FB 00 00 22 23 00 00  F0 0F D0 09 00 00 BA 14  U..."#..........
00001180  77 FD 00 00 22 23 00 00  90 0E D0 09 47 03 BA 14  w..."#......G...
00001190  D2 FD 00 00 22 23 00 00  F0 0F F0 08 00 00 4C 14  ...."#........L.
000011A0  59 FA 00 00 22 23 00 00  F0 0F F0 08 00 00 4C 14  Y..."#........L.
000011B0  59 FA 00 00 22 23 00 00  F0 0D 50 08 0D 05 7A 12  Y..."#....P...z.
000011C0  B0 F9 00 00 22 23 00 00  F0 0F 70 07 00 00 7C 10  ...."#....p...|.
000011D0  2F F7 00 00 22 23 00 00  F0 0F F0 0D 00 00 B9 0B  /..."#..........
000011E0  03 06 00 00 22 23 00 00  F0 0F F0 0F 00 00 21 06  ...."#........!.
000011F0  D0 06 00 00 22 23 00 00  B0 0D D0 0D C7 05 04 0C  ...."#..........
00001200  A3 04 00 00 22 23 00 00  30 0E F0 0B 3B 04 AC 10  ...."#..0...;...
00001210  8B 02 00 00 22 23 00 00  F0 0F 50 0C 14 00 8E 0F  ...."#....P.....
00001220  D7 03 00 00 22 23 00 00  F0 0F F0 0D 00 00 B9 0B  ...."#..........
00001230  03 06 00 00 22 23 00 00  30 0E F0 0B 3B 04 AC 10  ...."#..0...;...
00001240  8B 02 00 00 22 23 00 00  F0 0F F0 0D 00 00 B9 0B  ...."#..........
00001250  03 06 00 00 22 23 00 00  B0 0D D0 0D C7 05 04 0C  ...."#..........
00001260  A3 04 00 00 22 23 00 00  F0 0D 50 08 0D 05 7A 12  ...."#....P...z.
00001270  B0 F9 00 00 22 23 00 00  F0 0F F0 08 00 00 4C 14  ...."#........L.
00001280  59 FA 00 00 22 23 00 00  90 0E 10 09 81 03 27 14  Y..."#........'.
00001290  55 FB 00 00 22 23 00 00  F0 0C F0 09 A8 07 0C 12  U..."#..........
000012A0  56 FE 00 00 22 23 00 00  30 0E F0 0B 3B 04 AC 10  V..."#..0...;...
000012B0  8B 02 00 00 22 23 00 00  F0 0C 10 0C 82 07 1F 10  ...."#..........
000012C0  12 02 00 00 22 23 00 00  F0 0F 50 0C 14 00 8E 0F  ...."#....P.....
000012D0  D7 03 00 00 22 23 00 00  F0 0F D0 09 00 00 BA 14  ...."#..........
000012E0  77 FD 00 00 22 23 00 00  30 0E F0 0B C5 FB AC 10  w..."#..0.......
000012F0  8B 02 00 00 22 23 00 00  30 0E F0 0B C5 FB AC 10  ...."#..0.......
00001300  8B 02 00 00 22 23 00 00  F0 0C 10 0C 7E F8 1F 10  ...."#......~...
00001310  12 02 00 00 22 23 00 00  B0 0D D0 0D 39 FA 04 0C  ...."#......9...
00001320  A3 04 00 00 22 23 00 00  90 0E D0 09 B9 FC BA 14  ...."#..........
00001330  D2 FD 00 00 22 23 00 00  F0 0F F0 08 00 00 4C 14  ...."#........L.
00001340  59 FA 00 00 22 23 00 00  90 0E 10 09 7F FC 27 14  Y..."#........'.
00001350  55 FB 00 00 22 23 00 00  F0 0F D0 09 00 00 BA 14  U..."#..........
00001360  77 FD 00 00 22 23 00 00  F0 0F F0 08 00 00 4C 14  w..."#........L.
00001370  59 FA 00 00 22 23 00 00  90 0E D0 09 B9 FC BA 14  Y..."#..........
00001380  D2 FD 00 00 22 23 00 00  90 0E D0 09 B9 FC BA 14  ...."#..........
00001390  D2 FD 00 00 22 23 00 00  F0 0C F0 09 58 F8 0C 12  ...."#......X...
000013A0  56 FE 00 00 22 23 00 00  30 0E F0 0B C5 FB AC 10  V..."#..0.......
000013B0  8B 02 00 00 22 23 00 00  F0 0F F0 08 00 00 4C 14  ...."#........L.
000013C0  59 FA 00 00 22 23 00 00  F0 0F 70 07 00 00 7C 10  Y..."#....p...|.
000013D0  2F F7 00 00 22 23 00 00  F0 0D 50 08 F3 FA 7A 12  /..."#....P...z.
000013E0  B0 F9 00 00 22 23 00 00  F0 0F F0 0D 00 00 B9 0B  ...."#..........
000013F0  03 06 00 00 22 23 00 00  B0 0D D0 0D 39 FA 04 0C  ...."#......9...
00001400  A3 04 00 00 22 23 00 00  F0 0F F0 0F 00 00 21 06  ...."#........!.
00001410  D0 06 00 00 22 23 00 00  30 0E F0 0B C5 FB AC 10  ...."#..0.......
00001420  8B 02 00 00 22 23 00 00  F0 0F F0 0D 00 00 B9 0B  ...."#..........
00001430  03 06 00 00 22 23 00 00  F0 0F 50 0C 14 00 8E 0F  ...."#....P.....
00001440  D7 03 00 00 22 23 00 00  30 0E F0 0B C5 FB AC 10  ...."#..0.......
00001450  8B 02 00 00 22 23 00 00  B0 0D D0 0D 39 FA 04 0C  ...."#......9...
00001460  A3 04 00 00 22 23 00 00  F0 0F F0 0D 00 00 B9 0B  ...."#..........
00001470  03 06 00 00 22 23 00 00  F0 0D 50 08 F3 FA 7A 12  ...."#....P...z.
00001480  B0 F9 00 00 22 23 00 00  F0 0C F0 09 58 F8 0C 12  ...."#......X...
00001490  56 FE 00 00 22 23 00 00  90 0E 10 09 7F FC 27 14  V..."#........'.
000014A0  55 FB 00 00 22 23 00 00  F0 0C F0 09 58 F8 0C 12  U..."#......X...
000014B0  56 FE 00 00 22 23 00 00  F0 0C 10 0C 7E F8 1F 10  V..."#......~...
000014C0  12 02 00 00 22 23 00 00  30 0E F0 0B C5 FB AC 10  ...."#..0.......
000014D0  8B 02 00 00 22 23 00 00  F0 0D 50 08 0D 05 7A 12  ...."#....P...z.
000014E0  B0 F9 00 00 22 23 00 00  90 0E 10 09 81 03 27 14  ...."#........'.
000014F0  55 FB 00 00 22 23 00 00  F0 0C F0 09 A8 07 0C 12  U..."#..........
00001500  56 FE 00 00 22 23 00 00  F0 0D 50 08 F3 FA 7A 12  V..."#....P...z.
00001510  B0 F9 00 00 22 23 00 00  90 0E 10 09 7F FC 27 14  ...."#........'.
00001520  55 FB 00 00 22 23 00 00  F0 0F F0 08 00 00 4C 14  U..."#........L.
00001530  59 FA 00 00 22 23 00 00  90 0E D0 09 B9 FC BA 14  Y..."#..........
00001540  D2 FD 00 00 22 23 00 00  90 0E 10 09 7F FC 27 14  ...."#........'.
00001550  55 FB 00 00 22 23 00 00  F0 0C F0 09 58 F8 0C 12  U..."#......X...
00001560  56 FE 00 00 22 23 00 00  90 0E D0 09 47 03 BA 14  V..."#......G...
00001570  D2 FD 00 00 22 23 00 00  90 0E 10 09 81 03 27 14  ...."#........'.
00001580  55 FB 00 00 22 23 00 00  F0 0F F0 08 00 00 4C 14  U..."#........L.
00001590  59 FA 00 00 22 23 00 00  90 0E D0 09 47 03 BA 14  Y..."#......G...
000015A0  D2 FD 00 00 22 23 00 00  30 0E F0 0B 3B 04 AC 10  ...."#..0...;...
000015B0  8B 02 00 00 22 23 00 00  F0 0C F0 09 A8 07 0C 12  ...."#..........
000015C0  56 FE 00 00 22 23 00 00  30 0E F0 0B 3B 04 AC 10  V..."#..0...;...
000015D0  8B 02 00 00 22 23 00 00  90 0E D0 09 47 03 BA 14  ...."#......G...
000015E0  D2 FD 00 00 22 23 00 00  F0 0F D0 09 00 00 BA 14  ...."#..........
000015F0  77 FD 00 00 22 23 00 00  30 0E F0 0B C5 FB AC 10  w..."#..0.......
00001600  8B 02 00 00 22 23 00 00  F0 0F D0 09 00 00 BA 14  ...."#..........
00001610  77 FD 00 00 22 23 00 00  90 0E D0 09 B9 FC BA 14  w..."#..........
00001620  D2 FD 00 00 01 00 00 00  08 00 00 00 02 00 01 7C  ...............|
00001630  08 00 00 00 03 00 00 00  60 0E 00 00 E4 00 10 29  ........`......)
00001640  00 00 00 00 00 00 00 00  00 00 00 00 00 00 00 00  ................
00001650  00 00 00 00 22 23 00 00  D0 0C F0 0B 00 00 6C 0A  ...."#........l.
00001660  B2 F4 00 00 22 23 00 00  B0 0A 10 0A B4 07 C4 10  ...."#..........
00001670  60 F8 00 00 22 23 00 00  B0 0A F0 0B 9C 07 9E 0A  `..."#..........
00001680  AD F7 00 00 22 23 00 00  10 05 B0 0B AB 05 04 0C  ...."#..........
00001690  44 05 00 00 22 23 00 00  2C 03 80 0D 00 00 3D 06  D..."#..,.....=.
000016A0  A0 07 00 00 22 23 00 00  50 06 50 0C D8 09 BF 09  ...."#..P.P.....
000016B0  4F 04 00 00 22 23 00 00  50 08 50 09 F8 0A F1 11  O..."#..P.P.....
000016C0  88 FE 00 00 22 23 00 00  D0 08 F0 0A F1 0C E8 0D  ...."#..........
000016D0  53 FD 00 00 22 23 00 00  F0 09 50 0A D5 0A A4 0F  S..."#....P.....
000016E0  96 F9 00 00 22 23 00 00  B0 0A 10 0A B4 07 C4 10  ...."#..........
000016F0  60 F8 00 00 22 23 00 00  F0 09 10 08 F8 0A F1 11  `..."#..........
00001700  88 FE 00 00 22 23 00 00  F0 09 50 0A D5 0A A4 0F  ...."#....P.....
00001710  96 F9 00 00 22 23 00 00  F0 07 90 0E 79 09 DD 02  ...."#......y...
00001720  A4 FF 00 00 22 23 00 00  50 07 70 10 00 00 F1 FD  ...."#..P.p.....
00001730  83 00 00 00 22 23 00 00  30 0A 90 0E B1 07 90 02  ...."#..0.......
00001740  FE F9 00 00 22 23 00 00  2C 03 90 0E 00 00 7C 03  ...."#..,.....|.
00001750  AB 07 00 00 22 23 00 00  B0 05 90 0D E2 07 E8 05  ...."#..........
00001760  33 05 00 00 22 23 00 00  2C 03 80 0D 00 00 3D 06  3..."#..,.....=.
00001770  A0 07 00 00 22 23 00 00  D0 0C D0 09 00 00 D1 11  ...."#..........
00001780  10 F7 00 00 22 23 00 00  70 0B 50 09 F0 04 C4 12  ...."#..p.P.....
00001790  5E F9 00 00 22 23 00 00  B0 0A 10 0A B4 07 C4 10  ^..."#..........
000017A0  60 F8 00 00 22 23 00 00  70 05 30 0A 82 07 D7 10  `..."#..p.0.....
000017B0  7F 02 00 00 22 23 00 00  10 05 B0 0B AB 05 04 0C  ...."#..........
000017C0  44 05 00 00 22 23 00 00  50 06 30 0A C3 0A D7 0F  D..."#..P.0.....
000017D0  D6 01 00 00 22 23 00 00  50 06 30 0A C3 0A D7 0F  ...."#..P.0.....
000017E0  D6 01 00 00 22 23 00 00  50 06 D0 08 F8 0A F1 11  ...."#..P.......
000017F0  88 FE 00 00 22 23 00 00  70 05 30 0A 82 07 D7 10  ...."#..p.0.....
00001800  7F 02 00 00 22 23 00 00  B0 0A F0 0B 9C 07 9E 0A  ...."#..........
00001810  AD F7 00 00 22 23 00 00  F0 09 50 0A D5 0A A4 0F  ...."#....P.....
00001820  96 F9 00 00 22 23 00 00  D0 08 70 0C A3 0B 64 09  ...."#....p...d.
00001830  41 FD 00 00 22 23 00 00  90 04 10 0F 5F 04 EA 01  A..."#......_...
00001840  0F 06 00 00 22 23 00 00  2C 03 90 0E 00 00 7C 03  ...."#..,.....|.
00001850  AB 07 00 00 22 23 00 00  2C 03 70 10 00 00 F1 FD  ...."#..,.p.....
00001860  83 00 00 00 22 23 00 00  D0 0C 70 10 00 00 F1 FD  ...."#....p.....
00001870  83 00 00 00 22 23 00 00  D0 0C 90 0E 00 00 22 02  ...."#........".
00001880  B9 F7 00 00 22 23 00 00  B0 0A 90 0E B1 07 90 02  ...."#..........
00001890  FE F9 00 00 22 23 00 00  B0 0A F0 0B 64 F8 9E 0A  ...."#......d...
000018A0  AD F7 00 00 22 23 00 00  F0 09 50 0A 2B F5 A4 0F  ...."#....P.+...
000018B0  96 F9 00 00 22 23 00 00  B0 0A 10 0A 4C F8 C4 10  ...."#......L...
000018C0  60 F8 00 00 22 23 00 00  10 00 50 0C 28 F6 BF 09  `..."#....P.(...
000018D0  4F 04 00 00 22 23 00 00  2C 03 80 0D 00 00 3D 06  O..."#..,.....=.
000018E0  A0 07 00 00 22 23 00 00  50 01 B0 0B 55 FA 04 0C  ...."#..P...U...
000018F0  44 05 00 00 22 23 00 00  50 08 50 09 08 F5 F1 11  D..."#..P.P.....
00001900  88 FE 00 00 22 23 00 00  D0 08 F0 0A 0F F3 E8 0D  ...."#..........
00001910  53 FD 00 00 22 23 00 00  10 07 30 0A 3D F5 D7 0F  S..."#....0.=...
00001920  D6 01 00 00 22 23 00 00  B0 05 90 0E 1A F8 2B 03  ...."#........+.
00001930  1F 05 00 00 22 23 00 00  F0 07 90 0E 87 F6 DD 02  ...."#..........
00001940  A4 FF 00 00 22 23 00 00  50 07 70 10 00 00 F1 FD  ...."#..P.p.....
00001950  83 00 00 00 22 23 00 00  2C 03 90 0E 00 00 7C 03  ...."#..,.....|.
00001960  AB 07 00 00 22 23 00 00  2C 03 80 0D 00 00 3D 06  ...."#..,.....=.
00001970  A0 07 00 00 22 23 00 00  B0 00 90 0D 1E F8 E8 05  ...."#..........
00001980  33 05 00 00 22 23 00 00  F0 07 90 0E 87 F6 DD 02  3..."#..........
00001990  A4 FF 00 00 22 23 00 00  B0 05 90 0D 1E F8 E8 05  ...."#..........
000019A0  33 05 00 00 22 23 00 00  F0 07 90 0D 93 F6 C3 05  3..."#..........
000019B0  88 FF 00 00 22 23 00 00  D0 0A 10 08 0E F8 F1 12  ...."#..........
000019C0  5C FE 00 00 22 23 00 00  70 0B 50 09 10 FB C4 12  \..."#..p.P.....
000019D0  5E F9 00 00 22 23 00 00  F0 09 10 08 08 F5 F1 11  ^..."#..........
000019E0  88 FE 00 00 22 23 00 00  F0 00 D0 08 0E F8 F1 12  ...."#..........
000019F0  5C FE 00 00 22 23 00 00  10 00 D0 08 08 F5 F1 11  \..."#..........
00001A00  88 FE 00 00 22 23 00 00  F0 00 30 0A 7E F8 D7 10  ...."#....0.~...
00001A10  7F 02 00 00 22 23 00 00  D0 01 10 0F A1 FB EA 01  ...."#..........
00001A20  0F 06 00 00 22 23 00 00  2C 03 70 10 00 00 F1 FD  ...."#..,.p.....
00001A30  83 00 00 00 22 23 00 00  2C 03 90 0E 00 00 7C 03  ...."#..,.....|.
00001A40  AB 07 00 00 22 23 00 00  D0 0C 70 10 00 00 F1 FD  ...."#....p.....
00001A50  83 00 00 00 22 23 00 00  B0 0A 90 0E 4F F8 90 02  ...."#......O...
00001A60  FE F9 00 00 22 23 00 00  D0 0C 90 0E 00 00 22 02  ...."#........".
00001A70  B9 F7 00 00 22 23 00 00  B0 0A F0 0B 64 F8 9E 0A  ...."#......d...
00001A80  AD F7 00 00 22 23 00 00  30 0A 90 0D 5E F8 9E 05  ...."#..0...^...
00001A90  4B F9 00 00 22 23 00 00  D0 08 70 0C 5D F4 64 09  K..."#....p.].d.
00001AA0  41 FD 00 00 22 23 00 00  F0 00 30 0A 7E F8 D7 10  A..."#....0.~...
00001AB0  7F 02 00 00 22 23 00 00  10 00 30 0A 3D F5 D7 0F  ...."#....0.=...
00001AC0  D6 01 00 00 22 23 00 00  50 01 B0 0B 55 FA 04 0C  ...."#..P...U...
00001AD0  44 05 00 00 22 23 00 00  D0 08 70 0C A3 0B 64 09  D..."#....p...d.
00001AE0  41 FD 00 00 22 23 00 00  F0 07 90 0D 6D 09 C3 05  A..."#......m...
00001AF0  88 FF 00 00 22 23 00 00  30 0A 90 0D A2 07 9E 05  ...."#..0.......
00001B00  4B F9 00 00 22 23 00 00  50 06 30 0A C3 0A D7 0F  K..."#..P.0.....
00001B10  D6 01 00 00 22 23 00 00  10 05 B0 0B AB 05 04 0C  ...."#..........
00001B20  44 05 00 00 22 23 00 00  50 06 50 0C D8 09 BF 09  D..."#..P.P.....
00001B30  4F 04 00 00 22 23 00 00  50 01 B0 0B 55 FA 04 0C  O..."#..P...U...
00001B40  44 05 00 00 22 23 00 00  10 00 30 0A 3D F5 D7 0F  D..."#....0.=...
00001B50  D6 01 00 00 22 23 00 00  10 00 50 0C 28 F6 BF 09  ...."#....P.(...
00001B60  4F 04 00 00 22 23 00 00  D0 08 70 0C 5D F4 64 09  O..."#....p.].d.
00001B70  41 FD 00 00 22 23 00 00  50 06 50 0C 28 F6 BF 09  A..."#..P.P.(...
00001B80  4F 04 00 00 22 23 00 00  D0 08 F0 0A 0F F3 E8 0D  O..."#..........
00001B90  53 FD 00 00 22 23 00 00  F0 07 90 0E 79 09 DD 02  S..."#......y...
00001BA0  A4 FF 00 00 22 23 00 00  30 0A 90 0D A2 07 9E 05  ...."#..0.......
00001BB0  4B F9 00 00 22 23 00 00  F0 07 90 0D 6D 09 C3 05  K..."#......m...
00001BC0  88 FF 00 00 22 23 00 00  D0 08 70 0C 5D F4 64 09  ...."#....p.].d.
00001BD0  41 FD 00 00 22 23 00 00  F0 07 90 0D 93 F6 C3 05  A..."#..........
00001BE0  88 FF 00 00 22 23 00 00  50 06 50 0C 28 F6 BF 09  ...."#..P.P.(...
00001BF0  4F 04 00 00 22 23 00 00  B0 0A F0 0B 9C 07 9E 0A  O..."#..........
00001C00  AD F7 00 00 22 23 00 00  D0 08 70 0C A3 0B 64 09  ...."#....p...d.
00001C10  41 FD 00 00 22 23 00 00  30 0A 90 0D A2 07 9E 05  A..."#..0.......
00001C20  4B F9 00 00 22 23 00 00  50 08 50 09 F8 0A F1 11  K..."#..P.P.....
00001C30  88 FE 00 00 22 23 00 00  10 07 30 0A C3 0A D7 0F  ...."#....0.....
00001C40  D6 01 00 00 22 23 00 00  D0 08 F0 0A F1 0C E8 0D  ...."#..........
00001C50  53 FD 00 00 22 23 00 00  50 06 50 0C D8 09 BF 09  S..."#..P.P.....
00001C60  4F 04 00 00 22 23 00 00  D0 08 F0 0A F1 0C E8 0D  O..."#..........
00001C70  53 FD 00 00 22 23 00 00  10 07 30 0A C3 0A D7 0F  S..."#....0.....
00001C80  D6 01 00 00 22 23 00 00  50 08 50 09 08 F5 F1 11  ...."#..P.P.....
00001C90  88 FE 00 00 22 23 00 00  F0 09 50 0A 2B F5 A4 0F  ...."#....P.+...
00001CA0  96 F9 00 00 22 23 00 00  D0 08 F0 0A 0F F3 E8 0D  ...."#..........
00001CB0  53 FD 00 00 22 23 00 00  F0 09 50 0A 2B F5 A4 0F  S..."#....P.+...
00001CC0  96 F9 00 00 22 23 00 00  D0 08 70 0C 5D F4 64 09  ...."#....p.].d.
00001CD0  41 FD 00 00 22 23 00 00  D0 08 F0 0A 0F F3 E8 0D  A..."#..........
00001CE0  53 FD 00 00 22 23 00 00  B0 0A F0 0B 9C 07 9E 0A  S..."#..........
00001CF0  AD F7 00 00 22 23 00 00  B0 0A 10 0A B4 07 C4 10  ...."#..........
00001D00  60 F8 00 00 22 23 00 00  F0 09 50 0A D5 0A A4 0F  `..."#....P.....
00001D10  96 F9 00 00 22 23 00 00  D0 0C D0 09 00 00 D1 11  ...."#..........
00001D20  10 F7 00 00 22 23 00 00  B0 0A 10 0A 4C F8 C4 10  ...."#......L...
00001D30  60 F8 00 00 22 23 00 00  70 0B 50 09 10 FB C4 12  `..."#..p.P.....
00001D40  5E F9 00 00 22 23 00 00  B0 0A F0 0B 64 F8 9E 0A  ^..."#......d...
00001D50  AD F7 00 00 22 23 00 00  B0 0A 10 0A 4C F8 C4 10  ...."#......L...
00001D60  60 F8 00 00 22 23 00 00  D0 0C F0 0B 00 00 6C 0A  `..."#........l.
00001D70  B2 F4 00 00 22 23 00 00  D0 0C F0 0B 00 00 6C 0A  ...."#........l.
00001D80  B2 F4 00 00 22 23 00 00  B0 0A 10 0A 4C F8 C4 10  ...."#......L...
00001D90  60 F8 00 00 22 23 00 00  D0 0C D0 09 00 00 D1 11  `..."#..........
00001DA0  10 F7 00 00 22 23 00 00  D0 0C D0 09 00 00 D1 11  ...."#..........
00001DB0  10 F7 00 00 22 23 00 00  B0 0A 10 0A B4 07 C4 10  ...."#..........
00001DC0  60 F8 00 00 22 23 00 00  D0 0C F0 0B 00 00 6C 0A  `..."#........l.
00001DD0  B2 F4 00 00 22 23 00 00  B0 00 90 0D 1E F8 E8 05  ...."#..........
00001DE0  33 05 00 00 22 23 00 00  2C 03 80 0D 00 00 3D 06  3..."#..,.....=.
00001DF0  A0 07 00 00 22 23 00 00  10 00 50 0C 28 F6 BF 09  ...."#....P.(...
00001E00  4F 04 00 00 22 23 00 00  50 06 50 0C D8 09 BF 09  O..."#..P.P.....
00001E10  4F 04 00 00 22 23 00 00  2C 03 80 0D 00 00 3D 06  O..."#..,.....=.
00001E20  A0 07 00 00 22 23 00 00  B0 05 90 0D E2 07 E8 05  ...."#..........
00001E30  33 05 00 00 22 23 00 00  F0 09 10 08 08 F5 F1 11  3..."#..........
00001E40  88 FE 00 00 22 23 00 00  B0 0A 10 0A 4C F8 C4 10  ...."#......L...
00001E50  60 F8 00 00 22 23 00 00  F0 09 50 0A 2B F5 A4 0F  `..."#....P.+...
00001E60  96 F9 00 00 22 23 00 00  D0 0A 10 08 F2 07 F1 12  ...."#..........
00001E70  5C FE 00 00 22 23 00 00  F0 09 10 08 F8 0A F1 11  \..."#..........
00001E80  88 FE 00 00 22 23 00 00  70 0B 50 09 F0 04 C4 12  ...."#..p.P.....
00001E90  5E F9 00 00 22 23 00 00  70 0B 50 09 F0 04 C4 12  ^..."#..p.P.....
00001EA0  5E F9 00 00 22 23 00 00  F0 09 10 08 F8 0A F1 11  ^..."#..........
00001EB0  88 FE 00 00 22 23 00 00  B0 0A 10 0A B4 07 C4 10  ...."#..........
00001EC0  60 F8 00 00 22 23 00 00  F0 09 10 08 08 F5 F1 11  `..."#..........
00001ED0  88 FE 00 00 22 23 00 00  70 0B 50 09 10 FB C4 12  ...."#..p.P.....
00001EE0  5E F9 00 00 22 23 00 00  B0 0A 10 0A 4C F8 C4 10  ^..."#......L...
00001EF0  60 F8 00 00 22 23 00 00  B0 00 90 0E 1A F8 2B 03  `..."#........+.
00001F00  1F 05 00 00 22 23 00 00  2C 03 70 10 00 00 F1 FD  ...."#..,.p.....
00001F10  83 00 00 00 22 23 00 00  D0 01 10 0F A1 FB EA 01  ...."#..........
00001F20  0F 06 00 00 22 23 00 00  B0 05 90 0E E6 07 2B 03  ...."#........+.
00001F30  1F 05 00 00 22 23 00 00  90 04 10 0F 5F 04 EA 01  ...."#......_...
00001F40  0F 06 00 00 22 23 00 00  2C 03 70 10 00 00 F1 FD  ...."#..,.p.....
00001F50  83 00 00 00 22 23 00 00  D0 08 70 0C 5D F4 64 09  ...."#....p.].d.
00001F60  41 FD 00 00 22 23 00 00  30 0A 90 0D 5E F8 9E 05  A..."#..0...^...
00001F70  4B F9 00 00 22 23 00 00  F0 07 90 0D 93 F6 C3 05  K..."#..........
00001F80  88 FF 00 00 22 23 00 00  30 0A 90 0D 5E F8 9E 05  ...."#..0...^...
00001F90  4B F9 00 00 22 23 00 00  F0 07 90 0E 87 F6 DD 02  K..."#..........
00001FA0  A4 FF 00 00 22 23 00 00  F0 07 90 0D 93 F6 C3 05  ...."#..........
00001FB0  88 FF 00 00 22 23 00 00  50 07 70 10 00 00 F1 FD  ...."#..P.p.....
00001FC0  83 00 00 00 22 23 00 00  F0 07 90 0E 87 F6 DD 02  ...."#..........
00001FD0  A4 FF 00 00 22 23 00 00  30 0A 90 0E 4F F8 90 02  ...."#..0...O...
00001FE0  FE F9 00 00 22 23 00 00  F0 07 90 0D 6D 09 C3 05  ...."#......m...
00001FF0  88 FF 00 00 22 23 00 00  50 06 50 0C D8 09 BF 09  ...."#..P.P.....
00002000  4F 04 00 00 22 23 00 00  B0 05 90 0D E2 07 E8 05  O..."#..........
00002010  33 05 00 00 22 23 00 00  F0 07 90 0E 79 09 DD 02  3..."#......y...
00002020  A4 FF 00 00 22 23 00 00  F0 07 90 0D 6D 09 C3 05  ...."#......m...
00002030  88 FF 00 00 22 23 00 00  B0 05 90 0D E2 07 E8 05  ...."#..........
00002040  33 05 00 00 22 23 00 00  B0 05 90 0E E6 07 2B 03  3..."#........+.
00002050  1F 05 00 00 22 23 00 00  50 07 70 10 00 00 F1 FD  ...."#..P.p.....
00002060  83 00 00 00 22 23 00 00  F0 07 90 0E 79 09 DD 02  ...."#......y...
00002070  A4 FF 00 00 22 23 00 00  D0 08 70 0C A3 0B 64 09  ...."#....p...d.
00002080  41 FD 00 00 22 23 00 00  50 06 50 0C D8 09 BF 09  A..."#..P.P.....
00002090  4F 04 00 00 22 23 00 00  F0 07 90 0D 6D 09 C3 05  O..."#......m...
000020A0  88 FF 00 00 22 23 00 00  50 06 50 0C 28 F6 BF 09  ...."#..P.P.(...
000020B0  4F 04 00 00 22 23 00 00  F0 07 90 0D 93 F6 C3 05  O..."#..........
000020C0  88 FF 00 00 22 23 00 00  B0 05 90 0D 1E F8 E8 05  ...."#..........
000020D0  33 05 00 00 22 23 00 00  30 0A 90 0E 4F F8 90 02  3..."#..0...O...
000020E0  FE F9 00 00 22 23 00 00  F0 07 90 0E 87 F6 DD 02  ...."#..........
000020F0  A4 FF 00 00 22 23 00 00  30 0A 90 0D 5E F8 9E 05  ...."#..0...^...
00002100  4B F9 00 00 22 23 00 00  F0 07 90 0E 87 F6 DD 02  K..."#..........
00002110  A4 FF 00 00 22 23 00 00  B0 05 90 0E 1A F8 2B 03  ...."#........+.
00002120  1F 05 00 00 22 23 00 00  B0 05 90 0D 1E F8 E8 05  ...."#..........
00002130  33 05 00 00 22 23 00 00  F0 07 90 0E 79 09 DD 02  3..."#......y...
00002140  A4 FF 00 00 22 23 00 00  B0 05 90 0D E2 07 E8 05  ...."#..........
00002150  33 05 00 00 22 23 00 00  B0 05 90 0E E6 07 2B 03  3..."#........+.
00002160  1F 05 00 00 22 23 00 00  30 0A 90 0E B1 07 90 02  ...."#..0.......
00002170  FE F9 00 00 22 23 00 00  30 0A 90 0D A2 07 9E 05  ...."#..0.......
00002180  4B F9 00 00 22 23 00 00  F0 07 90 0E 79 09 DD 02  K..."#......y...
00002190  A4 FF 00 00 22 23 00 00  F0 00 30 0A 7E F8 D7 10  ...."#....0.~...
000021A0  7F 02 00 00 22 23 00 00  10 00 D0 08 08 F5 F1 11  ...."#..........
000021B0  88 FE 00 00 22 23 00 00  10 00 30 0A 3D F5 D7 0F  ...."#....0.=...
000021C0  D6 01 00 00 22 23 00 00  70 05 30 0A 82 07 D7 10  ...."#..p.0.....
000021D0  7F 02 00 00 22 23 00 00  50 06 D0 08 F8 0A F1 11  ...."#..P.......
000021E0  88 FE 00 00 22 23 00 00  70 05 D0 08 F2 07 F1 12  ...."#..p.......
000021F0  5C FE 00 00 22 23 00 00  50 00 F0 0F F2 07 F1 12  \..."#..P.......
00002200  5C FE 00 00 22 23 00 00  00 00 90 0C 00 00 C4 04  \..."#..........
00002210  3E FD 00 00 22 23 00 00  B0 FF F0 0F 82 07 D7 10  >..."#..........
00002220  7F 02 00 00 22 23 00 00  50 00 F0 0F 0E F8 F1 12  ...."#..P.......
00002230  5C FE 00 00 22 23 00 00  B0 FF F0 0F 7E F8 D7 10  \..."#......~...
00002240  7F 02 00 00 22 23 00 00  00 00 90 0C 00 00 C4 04  ...."#..........
00002250  3E FD 00 00 22 23 00 00  00 00 90 0C 00 00 C4 04  >..."#..........
00002260  3E FD 00 00 22 23 00 00  50 00 F0 0F 7E F8 D7 10  >..."#..P...~...
00002270  7F 02 00 00 22 23 00 00  B0 FF F0 0F 55 FA 04 0C  ...."#......U...
00002280  44 05 00 00 22 23 00 00  00 00 90 0C 00 00 C4 04  D..."#..........
00002290  3E FD 00 00 22 23 00 00  50 00 F0 0F 55 FA 04 0C  >..."#..P...U...
000022A0  44 05 00 00 22 23 00 00  B0 FF F0 0F 00 00 3D 06  D..."#........=.
000022B0  A0 07 00 00 22 23 00 00  00 00 90 0C 00 00 C4 04  ...."#..........
000022C0  3E FD 00 00 22 23 00 00  B0 FF F0 0F 00 00 3D 06  >..."#........=.
000022D0  A0 07 00 00 22 23 00 00  50 00 F0 0F AB 05 04 0C  ...."#..P.......
000022E0  44 05 00 00 22 23 00 00  00 00 90 0C 00 00 C4 04  D..."#..........
000022F0  3E FD 00 00 22 23 00 00  B0 FF F0 0F AB 05 04 0C  >..."#..........
00002300  44 05 00 00 22 23 00 00  50 00 F0 0F 82 07 D7 10  D..."#..P.......
00002310  7F 02 00 00 22 23 00 00  50 00 F0 0F F0 04 C4 12  ...."#..P.......
00002320  5E F9 00 00 22 23 00 00  00 00 90 0C 00 00 C4 04  ^..."#..........
00002330  3E FD 00 00 22 23 00 00  B0 FF F0 0F F2 07 F1 12  >..."#..........
00002340  5C FE 00 00 22 23 00 00  50 00 F0 0F 00 00 D1 11  \..."#..P.......
00002350  10 F7 00 00 22 23 00 00  00 00 90 0C 00 00 C4 04  ...."#..........
00002360  3E FD 00 00 22 23 00 00  B0 FF F0 0F F0 04 C4 12  >..."#..........
00002370  5E F9 00 00 22 23 00 00  B0 FF F0 0F 10 FB C4 12  ^..."#..........
00002380  5E F9 00 00 22 23 00 00  00 00 90 0C 00 00 C4 04  ^..."#..........
00002390  3E FD 00 00 22 23 00 00  50 00 F0 0F 00 00 D1 11  >..."#..P.......
000023A0  10 F7 00 00 22 23 00 00  B0 FF F0 0F 0E F8 F1 12  ...."#..........
000023B0  5C FE 00 00 22 23 00 00  00 00 90 0C 00 00 C4 04  \..."#..........
000023C0  3E FD 00 00 22 23 00 00  50 00 F0 0F 10 FB C4 12  >..."#..P.......
000023D0  5E F9 00 00 22 23 00 00  D0 08 70 0C A3 0B 64 09  ^..."#....p...d.
000023E0  41 FD 00 00 22 23 00 00  F0 09 50 0A D5 0A A4 0F  A..."#....P.....
000023F0  96 F9 00 00 22 23 00 00  D0 08 F0 0A F1 0C E8 0D  ...."#..........
00002400  53 FD 00 00 22 23 00 00  B0 0A F0 0B 64 F8 9E 0A  S..."#......d...
00002410  AD F7 00 00 22 23 00 00  D0 08 70 0C 5D F4 64 09  ...."#....p.].d.
00002420  41 FD 00 00 22 23 00 00  F0 09 50 0A 2B F5 A4 0F  A..."#....P.+...
00002430  96 F9 00 00 22 23 00 00  D0 08 70 0C A3 0B 64 09  ...."#....p...d.
00002440  41 FD 00 00 22 23 00 00  D0 08 F0 0A F1 0C E8 0D  A..."#..........
00002450  53 FD 00 00 22 23 00 00  50 06 50 0C D8 09 BF 09  S..."#..P.P.....
00002460  4F 04 00 00 22 23 00 00  D0 08 F0 0A 0F F3 E8 0D  O..."#..........
00002470  53 FD 00 00 22 23 00 00  50 06 50 0C 28 F6 BF 09  S..."#..P.P.(...
00002480  4F 04 00 00 22 23 00 00  10 07 30 0A 3D F5 D7 0F  O..."#....0.=...
00002490  D6 01 00 00 04 00 00 00  A0 01 00 00 18 00 10 29  ...............)
000024A0  00 00 00 00 00 00 00 00  00 00 00 00 00 00 00 00  ................
000024B0  00 00 00 00 22 23 00 00  D0 0C 90 0D 00 00 4E 05  ...."#........N.
000024C0  A7 F6 00 00 22 23 00 00  D0 0C F0 0B 00 00 6C 0A  ...."#........l.
000024D0  B2 F4 00 00 22 23 00 00  B0 0A F0 0B 9C 07 9E 0A  ...."#..........
000024E0  AD F7 00 00 22 23 00 00  B0 0A 90 0D A2 07 9E 05  ...."#..........
000024F0  4B F9 00 00 22 23 00 00  D0 0C 90 0D 00 00 4E 05  K..."#........N.
00002500  A7 F6 00 00 22 23 00 00  B0 0A 90 0D 5E F8 9E 05  ...."#......^...
00002510  4B F9 00 00 22 23 00 00  B0 0A F0 0B 64 F8 9E 0A  K..."#......d...
00002520  AD F7 00 00 22 23 00 00  D0 0C F0 0B 00 00 6C 0A  ...."#........l.
00002530  B2 F4 00 00 22 23 00 00  2C 03 90 0E 00 00 7C 03  ...."#..,.....|.
00002540  AB 07 00 00 22 23 00 00  B0 00 90 0D 1E F8 E8 05  ...."#..........
00002550  33 05 00 00 22 23 00 00  B0 00 90 0E 1A F8 2B 03  3..."#........+.
00002560  1F 05 00 00 22 23 00 00  D0 01 10 0F A1 FB EA 01  ...."#..........
00002570  0F 06 00 00 22 23 00 00  2C 03 90 0E 00 00 7C 03  ...."#..,.....|.
00002580  AB 07 00 00 22 23 00 00  90 04 10 0F 5F 04 EA 01  ...."#......_...
00002590  0F 06 00 00 22 23 00 00  B0 05 90 0E E6 07 2B 03  ...."#........+.
000025A0  1F 05 00 00 22 23 00 00  B0 05 90 0D E2 07 E8 05  ...."#..........
000025B0  33 05 00 00 22 23 00 00  D0 0C 90 0E 00 00 22 02  3..."#........".
000025C0  B9 F7 00 00 22 23 00 00  D0 0C 90 0D 00 00 4E 05  ...."#........N.
000025D0  A7 F6 00 00 22 23 00 00  B0 0A 90 0D A2 07 9E 05  ...."#..........
000025E0  4B F9 00 00 22 23 00 00  B0 0A 90 0E B1 07 90 02  K..."#..........
000025F0  FE F9 00 00 22 23 00 00  D0 0C 90 0E 00 00 22 02  ...."#........".
00002600  B9 F7 00 00 22 23 00 00  B0 0A 90 0E 4F F8 90 02  ...."#......O...
00002610  FE F9 00 00 22 23 00 00  B0 0A 90 0D 5E F8 9E 05  ...."#......^...
00002620  4B F9 00 00 22 23 00 00  D0 0C 90 0D 00 00 4E 05  K..."#........N.
00002630  A7 F6 00 00 01 00 00 00  08 00 00 00 02 00 00 7C  ...............|
00002640  08 00 00 00 03 00 00 00  40 04 00 00 42 00 10 29  ........@...B..)
00002650  00 00 00 00 00 00 00 00  00 00 00 00 00 00 00 00  ................
00002660  00 00 00 00 22 23 00 00  D0 0D 90 0C 09 03 82 FE  ...."#..........
00002670  70 03 00 00 22 23 00 00  90 0C 50 0D 00 00 2F FA  p..."#....P.../.
00002680  BC FF 00 00 22 23 00 00  D0 0D F0 0D AC 04 7A FF  ...."#........z.
00002690  36 00 00 00 22 23 00 00  F0 0F 90 0C EF 02 64 04  6..."#........d.
000026A0  E9 03 00 00 22 23 00 00  F0 0F F0 0D D7 03 56 05  ...."#........V.
000026B0  9E 01 00 00 22 23 00 00  B0 0F 50 0D 00 00 CC 06  ...."#....P.....
000026C0  BC 02 00 00 22 23 00 00  90 0C F0 0E 00 00 2F FA  ...."#......../.
000026D0  BC FF 00 00 22 23 00 00  D0 0D F0 0F 00 00 26 00  ...."#........&.
000026E0  7E FC 00 00 22 23 00 00  D0 0D F0 0E 5D 03 06 00  ~..."#......]...
000026F0  63 FD 00 00 22 23 00 00  B0 0F F0 0E 00 00 CC 06  c..."#..........
00002700  BC 02 00 00 22 23 00 00  F0 0F F0 0E EF 02 C4 05  ...."#..........
00002710  7D FF 00 00 22 23 00 00  F0 0F F0 0F 00 00 D2 05  }..."#..........
00002720  AC FE 00 00 22 23 00 00  F0 0F 30 0B 00 00 9C 03  ...."#....0.....
00002730  70 05 00 00 22 23 00 00  F0 0F 90 0C EF 02 64 04  p..."#........d.
00002740  E9 03 00 00 22 23 00 00  B0 0F F0 0B 00 00 CC 06  ...."#..........
00002750  BC 02 00 00 22 23 00 00  70 0E 30 0B 00 00 69 FF  ...."#..p.0...i.
00002760  9B 04 00 00 22 23 00 00  F0 0F 90 0C EF 02 64 04  ...."#........d.
00002770  E9 03 00 00 22 23 00 00  F0 0F 30 0B 00 00 9C 03  ...."#....0.....
00002780  70 05 00 00 22 23 00 00  90 0C 30 0B 00 00 35 FC  p..."#....0...5.
00002790  38 05 00 00 22 23 00 00  90 0C 90 0C 00 00 2F FA  8..."#......../.
000027A0  BC FF 00 00 22 23 00 00  D0 0D 90 0C 09 03 82 FE  ...."#..........
000027B0  70 03 00 00 22 23 00 00  D0 0D 90 0C F7 FC 82 FE  p..."#..........
000027C0  70 03 00 00 22 23 00 00  D0 0D F0 0D 54 FB 7A FF  p..."#......T.z.
000027D0  36 00 00 00 22 23 00 00  90 0C 50 0D 00 00 2F FA  6..."#....P.../.
000027E0  BC FF 00 00 22 23 00 00  F0 0F 90 0C 11 FD 64 04  ...."#........d.
000027F0  E9 03 00 00 22 23 00 00  B0 0F 50 0D 00 00 CC 06  ...."#....P.....
00002800  BC 02 00 00 22 23 00 00  F0 0F F0 0D 29 FC 56 05  ...."#......).V.
00002810  9E 01 00 00 22 23 00 00  90 0C F0 0E 00 00 2F FA  ...."#......../.
00002820  BC FF 00 00 22 23 00 00  D0 0D F0 0E A3 FC 06 00  ...."#..........
00002830  63 FD 00 00 22 23 00 00  D0 0D F0 0F 00 00 26 00  c..."#........&.
00002840  7E FC 00 00 22 23 00 00  F0 0F F0 0E 11 FD C4 05  ~..."#..........
00002850  7D FF 00 00 22 23 00 00  B0 0F F0 0E 00 00 CC 06  }..."#..........
00002860  BC 02 00 00 22 23 00 00  F0 0F F0 0F 00 00 D2 05  ...."#..........
00002870  AC FE 00 00 22 23 00 00  F0 0F 30 0B 00 00 9C 03  ...."#....0.....
00002880  70 05 00 00 22 23 00 00  B0 0F F0 0B 00 00 CC 06  p..."#..........
00002890  BC 02 00 00 22 23 00 00  F0 0F 90 0C 11 FD 64 04  ...."#........d.
000028A0  E9 03 00 00 22 23 00 00  70 0E 30 0B 00 00 69 FF  ...."#..p.0...i.
000028B0  9B 04 00 00 22 23 00 00  F0 0F 30 0B 00 00 9C 03  ...."#....0.....
000028C0  70 05 00 00 22 23 00 00  F0 0F 90 0C 11 FD 64 04  p..."#........d.
000028D0  E9 03 00 00 22 23 00 00  90 0C 30 0B 00 00 35 FC  ...."#....0...5.
000028E0  38 05 00 00 22 23 00 00  D0 0D 90 0C F7 FC 82 FE  8..."#..........
000028F0  70 03 00 00 22 23 00 00  90 0C 90 0C 00 00 2F FA  p..."#......../.
00002900  BC FF 00 00 22 23 00 00  D0 0D 90 0C F7 FC 82 FE  ...."#..........
00002910  70 03 00 00 22 23 00 00  70 0E 30 0B 00 00 69 FF  p..."#..p.0...i.
00002920  9B 04 00 00 22 23 00 00  F0 0F 90 0C 11 FD 64 04  ...."#........d.
00002930  E9 03 00 00 22 23 00 00  70 0E 30 0B 00 00 69 FF  ...."#..p.0...i.
00002940  9B 04 00 00 22 23 00 00  D0 0D 90 0C 09 03 82 FE  ...."#..........
00002950  70 03 00 00 22 23 00 00  F0 0F 90 0C EF 02 64 04  p..."#........d.
00002960  E9 03 00 00 22 23 00 00  90 0C 30 0B 00 00 35 FC  ...."#....0...5.
00002970  38 05 00 00 22 23 00 00  70 0E 30 0B 00 00 69 FF  8..."#..p.0...i.
00002980  9B 04 00 00 22 23 00 00  D0 0D 90 0C F7 FC 82 FE  ...."#..........
00002990  70 03 00 00 22 23 00 00  90 0C 30 0B 00 00 35 FC  p..."#....0...5.
000029A0  38 05 00 00 22 23 00 00  D0 0D 90 0C 09 03 82 FE  8..."#..........
000029B0  70 03 00 00 22 23 00 00  70 0E 30 0B 00 00 69 FF  p..."#..p.0...i.
000029C0  9B 04 00 00 22 23 00 00  90 0C F0 0E 00 00 2F FA  ...."#......../.
000029D0  BC FF 00 00 22 23 00 00  D0 0D F0 0E 5D 03 06 00  ...."#......]...
000029E0  63 FD 00 00 22 23 00 00  D0 0D F0 0D AC 04 7A FF  c..."#........z.
000029F0  36 00 00 00 22 23 00 00  90 0C F0 0E 00 00 2F FA  6..."#......../.
00002A00  BC FF 00 00 22 23 00 00  D0 0D F0 0D 54 FB 7A FF  ...."#......T.z.
00002A10  36 00 00 00 22 23 00 00  D0 0D F0 0E A3 FC 06 00  6..."#..........
00002A20  63 FD 00 00 22 23 00 00  F0 0F F0 0D 29 FC 56 05  c..."#......).V.
00002A30  9E 01 00 00 22 23 00 00  B0 0F F0 0E 00 00 CC 06  ...."#..........
00002A40  BC 02 00 00 22 23 00 00  F0 0F F0 0E 11 FD C4 05  ...."#..........
00002A50  7D FF 00 00 22 23 00 00  F0 0F F0 0D D7 03 56 05  }..."#........V.
00002A60  9E 01 00 00 22 23 00 00  F0 0F F0 0E EF 02 C4 05  ...."#..........
00002A70  7D FF 00 00 22 23 00 00  B0 0F F0 0E 00 00 CC 06  }..."#..........
00002A80  BC 02 00 00 04 00 00 00  A0 01 00 00 18 00 10 29  ...............)
00002A90  00 00 00 00 00 00 00 00  00 00 00 00 00 00 00 00  ................
00002AA0  00 00 00 00 22 23 00 00  D0 0D 90 0C 09 03 82 FE  ...."#..........
00002AB0  70 03 00 00 22 23 00 00  D0 0D F0 0D AC 04 7A FF  p..."#........z.
00002AC0  36 00 00 00 22 23 00 00  F0 0F F0 0D D7 03 56 05  6..."#........V.
00002AD0  9E 01 00 00 22 23 00 00  F0 0F 90 0C EF 02 64 04  ...."#........d.
00002AE0  E9 03 00 00 22 23 00 00  F0 0F F0 0E EF 02 C4 05  ...."#..........
00002AF0  7D FF 00 00 22 23 00 00  D0 0D F0 0E 5D 03 06 00  }..."#......]...
00002B00  63 FD 00 00 22 23 00 00  D0 0D F0 0F 00 00 26 00  c..."#........&.
00002B10  7E FC 00 00 22 23 00 00  F0 0F F0 0F 00 00 D2 05  ~..."#..........
00002B20  AC FE 00 00 22 23 00 00  D0 0D 90 0C F7 FC 82 FE  ...."#..........
00002B30  70 03 00 00 22 23 00 00  F0 0F 90 0C 11 FD 64 04  p..."#........d.
00002B40  E9 03 00 00 22 23 00 00  F0 0F F0 0D 29 FC 56 05  ...."#......).V.
00002B50  9E 01 00 00 22 23 00 00  D0 0D F0 0D 54 FB 7A FF  ...."#......T.z.
00002B60  36 00 00 00 22 23 00 00  F0 0F F0 0E 11 FD C4 05  6..."#..........
00002B70  7D FF 00 00 22 23 00 00  F0 0F F0 0F 00 00 D2 05  }..."#..........
00002B80  AC FE 00 00 22 23 00 00  D0 0D F0 0F 00 00 26 00  ...."#........&.
00002B90  7E FC 00 00 22 23 00 00  D0 0D F0 0E A3 FC 06 00  ~..."#..........
00002BA0  63 FD 00 00 22 23 00 00  F0 0F F0 0D D7 03 56 05  c..."#........V.
00002BB0  9E 01 00 00 22 23 00 00  D0 0D F0 0D AC 04 7A FF  ...."#........z.
00002BC0  36 00 00 00 22 23 00 00  D0 0D F0 0E 5D 03 06 00  6..."#......]...
00002BD0  63 FD 00 00 22 23 00 00  F0 0F F0 0E EF 02 C4 05  c..."#..........
00002BE0  7D FF 00 00 22 23 00 00  F0 0F F0 0D 29 FC 56 05  }..."#......).V.
00002BF0  9E 01 00 00 22 23 00 00  F0 0F F0 0E 11 FD C4 05  ...."#..........
00002C00  7D FF 00 00 22 23 00 00  D0 0D F0 0E A3 FC 06 00  }..."#..........
00002C10  63 FD 00 00 22 23 00 00  D0 0D F0 0D 54 FB 7A FF  c..."#......T.z.
00002C20  36 00 00 00 01 00 00 00  08 00 00 00 02 00 02 7C  6..............|
00002C30  08 00 00 00 03 00 00 00  00 05 00 00 4E 00 10 29  ............N..)
00002C40  00 00 00 00 00 00 00 00  00 00 00 00 00 00 00 00  ................
00002C50  00 00 00 00 22 23 00 00  15 FE 41 04 00 00 ED 0E  ...."#....A.....
00002C60  38 FF 00 00 22 23 00 00  B5 FE E1 04 27 05 DD 0C  8..."#......'...
00002C70  BE 02 00 00 22 23 00 00  B5 FF 41 03 CC 04 67 0C  ...."#....A...g.
00002C80  D1 FA 00 00 22 23 00 00  15 FE 41 04 00 00 ED 0E  ...."#....A.....
00002C90  38 FF 00 00 22 23 00 00  B5 FF 41 03 CC 04 67 0C  8..."#....A...g.
00002CA0  D1 FA 00 00 22 23 00 00  B5 FF C1 02 00 00 3B 0C  ...."#........;.
00002CB0  0F F8 00 00 22 23 00 00  B4 00 C1 02 00 00 29 05  ...."#........).
00002CC0  99 F7 00 00 22 23 00 00  B5 FF C1 02 00 00 3B 0C  ...."#........;.
00002CD0  0F F8 00 00 22 23 00 00  B4 00 41 03 69 03 6C 05  ...."#....A.i.l.
00002CE0  E5 F8 00 00 22 23 00 00  34 00 21 05 E9 06 D6 06  ...."#..4.!.....
00002CF0  ED 01 00 00 22 23 00 00  B5 FE E1 04 27 05 DD 0C  ...."#......'...
00002D00  BE 02 00 00 22 23 00 00  B5 FE E1 05 27 05 8A 09  ...."#......'...
00002D10  77 05 00 00 22 23 00 00  B5 FE E1 04 27 05 DD 0C  w..."#......'...
00002D20  BE 02 00 00 22 23 00 00  15 FE 41 04 00 00 ED 0E  ...."#....A.....
00002D30  38 FF 00 00 22 23 00 00  15 FE E1 04 00 00 BA 0D  8..."#..........
00002D40  19 05 00 00 22 23 00 00  B5 FF 41 03 CC 04 67 0C  ...."#....A...g.
00002D50  D1 FA 00 00 22 23 00 00  B4 00 01 04 42 06 9D 05  ...."#......B...
00002D60  1B FC 00 00 22 23 00 00  B4 00 41 03 69 03 6C 05  ...."#....A.i.l.
00002D70  E5 F8 00 00 22 23 00 00  B4 00 41 03 69 03 6C 05  ...."#....A.i.l.
00002D80  E5 F8 00 00 22 23 00 00  34 01 C1 02 01 00 26 01  ...."#..4.....&.
00002D90  FE FA 00 00 22 23 00 00  B4 00 C1 02 00 00 29 05  ...."#........).
00002DA0  99 F7 00 00 22 23 00 00  B5 FF 41 03 34 FB 67 0C  ...."#....A.4.g.
00002DB0  D1 FA 00 00 22 23 00 00  15 FE 41 04 00 00 ED 0E  ...."#....A.....
00002DC0  38 FF 00 00 22 23 00 00  B5 FF C1 02 00 00 3B 0C  8..."#........;.
00002DD0  0F F8 00 00 22 23 00 00  B5 FE E1 04 D9 FA DD 0C  ...."#..........
00002DE0  BE 02 00 00 22 23 00 00  15 FE E1 04 00 00 BA 0D  ...."#..........
00002DF0  19 05 00 00 22 23 00 00  15 FE 41 04 00 00 ED 0E  ...."#....A.....
00002E00  38 FF 00 00 22 23 00 00  B4 00 41 03 97 FC 6C 05  8..."#....A...l.
00002E10  E5 F8 00 00 22 23 00 00  B4 00 01 04 BE F9 9D 05  ...."#..........
00002E20  1B FC 00 00 22 23 00 00  B5 FF 41 03 34 FB 67 0C  ...."#....A.4.g.
00002E30  D1 FA 00 00 22 23 00 00  B4 00 C1 02 00 00 29 05  ...."#........).
00002E40  99 F7 00 00 22 23 00 00  34 01 C1 02 01 00 26 01  ...."#..4.....&.
00002E50  FE FA 00 00 22 23 00 00  B4 00 41 03 97 FC 6C 05  ...."#....A...l.
00002E60  E5 F8 00 00 22 23 00 00  B4 00 C1 02 00 00 29 05  ...."#........).
00002E70  99 F7 00 00 22 23 00 00  B4 00 41 03 97 FC 6C 05  ...."#....A...l.
00002E80  E5 F8 00 00 22 23 00 00  B5 FF C1 02 00 00 3B 0C  ...."#........;.
00002E90  0F F8 00 00 22 23 00 00  B5 FF C1 02 00 00 3B 0C  ...."#........;.
00002EA0  0F F8 00 00 22 23 00 00  B4 00 41 03 97 FC 6C 05  ...."#....A...l.
00002EB0  E5 F8 00 00 22 23 00 00  B5 FF 41 03 34 FB 67 0C  ...."#....A.4.g.
00002EC0  D1 FA 00 00 22 23 00 00  B4 00 41 03 69 03 6C 05  ...."#....A.i.l.
00002ED0  E5 F8 00 00 22 23 00 00  B5 FF C1 02 00 00 3B 0C  ...."#........;.
00002EE0  0F F8 00 00 22 23 00 00  B5 FF 41 03 CC 04 67 0C  ...."#....A...g.
00002EF0  D1 FA 00 00 22 23 00 00  B4 00 01 04 BE F9 9D 05  ...."#..........
00002F00  1B FC 00 00 22 23 00 00  34 01 41 04 85 FC B8 00  ...."#..4.A.....
00002F10  AC FD 00 00 22 23 00 00  34 00 21 05 17 F9 D6 06  ...."#..4.!.....
00002F20  ED 01 00 00 22 23 00 00  34 01 C1 02 01 00 26 01  ...."#..4.....&.
00002F30  FE FA 00 00 22 23 00 00  B4 00 41 03 69 03 6C 05  ...."#....A.i.l.
00002F40  E5 F8 00 00 22 23 00 00  34 01 41 04 65 03 CD 00  ...."#..4.A.e...
00002F50  F7 FD 00 00 22 23 00 00  B4 00 41 03 97 FC 6C 05  ...."#....A...l.
00002F60  E5 F8 00 00 22 23 00 00  34 01 41 04 85 FC B8 00  ...."#..4.A.....
00002F70  AC FD 00 00 22 23 00 00  B4 00 01 04 BE F9 9D 05  ...."#..........
00002F80  1B FC 00 00 22 23 00 00  B4 00 01 04 BE F9 9D 05  ...."#..........
00002F90  1B FC 00 00 22 23 00 00  34 00 21 05 17 F9 D6 06  ...."#..4.!.....
00002FA0  ED 01 00 00 22 23 00 00  B5 FF 41 03 34 FB 67 0C  ...."#....A.4.g.
00002FB0  D1 FA 00 00 22 23 00 00  B5 FE E1 04 D9 FA DD 0C  ...."#..........
00002FC0  BE 02 00 00 22 23 00 00  34 00 21 05 17 F9 D6 06  ...."#..4.!.....
00002FD0  ED 01 00 00 22 23 00 00  B5 FE E1 05 D9 FA 8A 09  ...."#..........
00002FE0  77 05 00 00 22 23 00 00  B4 00 41 03 97 FC 6C 05  w..."#....A...l.
00002FF0  E5 F8 00 00 22 23 00 00  34 01 C1 02 01 00 26 01  ...."#..4.....&.
00003000  FE FA 00 00 22 23 00 00  34 01 41 04 85 FC B8 00  ...."#..4.A.....
00003010  AC FD 00 00 22 23 00 00  34 01 41 04 65 03 CD 00  ...."#..4.A.e...
00003020  F7 FD 00 00 22 23 00 00  B4 00 01 04 42 06 9D 05  ...."#......B...
00003030  1B FC 00 00 22 23 00 00  34 00 21 05 E9 06 D6 06  ...."#..4.!.....
00003040  ED 01 00 00 22 23 00 00  34 01 41 04 65 03 CD 00  ...."#..4.A.e...
00003050  F7 FD 00 00 22 23 00 00  B4 00 41 03 69 03 6C 05  ...."#....A.i.l.
00003060  E5 F8 00 00 22 23 00 00  B4 00 01 04 42 06 9D 05  ...."#......B...
00003070  1B FC 00 00 22 23 00 00  B4 00 01 04 42 06 9D 05  ...."#......B...
00003080  1B FC 00 00 22 23 00 00  B5 FF 41 03 CC 04 67 0C  ...."#....A...g.
00003090  D1 FA 00 00 22 23 00 00  34 00 21 05 E9 06 D6 06  ...."#..4.!.....
000030A0  ED 01 00 00 22 23 00 00  B5 FF 41 03 CC 04 67 0C  ...."#....A...g.
000030B0  D1 FA 00 00 22 23 00 00  B5 FE E1 04 27 05 DD 0C  ...."#......'...
000030C0  BE 02 00 00 22 23 00 00  34 00 21 05 E9 06 D6 06  ...."#..4.!.....
000030D0  ED 01 00 00 22 23 00 00  B5 FF 41 03 34 FB 67 0C  ...."#....A.4.g.
000030E0  D1 FA 00 00 22 23 00 00  B5 FE E1 04 D9 FA DD 0C  ...."#..........
000030F0  BE 02 00 00 22 23 00 00  15 FE 41 04 00 00 ED 0E  ...."#....A.....
00003100  38 FF 00 00 22 23 00 00  B5 FF 41 03 34 FB 67 0C  8..."#....A.4.g.
00003110  D1 FA 00 00 22 23 00 00  34 00 21 05 17 F9 D6 06  ...."#..4.!.....
00003120  ED 01 00 00 22 23 00 00  B5 FE E1 04 D9 FA DD 0C  ...."#..........
00003130  BE 02 00 00 04 00 00 00  A0 00 00 00 08 00 10 29  ...............)
00003140  00 00 00 00 00 00 00 00  00 00 00 00 00 00 00 00  ................
00003150  00 00 00 00 22 23 00 00  B5 FE E1 04 D9 FA DD 0C  ...."#..........
00003160  BE 02 00 00 22 23 00 00  B5 FE E1 05 D9 FA 8A 09  ...."#..........
00003170  77 05 00 00 22 23 00 00  15 FE E1 05 00 00 67 0A  w..."#........g.
00003180  D2 07 00 00 22 23 00 00  15 FE E1 04 00 00 BA 0D  ...."#..........
00003190  19 05 00 00 22 23 00 00  15 FE E1 04 00 00 BA 0D  ...."#..........
000031A0  19 05 00 00 22 23 00 00  15 FE E1 05 00 00 67 0A  ...."#........g.
000031B0  D2 07 00 00 22 23 00 00  B5 FE E1 05 27 05 8A 09  ...."#......'...
000031C0  77 05 00 00 22 23 00 00  B5 FE E1 04 27 05 DD 0C  w..."#......'...
000031D0  BE 02 00 00 01 00 00 00  08 00 00 00 02 00 03 7C  ...............|
000031E0  08 00 00 00 03 00 00 00  C0 08 00 00 8A 00 10 29  ...............)
000031F0  00 00 00 00 00 00 00 00  00 00 00 00 00 00 00 00  ................
00003200  00 00 00 00 22 23 00 00  3D FF 69 01 1B 06 4A 10  ...."#..=.i...J.
00003210  99 FC 00 00 22 23 00 00  9D FF 09 02 00 00 D1 12  ...."#..........
00003220  BB FE 00 00 22 23 00 00  3C 00 69 01 23 05 3E 10  ...."#..<.i.#.>.
00003230  46 02 00 00 22 23 00 00  9D FF 09 02 00 00 D1 12  F..."#..........
00003240  BB FE 00 00 22 23 00 00  3D FF 69 01 1B 06 4A 10  ...."#..=.i...J.
00003250  99 FC 00 00 22 23 00 00  1D FE 09 02 00 00 84 11  ...."#..........
00003260  DB F9 00 00 22 23 00 00  3D FF 69 01 1B 06 4A 10  ...."#..=.i...J.
00003270  99 FC 00 00 22 23 00 00  9D FE 69 00 81 05 60 0D  ...."#....i...`.
00003280  C0 F8 00 00 22 23 00 00  1D FE 09 02 00 00 84 11  ...."#..........
00003290  DB F9 00 00 22 23 00 00  1D FE 6A FF 00 00 D8 05  ...."#....j.....
000032A0  BA F6 00 00 22 23 00 00  1D FE 69 00 00 00 E9 0C  ...."#....i.....
000032B0  7F F6 00 00 22 23 00 00  9D FE 6A FF 14 05 1B 06  ...."#....j.....
000032C0  E5 F8 00 00 22 23 00 00  3D FF 69 01 1B 06 4A 10  ...."#..=.i...J.
000032D0  99 FC 00 00 22 23 00 00  3C 00 69 01 23 05 3E 10  ...."#..<.i.#.>.
000032E0  46 02 00 00 22 23 00 00  5D FF 69 00 D2 07 CB 0C  F..."#..].i.....
000032F0  E1 FC 00 00 22 23 00 00  3C 00 69 01 23 05 3E 10  ...."#..<.i.#.>.
00003300  46 02 00 00 22 23 00 00  9D FF 09 02 00 00 D1 12  F..."#..........
00003310  BB FE 00 00 22 23 00 00  3C 00 09 02 00 00 41 11  ...."#..<.....A.
00003320  2F 04 00 00 22 23 00 00  3D FF 69 01 1B 06 4A 10  /..."#..=.i...J.
00003330  99 FC 00 00 22 23 00 00  5D FF 69 00 D2 07 CB 0C  ...."#..].i.....
00003340  E1 FC 00 00 22 23 00 00  9D FE 69 00 81 05 60 0D  ...."#....i...`.
00003350  C0 F8 00 00 22 23 00 00  9D FE 69 00 81 05 60 0D  ...."#....i...`.
00003360  C0 F8 00 00 22 23 00 00  5D FF 6A FF 3D 07 4C 06  ...."#..].j.=.L.
00003370  1B FC 00 00 22 23 00 00  9D FE 6A FF 14 05 1B 06  ...."#....j.....
00003380  E5 F8 00 00 22 23 00 00  5D FF 69 00 D2 07 CB 0C  ...."#..].i.....
00003390  E1 FC 00 00 22 23 00 00  3C 00 89 00 81 07 D8 09  ...."#..<.......
000033A0  62 00 00 00 22 23 00 00  5D FF 6A FF 3D 07 4C 06  b..."#..].j.=.L.
000033B0  1B FC 00 00 22 23 00 00  9D FE 6A FF 14 05 1B 06  ...."#....j.....
000033C0  E5 F8 00 00 22 23 00 00  1D FE EA FE 01 00 26 01  ...."#........&.
000033D0  FE FA 00 00 22 23 00 00  1D FE 6A FF 00 00 D8 05  ...."#....j.....
000033E0  BA F6 00 00 22 23 00 00  9D FE 69 00 81 05 60 0D  ...."#....i...`.
000033F0  C0 F8 00 00 22 23 00 00  1D FE 69 00 00 00 E9 0C  ...."#....i.....
00003400  7F F6 00 00 22 23 00 00  1D FE 09 02 00 00 84 11  ...."#..........
00003410  DB F9 00 00 22 23 00 00  5D FF 69 00 D2 07 CB 0C  ...."#..].i.....
00003420  E1 FC 00 00 22 23 00 00  3C 00 69 01 23 05 3E 10  ...."#..<.i.#.>.
00003430  46 02 00 00 22 23 00 00  3C 00 89 00 81 07 D8 09  F..."#..<.......
00003440  62 00 00 00 22 23 00 00  3C 00 69 01 23 05 3E 10  b..."#..<.i.#.>.
00003450  46 02 00 00 22 23 00 00  BC 00 69 01 BB 04 72 0C  F..."#....i...r.
00003460  3A 05 00 00 22 23 00 00  3C 00 89 00 81 07 D8 09  :..."#..<.......
00003470  62 00 00 00 22 23 00 00  BC 00 09 02 B8 FF B5 0C  b..."#..........
00003480  49 07 00 00 22 23 00 00  BC 00 69 01 BB 04 72 0C  I..."#....i...r.
00003490  3A 05 00 00 22 23 00 00  3C 00 09 02 00 00 41 11  :..."#..<.....A.
000034A0  2F 04 00 00 22 23 00 00  5D FF 6A FF 3D 07 4C 06  /..."#..].j.=.L.
000034B0  1B FC 00 00 22 23 00 00  3C 00 89 00 81 07 D8 09  ...."#..<.......
000034C0  62 00 00 00 22 23 00 00  7C 00 EA FF E9 06 D6 06  b..."#..|.......
000034D0  ED 01 00 00 22 23 00 00  3D FF 69 01 E5 F9 4A 10  ...."#..=.i...J.
000034E0  99 FC 00 00 22 23 00 00  3C 00 69 01 DD FA 3E 10  ...."#..<.i...>.
000034F0  46 02 00 00 22 23 00 00  9D FF 09 02 00 00 D1 12  F..."#..........
00003500  BB FE 00 00 22 23 00 00  9D FF 09 02 00 00 D1 12  ...."#..........
00003510  BB FE 00 00 22 23 00 00  1D FE 09 02 00 00 84 11  ...."#..........
00003520  DB F9 00 00 22 23 00 00  3D FF 69 01 E5 F9 4A 10  ...."#..=.i...J.
00003530  99 FC 00 00 22 23 00 00  3D FF 69 01 E5 F9 4A 10  ...."#..=.i...J.
00003540  99 FC 00 00 22 23 00 00  1D FE 09 02 00 00 84 11  ...."#..........
00003550  DB F9 00 00 22 23 00 00  9D FE 69 00 7F FA 60 0D  ...."#....i...`.
00003560  C0 F8 00 00 22 23 00 00  3D FF 69 01 E5 F9 4A 10  ...."#..=.i...J.
00003570  99 FC 00 00 22 23 00 00  5D FF 69 00 2E F8 CB 0C  ...."#..].i.....
00003580  E1 FC 00 00 22 23 00 00  3C 00 69 01 DD FA 3E 10  ...."#..<.i...>.
00003590  46 02 00 00 22 23 00 00  3C 00 69 01 DD FA 3E 10  F..."#..<.i...>.
000035A0  46 02 00 00 22 23 00 00  3C 00 09 02 00 00 41 11  F..."#..<.....A.
000035B0  2F 04 00 00 22 23 00 00  9D FF 09 02 00 00 D1 12  /..."#..........
000035C0  BB FE 00 00 22 23 00 00  3D FF 69 01 E5 F9 4A 10  ...."#..=.i...J.
000035D0  99 FC 00 00 22 23 00 00  9D FE 69 00 7F FA 60 0D  ...."#....i...`.
000035E0  C0 F8 00 00 22 23 00 00  5D FF 69 00 2E F8 CB 0C  ...."#..].i.....
000035F0  E1 FC 00 00 22 23 00 00  9D FE 6A FF EC FA 1B 06  ...."#....j.....
00003600  E5 F8 00 00 22 23 00 00  5D FF 6A FF C3 F8 4C 06  ...."#..].j...L.
00003610  1B FC 00 00 22 23 00 00  9D FE 69 00 7F FA 60 0D  ...."#....i...`.
00003620  C0 F8 00 00 22 23 00 00  5D FF 69 00 2E F8 CB 0C  ...."#..].i.....
00003630  E1 FC 00 00 22 23 00 00  5D FF 6A FF C3 F8 4C 06  ...."#..].j...L.
00003640  1B FC 00 00 22 23 00 00  3C 00 89 00 7F F8 D8 09  ...."#..<.......
00003650  62 00 00 00 22 23 00 00  1D FE 6A FF 00 00 D8 05  b..."#....j.....
00003660  BA F6 00 00 22 23 00 00  1D FE EA FE 01 00 26 01  ...."#........&.
00003670  FE FA 00 00 22 23 00 00  9D FE 6A FF EC FA 1B 06  ...."#....j.....
00003680  E5 F8 00 00 22 23 00 00  1D FE 6A FF 00 00 D8 05  ...."#....j.....
00003690  BA F6 00 00 22 23 00 00  9D FE 6A FF EC FA 1B 06  ...."#....j.....
000036A0  E5 F8 00 00 22 23 00 00  1D FE 69 00 00 00 E9 0C  ...."#....i.....
000036B0  7F F6 00 00 22 23 00 00  9D FE 69 00 7F FA 60 0D  ...."#....i...`.
000036C0  C0 F8 00 00 22 23 00 00  1D FE 09 02 00 00 84 11  ...."#..........
000036D0  DB F9 00 00 22 23 00 00  1D FE 69 00 00 00 E9 0C  ...."#....i.....
000036E0  7F F6 00 00 22 23 00 00  5D FF 69 00 2E F8 CB 0C  ...."#..].i.....
000036F0  E1 FC 00 00 22 23 00 00  3C 00 89 00 7F F8 D8 09  ...."#..<.......
00003700  62 00 00 00 22 23 00 00  3C 00 69 01 DD FA 3E 10  b..."#..<.i...>.
00003710  46 02 00 00 22 23 00 00  3C 00 69 01 DD FA 3E 10  F..."#..<.i...>.
00003720  46 02 00 00 22 23 00 00  3C 00 89 00 7F F8 D8 09  F..."#..<.......
00003730  62 00 00 00 22 23 00 00  BC 00 69 01 45 FB 72 0C  b..."#....i.E.r.
00003740  3A 05 00 00 22 23 00 00  BC 00 09 02 B8 FF B5 0C  :..."#..........
00003750  49 07 00 00 22 23 00 00  3C 00 09 02 00 00 41 11  I..."#..<.....A.
00003760  2F 04 00 00 22 23 00 00  BC 00 69 01 45 FB 72 0C  /..."#....i.E.r.
00003770  3A 05 00 00 22 23 00 00  1D FE 69 00 00 00 E9 0C  :..."#....i.....
00003780  7F F6 00 00 22 23 00 00  9D FE 6A FF EC FA 1B 06  ...."#....j.....
00003790  E5 F8 00 00 22 23 00 00  9D FE 69 00 7F FA 60 0D  ...."#....i...`.
000037A0  C0 F8 00 00 22 23 00 00  9D FE 6A FF 14 05 1B 06  ...."#....j.....
000037B0  E5 F8 00 00 22 23 00 00  1D FE 69 00 00 00 E9 0C  ...."#....i.....
000037C0  7F F6 00 00 22 23 00 00  9D FE 69 00 81 05 60 0D  ...."#....i...`.
000037D0  C0 F8 00 00 22 23 00 00  3C 00 09 02 00 00 41 11  ...."#..<.....A.
000037E0  2F 04 00 00 22 23 00 00  BC 00 69 01 BB 04 72 0C  /..."#....i...r.
000037F0  3A 05 00 00 22 23 00 00  3C 00 69 01 23 05 3E 10  :..."#..<.i.#.>.
00003800  46 02 00 00 22 23 00 00  BC 00 69 01 45 FB 72 0C  F..."#....i.E.r.
00003810  3A 05 00 00 22 23 00 00  3C 00 09 02 00 00 41 11  :..."#..<.....A.
00003820  2F 04 00 00 22 23 00 00  3C 00 69 01 DD FA 3E 10  /..."#..<.i...>.
00003830  46 02 00 00 22 23 00 00  5D FF 69 00 D2 07 CB 0C  F..."#..].i.....
00003840  E1 FC 00 00 22 23 00 00  5D FF 6A FF 3D 07 4C 06  ...."#..].j.=.L.
00003850  1B FC 00 00 22 23 00 00  9D FE 69 00 81 05 60 0D  ...."#....i...`.
00003860  C0 F8 00 00 22 23 00 00  9D FE 69 00 7F FA 60 0D  ...."#....i...`.
00003870  C0 F8 00 00 22 23 00 00  5D FF 6A FF C3 F8 4C 06  ...."#..].j...L.
00003880  1B FC 00 00 22 23 00 00  5D FF 69 00 2E F8 CB 0C  ...."#..].i.....
00003890  E1 FC 00 00 22 23 00 00  5D FF 6A FF C3 F8 4C 06  ...."#..].j...L.
000038A0  1B FC 00 00 22 23 00 00  9D FF EA FE 85 FC B8 00  ...."#..........
000038B0  AC FD 00 00 22 23 00 00  7C 00 EA FF 17 F9 D6 06  ...."#..|.......
000038C0  ED 01 00 00 22 23 00 00  1D FE EA FE 01 00 26 01  ...."#........&.
000038D0  FE FA 00 00 22 23 00 00  9D FE 6A FF 14 05 1B 06  ...."#....j.....
000038E0  E5 F8 00 00 22 23 00 00  9D FF EA FE 65 03 CD 00  ...."#......e...
000038F0  F7 FD 00 00 22 23 00 00  9D FE 6A FF EC FA 1B 06  ...."#....j.....
00003900  E5 F8 00 00 22 23 00 00  9D FF EA FE 85 FC B8 00  ...."#..........
00003910  AC FD 00 00 22 23 00 00  5D FF 6A FF C3 F8 4C 06  ...."#..].j...L.
00003920  1B FC 00 00 22 23 00 00  5D FF 6A FF C3 F8 4C 06  ...."#..].j...L.
00003930  1B FC 00 00 22 23 00 00  7C 00 EA FF 17 F9 D6 06  ...."#..|.......
00003940  ED 01 00 00 22 23 00 00  3C 00 89 00 7F F8 D8 09  ...."#..<.......
00003950  62 00 00 00 22 23 00 00  3C 00 89 00 81 07 D8 09  b..."#..<.......
00003960  62 00 00 00 22 23 00 00  BC 00 69 01 BB 04 72 0C  b..."#....i...r.
00003970  3A 05 00 00 22 23 00 00  3C 01 69 01 27 05 8A 09  :..."#..<.i.'...
00003980  77 05 00 00 22 23 00 00  3C 01 69 01 D9 FA 8A 09  w..."#..<.i.....
00003990  77 05 00 00 22 23 00 00  3C 00 89 00 7F F8 D8 09  w..."#..<.......
000039A0  62 00 00 00 22 23 00 00  7C 00 EA FF 17 F9 D6 06  b..."#..|.......
000039B0  ED 01 00 00 22 23 00 00  9D FE 6A FF EC FA 1B 06  ...."#....j.....
000039C0  E5 F8 00 00 22 23 00 00  1D FE EA FE 01 00 26 01  ...."#........&.
000039D0  FE FA 00 00 22 23 00 00  9D FF EA FE 85 FC B8 00  ...."#..........
000039E0  AC FD 00 00 22 23 00 00  9D FF EA FE 65 03 CD 00  ...."#......e...
000039F0  F7 FD 00 00 22 23 00 00  5D FF 6A FF 3D 07 4C 06  ...."#..].j.=.L.
00003A00  1B FC 00 00 22 23 00 00  7C 00 EA FF E9 06 D6 06  ...."#..|.......
00003A10  ED 01 00 00 22 23 00 00  9D FF EA FE 65 03 CD 00  ...."#......e...
00003A20  F7 FD 00 00 22 23 00 00  9D FE 6A FF 14 05 1B 06  ...."#....j.....
00003A30  E5 F8 00 00 22 23 00 00  5D FF 6A FF 3D 07 4C 06  ...."#..].j.=.L.
00003A40  1B FC 00 00 22 23 00 00  3C 00 89 00 81 07 D8 09  ...."#..<.......
00003A50  62 00 00 00 22 23 00 00  3C 01 69 01 27 05 8A 09  b..."#..<.i.'...
00003A60  77 05 00 00 22 23 00 00  7C 00 EA FF E9 06 D6 06  w..."#..|.......
00003A70  ED 01 00 00 22 23 00 00  BC 00 69 01 45 FB 72 0C  ...."#....i.E.r.
00003A80  3A 05 00 00 22 23 00 00  3C 00 89 00 7F F8 D8 09  :..."#..<.......
00003A90  62 00 00 00 22 23 00 00  3C 01 69 01 D9 FA 8A 09  b..."#..<.i.....
00003AA0  77 05 00 00 04 00 00 00  A0 00 00 00 08 00 10 29  w..............)
00003AB0  00 00 00 00 00 00 00 00  00 00 00 00 00 00 00 00  ................
00003AC0  00 00 00 00 22 23 00 00  BC 00 69 01 BB 04 72 0C  ...."#....i...r.
00003AD0  3A 05 00 00 22 23 00 00  BC 00 09 02 B8 FF B5 0C  :..."#..........
00003AE0  49 07 00 00 22 23 00 00  3C 01 09 02 00 00 67 0A  I..."#..<.....g.
00003AF0  D2 07 00 00 22 23 00 00  3C 01 69 01 27 05 8A 09  ...."#..<.i.'...
00003B00  77 05 00 00 22 23 00 00  BC 00 09 02 B8 FF B5 0C  w..."#..........
00003B10  49 07 00 00 22 23 00 00  BC 00 69 01 45 FB 72 0C  I..."#....i.E.r.
00003B20  3A 05 00 00 22 23 00 00  3C 01 69 01 D9 FA 8A 09  :..."#..<.i.....
00003B30  77 05 00 00 22 23 00 00  3C 01 09 02 00 00 67 0A  w..."#..<.....g.
00003B40  D2 07 00 00 01 00 00 00  08 00 00 00 02 00 04 7C  ...............|
00003B50  08 00 00 00 03 00 00 00  C0 02 00 00 2A 00 10 29  ............*..)
00003B60  00 00 00 00 00 00 00 00  00 00 00 00 00 00 00 00  ................
00003B70  00 00 00 00 22 23 00 00  10 08 90 0A CB 06 D6 06  ...."#..........
00003B80  14 02 00 00 22 23 00 00  D0 08 70 0D 9E 06 AC 01  ...."#....p.....
00003B90  9B 00 00 00 22 23 00 00  90 09 10 0C FE 07 64 03  ...."#........d.
00003BA0  87 FF 00 00 22 23 00 00  10 08 90 0A CB 06 D6 06  ...."#..........
00003BB0  14 02 00 00 22 23 00 00  90 09 10 0C FE 07 64 03  ...."#........d.
00003BC0  87 FF 00 00 22 23 00 00  50 09 90 0A 31 08 92 05  ...."#..P...1...
00003BD0  0C 00 00 00 22 23 00 00  10 08 90 0A CB 06 D6 06  ...."#..........
00003BE0  14 02 00 00 22 23 00 00  10 08 B0 0D 10 05 49 01  ...."#........I.
00003BF0  C4 01 00 00 22 23 00 00  D0 08 70 0D 9E 06 AC 01  ...."#....p.....
00003C00  9B 00 00 00 22 23 00 00  DD 05 F6 0D 50 04 E5 02  ...."#......P...
00003C10  FA FF 00 00 22 23 00 00  64 06 AA 0B 31 08 92 05  ...."#..d...1...
00003C20  0C 00 00 00 22 23 00 00  28 05 8C 0C FE 07 64 03  ...."#..(.....d.
00003C30  87 FF 00 00 22 23 00 00  DD 05 F6 0D 50 04 E5 02  ...."#......P...
00003C40  FA FF 00 00 22 23 00 00  47 07 8C 0C CB 06 D6 06  ...."#..G.......
00003C50  14 02 00 00 22 23 00 00  64 06 AA 0B 31 08 92 05  ...."#..d...1...
00003C60  0C 00 00 00 22 23 00 00  B6 04 0D 0E 9E 06 AC 01  ...."#..........
00003C70  9B 00 00 00 22 23 00 00  11 05 C2 0E 10 05 49 01  ...."#........I.
00003C80  C4 01 00 00 22 23 00 00  DD 05 F6 0D 50 04 E5 02  ...."#......P...
00003C90  FA FF 00 00 22 23 00 00  B6 04 0D 0E 9E 06 AC 01  ...."#..........
00003CA0  9B 00 00 00 22 23 00 00  DD 05 F6 0D 50 04 E5 02  ...."#......P...
00003CB0  FA FF 00 00 22 23 00 00  28 05 8C 0C FE 07 64 03  ...."#..(.....d.
00003CC0  87 FF 00 00 22 23 00 00  10 08 90 0A 35 F9 D6 06  ...."#......5...
00003CD0  14 02 00 00 22 23 00 00  90 09 10 0C 02 F8 64 03  ...."#........d.
00003CE0  87 FF 00 00 22 23 00 00  D0 08 70 0D 62 F9 AC 01  ...."#....p.b...
00003CF0  9B 00 00 00 22 23 00 00  10 08 90 0A 35 F9 D6 06  ...."#......5...
00003D00  14 02 00 00 22 23 00 00  50 09 90 0A CF F7 92 05  ...."#..P.......
00003D10  0C 00 00 00 22 23 00 00  90 09 10 0C 02 F8 64 03  ...."#........d.
00003D20  87 FF 00 00 22 23 00 00  10 08 90 0A 35 F9 D6 06  ...."#......5...
00003D30  14 02 00 00 22 23 00 00  D0 08 70 0D 62 F9 AC 01  ...."#....p.b...
00003D40  9B 00 00 00 22 23 00 00  10 08 B0 0D F0 FA 49 01  ...."#........I.
00003D50  C4 01 00 00 22 23 00 00  DD 05 F6 0D B0 FB E5 02  ...."#..........
00003D60  FA FF 00 00 22 23 00 00  28 05 8C 0C 02 F8 64 03  ...."#..(.....d.
00003D70  87 FF 00 00 22 23 00 00  64 06 AA 0B CF F7 92 05  ...."#..d.......
00003D80  0C 00 00 00 22 23 00 00  DD 05 F6 0D B0 FB E5 02  ...."#..........
00003D90  FA FF 00 00 22 23 00 00  64 06 AA 0B CF F7 92 05  ...."#..d.......
00003DA0  0C 00 00 00 22 23 00 00  47 07 8C 0C 35 F9 D6 06  ...."#..G...5...
00003DB0  14 02 00 00 22 23 00 00  B6 04 0D 0E 62 F9 AC 01  ...."#......b...
00003DC0  9B 00 00 00 22 23 00 00  DD 05 F6 0D B0 FB E5 02  ...."#..........
00003DD0  FA FF 00 00 22 23 00 00  11 05 C2 0E F0 FA 49 01  ...."#........I.
00003DE0  C4 01 00 00 22 23 00 00  B6 04 0D 0E 62 F9 AC 01  ...."#......b...
00003DF0  9B 00 00 00 22 23 00 00  28 05 8C 0C 02 F8 64 03  ...."#..(.....d.
00003E00  87 FF 00 00 22 23 00 00  DD 05 F6 0D B0 FB E5 02  ...."#..........
00003E10  FA FF 00 00 01 00 00 00  08 00 00 00 02 00 04 7C  ...............|
00003E20  08 00 00 00 03 00 00 00  E0 00 00 00 0C 00 10 29  ...............)
00003E30  00 00 00 00 00 00 00 00  00 00 00 00 00 00 00 00  ................
00003E40  00 00 00 00 22 23 00 00  B0 04 F0 04 1B 00 27 01  ...."#........'.
00003E50  08 09 00 00 22 23 00 00  B0 05 B0 04 E7 00 35 01  ...."#........5.
00003E60  7A 07 00 00 22 23 00 00  B0 05 10 04 D8 00 CB 01  z..."#..........
00003E70  5F 07 00 00 22 23 00 00  B0 04 F0 04 1B 00 27 01  _..."#........'.
00003E80  08 09 00 00 22 23 00 00  B0 05 10 04 D8 00 CB 01  ...."#..........
00003E90  5F 07 00 00 22 23 00 00  B0 04 70 03 1C 00 A1 02  _..."#....p.....
00003EA0  DE 07 00 00 22 23 00 00  90 07 10 05 F2 FF 26 01  ...."#........&.
00003EB0  0A 09 00 00 22 23 00 00  B0 06 10 06 15 FF C3 01  ...."#..........
00003EC0  64 07 00 00 22 23 00 00  50 07 10 06 19 FF 35 01  d..."#..P.....5.
00003ED0  87 07 00 00 22 23 00 00  90 07 10 05 F2 FF 26 01  ...."#........&.
00003EE0  0A 09 00 00 22 23 00 00  10 06 10 05 F5 FF A1 02  ...."#..........
00003EF0  DE 07 00 00 22 23 00 00  B0 06 10 06 15 FF C3 01  ...."#..........
00003F00  64 07 00 00 01 00 00 00  08 00 00 00 02 00 05 7C  d..............|
00003F10  08 00 00 00 03 00 00 00  40 01 00 00 12 00 10 29  ........@......)
00003F20  00 00 00 00 00 00 00 00  00 00 00 00 00 00 00 00  ................
00003F30  00 00 00 00 22 23 00 00  26 07 50 0E F6 00 B1 06  ...."#..&.P.....
00003F40  0C 08 00 00 22 23 00 00  26 07 CA 0D 82 01 AD 06  ...."#..&.......
00003F50  DB 07 00 00 22 23 00 00  BB 06 0D 0E 3C 01 05 08  ...."#......<...
00003F60  E2 07 00 00 22 23 00 00  FE 09 50 0E D3 04 B2 01  ...."#....P.....
00003F70  42 04 00 00 22 23 00 00  FE 09 CA 0D 00 05 B7 01  B..."#..........
00003F80  A2 03 00 00 22 23 00 00  92 09 0D 0E 27 05 17 03  ...."#......'...
00003F90  4C 04 00 00 22 23 00 00  FE 09 50 0E 58 FB 57 00  L..."#....P.X.W.
00003FA0  CE 03 00 00 22 23 00 00  FE 09 CA 0D 75 FB 59 00  ...."#......u.Y.
00003FB0  53 04 00 00 22 23 00 00  92 09 0D 0E 3C FB 4A 01  S..."#......<.J.
00003FC0  15 04 00 00 22 23 00 00  F9 08 53 0E 26 01 F7 06  ...."#....S.&...
00003FD0  01 08 00 00 22 23 00 00  F9 08 CD 0D CC 01 F2 06  ...."#..........
00003FE0  C6 07 00 00 22 23 00 00  0B 08 10 0E 76 01 57 08  ...."#......v.W.
00003FF0  CB 07 00 00 22 23 00 00  F9 08 53 0E FC 04 D9 01  ...."#....S.....
00004000  21 04 00 00 22 23 00 00  F9 08 CD 0D 33 05 DF 01  !..."#......3...
00004010  5B 03 00 00 22 23 00 00  0B 08 10 0E 5D 05 6F 03  [..."#......].o.
00004020  DE 03 00 00 22 23 00 00  F9 08 53 0E 16 FB 7F 00  ...."#....S.....
00004030  9E 03 00 00 22 23 00 00  F9 08 CD 0D 57 FB 87 00  ...."#......W...
00004040  44 04 00 00 22 23 00 00  0B 08 10 0E 10 FB AF 01  D..."#..........
00004050  F8 03 00 00 04 00 00 00  A0 01 00 00 18 00 10 29  ...............)
00004060  00 00 00 00 00 00 00 00  00 00 00 00 00 00 00 00  ................
00004070  00 00 00 00 22 23 00 00  5C 07 50 0E 0F 01 49 06  ...."#..\.P...I.
00004080  07 08 00 00 22 23 00 00  5C 07 CA 0D 65 01 46 06  ...."#..\...e.F.
00004090  E8 07 00 00 22 23 00 00  26 07 CA 0D 82 01 AD 06  ...."#..&.......
000040A0  DB 07 00 00 22 23 00 00  26 07 50 0E F6 00 B1 06  ...."#..&.P.....
000040B0  0C 08 00 00 22 23 00 00  34 0A 50 0E D1 04 74 01  ...."#..4.P...t.
000040C0  1F 04 00 00 22 23 00 00  34 0A CA 0D EC 04 77 01  ...."#..4.....w.
000040D0  BC 03 00 00 22 23 00 00  FE 09 CA 0D 00 05 B7 01  ...."#..........
000040E0  A2 03 00 00 22 23 00 00  FE 09 50 0E D3 04 B2 01  ...."#....P.....
000040F0  42 04 00 00 22 23 00 00  34 0A 50 0E 6A FB 0E 00  B..."#..4.P.j...
00004100  E6 03 00 00 22 23 00 00  34 0A CA 0D 7C FB 0F 00  ...."#..4...|...
00004110  38 04 00 00 22 23 00 00  FE 09 CA 0D 75 FB 59 00  8..."#......u.Y.
00004120  53 04 00 00 22 23 00 00  FE 09 50 0E 58 FB 57 00  S..."#....P.X.W.
00004130  CE 03 00 00 22 23 00 00  70 09 53 0E 43 01 7B 06  ...."#..p.S.C.{.
00004140  FA 07 00 00 22 23 00 00  70 09 CD 0D AA 01 78 06  ...."#..p.....x.
00004150  D6 07 00 00 22 23 00 00  F9 08 CD 0D CC 01 F2 06  ...."#..........
00004160  C6 07 00 00 22 23 00 00  F9 08 53 0E 26 01 F7 06  ...."#....S.&...
00004170  01 08 00 00 22 23 00 00  70 09 53 0E F9 04 8D 01  ...."#..p.S.....
00004180  F5 03 00 00 22 23 00 00  70 09 CD 0D 1B 05 91 01  ...."#..p.......
00004190  7B 03 00 00 22 23 00 00  F9 08 CD 0D 33 05 DF 01  {..."#......3...
000041A0  5B 03 00 00 22 23 00 00  F9 08 53 0E FC 04 D9 01  [..."#....S.....
000041B0  21 04 00 00 22 23 00 00  70 09 53 0E 2D FB 25 00  !..."#..p.S.-.%.
000041C0  BB 03 00 00 22 23 00 00  70 09 CD 0D 60 FB 2C 00  ...."#..p...`.,.
000041D0  61 04 00 00 22 23 00 00  F9 08 CD 0D 57 FB 87 00  a..."#......W...
000041E0  44 04 00 00 22 23 00 00  F9 08 53 0E 16 FB 7F 00  D..."#....S.....
000041F0  9E 03 00 00 01 00 00 00  08 00 00 00 02 00 06 7C  ...............|
00004200  08 00 00 00 03 00 00 00  E0 06 00 00 6C 00 10 29  ............l..)
00004210  00 00 00 00 00 00 00 00  00 00 00 00 00 00 00 00  ................
00004220  00 00 00 00 22 23 00 00  10 00 30 09 00 00 D6 03  ...."#....0.....
00004230  5D 08 00 00 22 23 00 00  AA 02 10 09 A4 02 48 04  ]..."#........H.
00004240  DB 06 00 00 22 23 00 00  B0 02 70 08 B1 02 EA 04  ...."#....p.....
00004250  61 07 00 00 22 23 00 00  A0 02 50 0A 8A 02 02 03  a..."#....P.....
00004260  9B 06 00 00 22 23 00 00  90 00 50 0A A4 00 F9 02  ...."#....P.....
00004270  39 07 00 00 22 23 00 00  90 02 50 0B 7D 02 F1 01  9..."#....P.}...
00004280  A9 06 00 00 22 23 00 00  10 00 50 0A 00 00 01 03  ...."#....P.....
00004290  A4 07 00 00 22 23 00 00  10 00 D0 0B 00 00 27 01  ...."#........'.
000042A0  19 09 00 00 22 23 00 00  B0 00 D0 0B B1 00 35 01  ...."#........5.
000042B0  C3 07 00 00 22 23 00 00  F0 07 30 07 E9 06 D6 06  ...."#....0.....
000042C0  ED 01 00 00 22 23 00 00  50 05 B0 07 73 05 B7 05  ...."#..P...s...
000042D0  9D 05 00 00 22 23 00 00  90 04 50 0A 75 04 03 03  ...."#....P.u...
000042E0  56 05 00 00 22 23 00 00  F0 07 30 07 E9 06 D6 06  V..."#....0.....
000042F0  ED 01 00 00 22 23 00 00  10 05 70 05 27 05 8A 09  ...."#....p.'...
00004300  77 05 00 00 22 23 00 00  50 05 B0 07 73 05 B7 05  w..."#..P...s...
00004310  9D 05 00 00 22 23 00 00  90 00 50 0A A4 00 F9 02  ...."#....P.....
00004320  39 07 00 00 22 23 00 00  10 00 50 0A 00 00 01 03  9..."#....P.....
00004330  A4 07 00 00 22 23 00 00  B0 00 D0 0B B1 00 35 01  ...."#........5.
00004340  C3 07 00 00 22 23 00 00  10 00 30 09 00 00 D6 03  ...."#....0.....
00004350  5D 08 00 00 22 23 00 00  10 00 50 0A 00 00 01 03  ]..."#....P.....
00004360  A4 07 00 00 22 23 00 00  90 00 50 0A A4 00 F9 02  ...."#....P.....
00004370  39 07 00 00 22 23 00 00  AA 02 10 09 5C FD 48 04  9..."#......\.H.
00004380  DB 06 00 00 22 23 00 00  10 00 30 09 00 00 D6 03  ...."#....0.....
00004390  5D 08 00 00 22 23 00 00  B0 02 70 08 4F FD EA 04  ]..."#....p.O...
000043A0  61 07 00 00 22 23 00 00  B0 00 D0 0B 4F FF 35 01  a..."#......O.5.
000043B0  C3 07 00 00 22 23 00 00  90 00 50 0A 5C FF F9 02  ...."#....P.\...
000043C0  39 07 00 00 22 23 00 00  90 02 50 0B 83 FD F1 01  9..."#....P.....
000043D0  A9 06 00 00 22 23 00 00  10 00 50 0A 00 00 01 03  ...."#....P.....
000043E0  A4 07 00 00 22 23 00 00  B0 00 D0 0B 4F FF 35 01  ...."#......O.5.
000043F0  C3 07 00 00 22 23 00 00  10 00 D0 0B 00 00 27 01  ...."#........'.
00004400  19 09 00 00 22 23 00 00  F0 07 30 07 17 F9 D6 06  ...."#....0.....
00004410  ED 01 00 00 22 23 00 00  90 04 50 0A 8B FB 03 03  ...."#....P.....
00004420  56 05 00 00 22 23 00 00  50 05 B0 07 8D FA B7 05  V..."#..P.......
00004430  9D 05 00 00 22 23 00 00  F0 07 30 07 17 F9 D6 06  ...."#....0.....
00004440  ED 01 00 00 22 23 00 00  50 05 B0 07 8D FA B7 05  ...."#..P.......
00004450  9D 05 00 00 22 23 00 00  10 05 70 05 D9 FA 8A 09  ...."#....p.....
00004460  77 05 00 00 22 23 00 00  90 00 50 0A 5C FF F9 02  w..."#....P.\...
00004470  39 07 00 00 22 23 00 00  B0 00 D0 0B 4F FF 35 01  9..."#......O.5.
00004480  C3 07 00 00 22 23 00 00  10 00 50 0A 00 00 01 03  ...."#....P.....
00004490  A4 07 00 00 22 23 00 00  10 00 30 09 00 00 D6 03  ...."#....0.....
000044A0  5D 08 00 00 22 23 00 00  90 00 50 0A 5C FF F9 02  ]..."#....P.\...
000044B0  39 07 00 00 22 23 00 00  10 00 50 0A 00 00 01 03  9..."#....P.....
000044C0  A4 07 00 00 22 23 00 00  10 05 70 05 27 05 8A 09  ...."#....p.'...
000044D0  77 05 00 00 22 23 00 00  10 00 10 05 00 00 67 0A  w..."#........g.
000044E0  D2 07 00 00 22 23 00 00  B0 02 30 07 B9 02 95 06  ...."#....0.....
000044F0  65 07 00 00 22 23 00 00  B0 02 30 07 47 FD 95 06  e..."#....0.G...
00004500  65 07 00 00 22 23 00 00  10 00 10 05 00 00 67 0A  e..."#........g.
00004510  D2 07 00 00 22 23 00 00  10 05 70 05 D9 FA 8A 09  ...."#....p.....
00004520  77 05 00 00 22 23 00 00  50 05 B0 07 8D FA B7 05  w..."#..P.......
00004530  9D 05 00 00 22 23 00 00  B0 02 30 07 47 FD 95 06  ...."#....0.G...
00004540  65 07 00 00 22 23 00 00  10 05 70 05 D9 FA 8A 09  e..."#....p.....
00004550  77 05 00 00 22 23 00 00  90 02 50 0B 7D 02 F1 01  w..."#....P.}...
00004560  A9 06 00 00 22 23 00 00  90 00 50 0A A4 00 F9 02  ...."#....P.....
00004570  39 07 00 00 22 23 00 00  B0 00 D0 0B B1 00 35 01  9..."#........5.
00004580  C3 07 00 00 22 23 00 00  90 02 50 0B 83 FD F1 01  ...."#....P.....
00004590  A9 06 00 00 22 23 00 00  90 00 50 0A 5C FF F9 02  ...."#....P.\...
000045A0  39 07 00 00 22 23 00 00  A0 02 50 0A 76 FD 02 03  9..."#....P.v...
000045B0  9B 06 00 00 22 23 00 00  90 04 50 0A 75 04 03 03  ...."#....P.u...
000045C0  56 05 00 00 22 23 00 00  A0 02 50 0A 8A 02 02 03  V..."#....P.....
000045D0  9B 06 00 00 22 23 00 00  90 02 50 0B 7D 02 F1 01  ...."#....P.}...
000045E0  A9 06 00 00 22 23 00 00  50 05 B0 07 73 05 B7 05  ...."#..P...s...
000045F0  9D 05 00 00 22 23 00 00  B0 02 70 08 B1 02 EA 04  ...."#....p.....
00004600  61 07 00 00 22 23 00 00  AA 02 10 09 A4 02 48 04  a..."#........H.
00004610  DB 06 00 00 22 23 00 00  50 05 B0 07 8D FA B7 05  ...."#..P.......
00004620  9D 05 00 00 22 23 00 00  B0 02 70 08 4F FD EA 04  ...."#....p.O...
00004630  61 07 00 00 22 23 00 00  B0 02 30 07 47 FD 95 06  a..."#....0.G...
00004640  65 07 00 00 22 23 00 00  50 05 B0 07 8D FA B7 05  e..."#..P.......
00004650  9D 05 00 00 22 23 00 00  90 04 50 0A 8B FB 03 03  ...."#....P.....
00004660  56 05 00 00 22 23 00 00  A0 02 50 0A 76 FD 02 03  V..."#....P.v...
00004670  9B 06 00 00 22 23 00 00  90 02 50 0B 83 FD F1 01  ...."#....P.....
00004680  A9 06 00 00 22 23 00 00  A0 02 50 0A 76 FD 02 03  ...."#....P.v...
00004690  9B 06 00 00 22 23 00 00  90 04 50 0A 8B FB 03 03  ...."#....P.....
000046A0  56 05 00 00 22 23 00 00  AA 02 10 09 5C FD 48 04  V..."#......\.H.
000046B0  DB 06 00 00 22 23 00 00  A0 02 50 0A 76 FD 02 03  ...."#....P.v...
000046C0  9B 06 00 00 22 23 00 00  90 00 50 0A 5C FF F9 02  ...."#....P.\...
000046D0  39 07 00 00 22 23 00 00  50 05 B0 07 73 05 B7 05  9..."#..P...s...
000046E0  9D 05 00 00 22 23 00 00  B0 02 30 07 B9 02 95 06  ...."#....0.....
000046F0  65 07 00 00 22 23 00 00  B0 02 70 08 B1 02 EA 04  e..."#....p.....
00004700  61 07 00 00 22 23 00 00  50 05 B0 07 73 05 B7 05  a..."#..P...s...
00004710  9D 05 00 00 22 23 00 00  10 05 70 05 27 05 8A 09  ...."#....p.'...
00004720  77 05 00 00 22 23 00 00  B0 02 30 07 B9 02 95 06  w..."#....0.....
00004730  65 07 00 00 22 23 00 00  10 00 30 07 00 00 92 06  e..."#....0.....
00004740  65 08 00 00 22 23 00 00  10 00 10 05 00 00 67 0A  e..."#........g.
00004750  D2 07 00 00 22 23 00 00  B0 02 30 07 47 FD 95 06  ...."#....0.G...
00004760  65 07 00 00 22 23 00 00  B0 02 30 07 B9 02 95 06  e..."#....0.....
00004770  65 07 00 00 22 23 00 00  10 00 10 05 00 00 67 0A  e..."#........g.
00004780  D2 07 00 00 22 23 00 00  10 00 30 07 00 00 92 06  ...."#....0.....
00004790  65 08 00 00 22 23 00 00  50 05 B0 07 73 05 B7 05  e..."#..P...s...
000047A0  9D 05 00 00 22 23 00 00  A0 02 50 0A 8A 02 02 03  ...."#....P.....
000047B0  9B 06 00 00 22 23 00 00  90 04 50 0A 75 04 03 03  ...."#....P.u...
000047C0  56 05 00 00 22 23 00 00  50 05 B0 07 8D FA B7 05  V..."#..P.......
000047D0  9D 05 00 00 22 23 00 00  A0 02 50 0A 76 FD 02 03  ...."#....P.v...
000047E0  9B 06 00 00 22 23 00 00  AA 02 10 09 5C FD 48 04  ...."#......\.H.
000047F0  DB 06 00 00 22 23 00 00  50 05 B0 07 8D FA B7 05  ...."#..P.......
00004800  9D 05 00 00 22 23 00 00  AA 02 10 09 5C FD 48 04  ...."#......\.H.
00004810  DB 06 00 00 22 23 00 00  B0 02 70 08 4F FD EA 04  ...."#....p.O...
00004820  61 07 00 00 22 23 00 00  AA 02 10 09 A4 02 48 04  a..."#........H.
00004830  DB 06 00 00 22 23 00 00  90 00 50 0A A4 00 F9 02  ...."#....P.....
00004840  39 07 00 00 22 23 00 00  A0 02 50 0A 8A 02 02 03  9..."#....P.....
00004850  9B 06 00 00 22 23 00 00  50 05 B0 07 73 05 B7 05  ...."#..P...s...
00004860  9D 05 00 00 22 23 00 00  AA 02 10 09 A4 02 48 04  ...."#........H.
00004870  DB 06 00 00 22 23 00 00  A0 02 50 0A 8A 02 02 03  ...."#....P.....
00004880  9B 06 00 00 22 23 00 00  90 00 50 0A 5C FF F9 02  ...."#....P.\...
00004890  39 07 00 00 22 23 00 00  10 00 30 09 00 00 D6 03  9..."#....0.....
000048A0  5D 08 00 00 22 23 00 00  AA 02 10 09 5C FD 48 04  ]..."#......\.H.
000048B0  DB 06 00 00 22 23 00 00  90 00 50 0A A4 00 F9 02  ...."#....P.....
000048C0  39 07 00 00 22 23 00 00  AA 02 10 09 A4 02 48 04  9..."#........H.
000048D0  DB 06 00 00 22 23 00 00  10 00 30 09 00 00 D6 03  ...."#....0.....
000048E0  5D 08 00 00 04 00 00 00  A0 00 00 00 08 00 10 29  ]..............)
000048F0  00 00 00 00 00 00 00 00  00 00 00 00 00 00 00 00  ................
00004900  00 00 00 00 22 23 00 00  10 00 30 07 00 00 92 06  ...."#....0.....
00004910  65 08 00 00 22 23 00 00  10 00 30 09 00 00 D6 03  e..."#....0.....
00004920  5D 08 00 00 22 23 00 00  B0 02 70 08 B1 02 EA 04  ]..."#....p.....
00004930  61 07 00 00 22 23 00 00  B0 02 30 07 B9 02 95 06  a..."#....0.....
00004940  65 07 00 00 22 23 00 00  B0 02 70 08 4F FD EA 04  e..."#....p.O...
00004950  61 07 00 00 22 23 00 00  10 00 30 09 00 00 D6 03  a..."#....0.....
00004960  5D 08 00 00 22 23 00 00  10 00 30 07 00 00 92 06  ]..."#....0.....
00004970  65 08 00 00 22 23 00 00  B0 02 30 07 47 FD 95 06  e..."#....0.G...
00004980  65 07 00 00 01 00 00 00  08 00 00 00 02 00 07 7C  e..............|
00004990  08 00 00 00 03 00 00 00  20 06 00 00 60 00 10 29  ........ ...`..)
000049A0  00 00 00 00 00 00 00 00  00 00 00 00 00 00 00 00  ................
000049B0  00 00 00 00 22 23 00 00  50 0D B0 02 B1 02 63 05  ...."#..P.....c.
000049C0  61 07 00 00 22 23 00 00  30 0B 50 05 A4 00 F9 02  a..."#..0.P.....
000049D0  39 07 00 00 22 23 00 00  50 0D 50 05 8A 02 0E 03  9..."#..P.P.....
000049E0  9B 06 00 00 22 23 00 00  50 0D 50 05 8A 02 0E 03  ...."#..P.P.....
000049F0  9B 06 00 00 22 23 00 00  30 0B 50 05 A4 00 F9 02  ...."#..0.P.....
00004A00  39 07 00 00 22 23 00 00  30 0D 50 06 7D 02 F1 01  9..."#..0.P.}...
00004A10  A9 06 00 00 22 23 00 00  B0 0A 90 05 00 00 9E 02  ...."#..........
00004A20  AB 07 00 00 22 23 00 00  B0 0A D0 06 00 00 27 01  ...."#........'.
00004A30  19 09 00 00 22 23 00 00  50 0B D0 06 B1 00 35 01  ...."#..P.....5.
00004A40  C3 07 00 00 22 23 00 00  50 0D B0 02 B1 02 63 05  ...."#..P.....c.
00004A50  61 07 00 00 22 23 00 00  B0 0A 30 02 00 00 92 06  a..."#....0.....
00004A60  65 08 00 00 22 23 00 00  B0 0A 30 04 00 00 D6 03  e..."#....0.....
00004A70  5D 08 00 00 22 23 00 00  F0 07 30 07 E9 06 D6 06  ]..."#....0.....
00004A80  ED 01 00 00 22 23 00 00  50 05 B0 07 73 05 9F 05  ...."#..P...s...
00004A90  A2 05 00 00 22 23 00 00  90 04 50 0A 75 04 03 03  ...."#....P.u...
00004AA0  56 05 00 00 22 23 00 00  F0 07 30 07 E9 06 D6 06  V..."#....0.....
00004AB0  ED 01 00 00 22 23 00 00  10 05 70 05 27 05 8A 09  ...."#....p.'...
00004AC0  77 05 00 00 22 23 00 00  50 05 B0 07 73 05 9F 05  w..."#..P...s...
00004AD0  A2 05 00 00 22 23 00 00  30 0B 50 05 A4 00 F9 02  ...."#..0.P.....
00004AE0  39 07 00 00 22 23 00 00  B0 0A 90 05 00 00 9E 02  9..."#..........
00004AF0  AB 07 00 00 22 23 00 00  50 0B D0 06 B1 00 35 01  ...."#..P.....5.
00004B00  C3 07 00 00 22 23 00 00  B0 0A 30 04 00 00 D6 03  ...."#....0.....
00004B10  5D 08 00 00 22 23 00 00  B0 0A 90 05 00 00 9E 02  ]..."#..........
00004B20  AB 07 00 00 22 23 00 00  30 0B 50 05 A4 00 F9 02  ...."#..0.P.....
00004B30  39 07 00 00 22 23 00 00  50 0D B0 02 4F FD D8 05  9..."#..P...O...
00004B40  61 07 00 00 22 23 00 00  30 0B 50 05 5C FF F9 02  a..."#..0.P.\...
00004B50  39 07 00 00 22 23 00 00  B0 0A 30 04 00 00 D6 03  9..."#....0.....
00004B60  5D 08 00 00 22 23 00 00  50 0B D0 06 4F FF 35 01  ]..."#..P...O.5.
00004B70  C3 07 00 00 22 23 00 00  30 0B 50 05 5C FF F9 02  ...."#..0.P.\...
00004B80  39 07 00 00 22 23 00 00  30 0D 50 06 83 FD F1 01  9..."#..0.P.....
00004B90  A9 06 00 00 22 23 00 00  B0 0A 90 05 00 00 9E 02  ...."#..........
00004BA0  AB 07 00 00 22 23 00 00  50 0B D0 06 4F FF 35 01  ...."#..P...O.5.
00004BB0  C3 07 00 00 22 23 00 00  B0 0A D0 06 00 00 27 01  ...."#........'.
00004BC0  19 09 00 00 22 23 00 00  50 0D B0 02 4F FD D8 05  ...."#..P...O...
00004BD0  61 07 00 00 22 23 00 00  B0 0A 30 04 00 00 D6 03  a..."#....0.....
00004BE0  5D 08 00 00 22 23 00 00  B0 0A 30 02 00 00 92 06  ]..."#....0.....
00004BF0  65 08 00 00 22 23 00 00  F0 07 30 07 17 F9 D6 06  e..."#....0.....
00004C00  ED 01 00 00 22 23 00 00  90 04 50 0A 8B FB 03 03  ...."#....P.....
00004C10  56 05 00 00 22 23 00 00  50 05 B0 07 8D FA B7 05  V..."#..P.......
00004C20  A2 05 00 00 22 23 00 00  F0 07 30 07 17 F9 D6 06  ...."#....0.....
00004C30  ED 01 00 00 22 23 00 00  50 05 B0 07 8D FA B7 05  ...."#..P.......
00004C40  A2 05 00 00 22 23 00 00  10 05 70 05 D9 FA 8A 09  ...."#....p.....
00004C50  77 05 00 00 22 23 00 00  30 0B 50 05 5C FF F9 02  w..."#..0.P.\...
00004C60  39 07 00 00 22 23 00 00  50 0B D0 06 4F FF 35 01  9..."#..P...O.5.
00004C70  C3 07 00 00 22 23 00 00  B0 0A 90 05 00 00 9E 02  ...."#..........
00004C80  AB 07 00 00 22 23 00 00  B0 0A 30 04 00 00 D6 03  ...."#....0.....
00004C90  5D 08 00 00 22 23 00 00  30 0B 50 05 5C FF F9 02  ]..."#..0.P.\...
00004CA0  39 07 00 00 22 23 00 00  B0 0A 90 05 00 00 9E 02  9..."#..........
00004CB0  AB 07 00 00 22 23 00 00  B0 0F 70 00 27 05 8A 09  ...."#....p.'...
00004CC0  77 05 00 00 22 23 00 00  B0 0A 10 00 00 00 67 0A  w..."#........g.
00004CD0  D2 07 00 00 22 23 00 00  50 0D 70 01 B9 02 31 07  ...."#..P.p...1.
00004CE0  65 07 00 00 22 23 00 00  50 0D 70 01 47 FD DF 07  e..."#..P.p.G...
00004CF0  65 07 00 00 22 23 00 00  B0 0A 10 00 00 00 67 0A  e..."#........g.
00004D00  D2 07 00 00 22 23 00 00  B0 0F 70 00 D9 FA 8A 09  ...."#....p.....
00004D10  77 05 00 00 22 23 00 00  F0 0F B0 02 8D FA B7 05  w..."#..........
00004D20  A2 05 00 00 22 23 00 00  50 0D 70 01 47 FD DF 07  ...."#..P.p.G...
00004D30  65 07 00 00 22 23 00 00  B0 0F 70 00 D9 FA 8A 09  e..."#....p.....
00004D40  77 05 00 00 22 23 00 00  30 0D 50 06 7D 02 F1 01  w..."#..0.P.}...
00004D50  A9 06 00 00 22 23 00 00  30 0B 50 05 A4 00 F9 02  ...."#..0.P.....
00004D60  39 07 00 00 22 23 00 00  50 0B D0 06 B1 00 35 01  9..."#..P.....5.
00004D70  C3 07 00 00 22 23 00 00  30 0D 50 06 83 FD F1 01  ...."#..0.P.....
00004D80  A9 06 00 00 22 23 00 00  30 0B 50 05 5C FF F9 02  ...."#..0.P.\...
00004D90  39 07 00 00 22 23 00 00  50 0D 50 05 76 FD 31 03  9..."#..P.P.v.1.
00004DA0  9B 06 00 00 22 23 00 00  30 0F 50 05 75 04 03 03  ...."#..0.P.u...
00004DB0  56 05 00 00 22 23 00 00  50 0D 50 05 8A 02 0E 03  V..."#..P.P.....
00004DC0  9B 06 00 00 22 23 00 00  30 0D 50 06 7D 02 F1 01  ...."#..0.P.}...
00004DD0  A9 06 00 00 22 23 00 00  50 0D 70 01 B9 02 31 07  ...."#..P.p...1.
00004DE0  65 07 00 00 22 23 00 00  B0 0A 30 02 00 00 92 06  e..."#....0.....
00004DF0  65 08 00 00 22 23 00 00  50 0D B0 02 B1 02 63 05  e..."#..P.....c.
00004E00  61 07 00 00 22 23 00 00  F0 0F B0 02 8D FA B7 05  a..."#..........
00004E10  A2 05 00 00 22 23 00 00  50 0D B0 02 4F FD D8 05  ...."#..P...O...
00004E20  61 07 00 00 22 23 00 00  50 0D 70 01 47 FD DF 07  a..."#..P.p.G...
00004E30  65 07 00 00 22 23 00 00  30 0D 50 06 83 FD F1 01  e..."#..0.P.....
00004E40  A9 06 00 00 22 23 00 00  50 0D 50 05 76 FD 31 03  ...."#..P.P.v.1.
00004E50  9B 06 00 00 22 23 00 00  30 0F 50 05 8B FB 03 03  ...."#..0.P.....
00004E60  56 05 00 00 22 23 00 00  F0 0F B0 02 73 05 9F 05  V..."#......s...
00004E70  A2 05 00 00 22 23 00 00  50 0D 70 01 B9 02 31 07  ...."#..P.p...1.
00004E80  65 07 00 00 22 23 00 00  50 0D B0 02 B1 02 63 05  e..."#..P.....c.
00004E90  61 07 00 00 22 23 00 00  F0 0F B0 02 73 05 9F 05  a..."#......s...
00004EA0  A2 05 00 00 22 23 00 00  B0 0F 70 00 27 05 8A 09  ...."#....p.'...
00004EB0  77 05 00 00 22 23 00 00  50 0D 70 01 B9 02 31 07  w..."#..P.p...1.
00004EC0  65 07 00 00 22 23 00 00  50 0D 70 01 47 FD DF 07  e..."#..P.p.G...
00004ED0  65 07 00 00 22 23 00 00  50 0D B0 02 4F FD D8 05  e..."#..P...O...
00004EE0  61 07 00 00 22 23 00 00  B0 0A 30 02 00 00 92 06  a..."#....0.....
00004EF0  65 08 00 00 22 23 00 00  B0 0A 30 02 00 00 92 06  e..."#....0.....
00004F00  65 08 00 00 22 23 00 00  B0 0A 10 00 00 00 67 0A  e..."#........g.
00004F10  D2 07 00 00 22 23 00 00  50 0D 70 01 47 FD DF 07  ...."#..P.p.G...
00004F20  65 07 00 00 22 23 00 00  50 0D 70 01 B9 02 31 07  e..."#..P.p...1.
00004F30  65 07 00 00 22 23 00 00  B0 0A 10 00 00 00 67 0A  e..."#........g.
00004F40  D2 07 00 00 22 23 00 00  B0 0A 30 02 00 00 92 06  ...."#....0.....
00004F50  65 08 00 00 22 23 00 00  50 0D B0 02 B1 02 63 05  e..."#..P.....c.
00004F60  61 07 00 00 22 23 00 00  B0 0A 30 04 00 00 D6 03  a..."#....0.....
00004F70  5D 08 00 00 22 23 00 00  30 0B 50 05 A4 00 F9 02  ]..."#..0.P.....
00004F80  39 07 00 00 22 23 00 00  50 0D B0 02 4F FD D8 05  9..."#..P...O...
00004F90  61 07 00 00 22 23 00 00  50 0D 50 05 76 FD 31 03  a..."#..P.P.v.1.
00004FA0  9B 06 00 00 22 23 00 00  30 0B 50 05 5C FF F9 02  ...."#..0.P.\...
00004FB0  39 07 00 00 04 00 00 00  A0 00 00 00 08 00 10 29  9..............)
00004FC0  00 00 00 00 00 00 00 00  00 00 00 00 00 00 00 00  ................
00004FD0  00 00 00 00 22 23 00 00  F0 0F B0 02 73 05 9F 05  ...."#......s...
00004FE0  A2 05 00 00 22 23 00 00  50 0D B0 02 B1 02 63 05  ...."#..P.....c.
00004FF0  61 07 00 00 22 23 00 00  50 0D 50 05 8A 02 0E 03  a..."#..P.P.....
00005000  9B 06 00 00 22 23 00 00  30 0F 50 05 75 04 03 03  ...."#..0.P.u...
00005010  56 05 00 00 22 23 00 00  F0 0F B0 02 8D FA B7 05  V..."#..........
00005020  A2 05 00 00 22 23 00 00  30 0F 50 05 8B FB 03 03  ...."#..0.P.....
00005030  56 05 00 00 22 23 00 00  50 0D 50 05 76 FD 31 03  V..."#..P.P.v.1.
00005040  9B 06 00 00 22 23 00 00  50 0D B0 02 4F FD D8 05  ...."#..P...O...
00005050  61 07 00 00 01 00 00 00  08 00 00 00 02 00 08 7C  a..............|
00005060  08 00 00 00 03 00 00 00  20 06 00 00 60 00 10 29  ........ ...`..)
00005070  00 00 00 00 00 00 00 00  00 00 00 00 00 00 00 00  ................
00005080  00 00 00 00 22 23 00 00  10 08 50 01 8A 02 99 04  ...."#....P.....
00005090  4C 07 00 00 22 23 00 00  10 0A 30 03 A4 00 F9 02  L..."#....0.....
000050A0  39 07 00 00 22 23 00 00  10 08 30 03 8A 02 02 03  9..."#....0.....
000050B0  9B 06 00 00 22 23 00 00  10 08 30 03 8A 02 02 03  ...."#....0.....
000050C0  9B 06 00 00 22 23 00 00  10 0A 30 03 A4 00 F9 02  ...."#....0.....
000050D0  39 07 00 00 22 23 00 00  10 08 30 04 7D 02 F1 01  9..."#....0.}...
000050E0  A9 06 00 00 22 23 00 00  90 0A 70 03 00 00 01 03  ...."#....p.....
000050F0  A4 07 00 00 22 23 00 00  90 0A B0 04 00 00 27 01  ...."#........'.
00005100  19 09 00 00 22 23 00 00  F0 09 B0 04 B1 00 35 01  ...."#........5.
00005110  C3 07 00 00 22 23 00 00  90 0A 10 00 00 00 43 06  ...."#........C.
00005120  65 08 00 00 22 23 00 00  90 0A 10 02 00 00 D6 03  e..."#..........
00005130  5D 08 00 00 22 23 00 00  F0 07 10 00 B9 02 5E 06  ]..."#........^.
00005140  68 07 00 00 22 23 00 00  F0 07 30 07 E9 06 D6 06  h..."#....0.....
00005150  ED 01 00 00 22 23 00 00  50 05 B0 07 73 05 43 05  ...."#..P...s.C.
00005160  A2 05 00 00 22 23 00 00  90 04 50 0A 75 04 03 03  ...."#....P.u...
00005170  56 05 00 00 22 23 00 00  F0 07 30 07 E9 06 D6 06  V..."#....0.....
00005180  ED 01 00 00 22 23 00 00  10 05 70 05 27 05 8A 09  ...."#....p.'...
00005190  77 05 00 00 22 23 00 00  50 05 B0 07 73 05 43 05  w..."#..P...s.C.
000051A0  A2 05 00 00 22 23 00 00  10 0A 30 03 A4 00 F9 02  ...."#....0.....
000051B0  39 07 00 00 22 23 00 00  90 0A 70 03 00 00 01 03  9..."#....p.....
000051C0  A4 07 00 00 22 23 00 00  F0 09 B0 04 B1 00 35 01  ...."#........5.
000051D0  C3 07 00 00 22 23 00 00  90 0A 10 02 00 00 D6 03  ...."#..........
000051E0  5D 08 00 00 22 23 00 00  90 0A 70 03 00 00 01 03  ]..."#....p.....
000051F0  A4 07 00 00 22 23 00 00  10 0A 30 03 A4 00 F9 02  ...."#....0.....
00005200  39 07 00 00 22 23 00 00  10 00 30 09 00 00 D6 03  9..."#....0.....
00005210  5D 08 00 00 22 23 00 00  90 02 70 08 76 FD 5E 05  ]..."#....p.v.^.
00005220  4C 07 00 00 22 23 00 00  90 00 50 0A 5C FF F9 02  L..."#....P.\...
00005230  39 07 00 00 22 23 00 00  B0 00 D0 0B 4F FF 35 01  9..."#......O.5.
00005240  C3 07 00 00 22 23 00 00  90 00 50 0A 5C FF F9 02  ...."#....P.\...
00005250  39 07 00 00 22 23 00 00  90 02 50 0B 83 FD F1 01  9..."#....P.....
00005260  A9 06 00 00 22 23 00 00  10 00 90 0A 00 00 01 03  ...."#..........
00005270  A4 07 00 00 22 23 00 00  B0 00 D0 0B 4F FF 35 01  ...."#......O.5.
00005280  C3 07 00 00 22 23 00 00  10 00 D0 0B 00 00 27 01  ...."#........'.
00005290  19 09 00 00 22 23 00 00  90 02 70 08 76 FD 5E 05  ...."#....p.v.^.
000052A0  4C 07 00 00 22 23 00 00  10 00 30 09 00 00 D6 03  L..."#....0.....
000052B0  5D 08 00 00 22 23 00 00  B0 02 30 07 47 FD 89 06  ]..."#....0.G...
000052C0  68 07 00 00 22 23 00 00  F0 07 30 07 17 F9 D6 06  h..."#....0.....
000052D0  ED 01 00 00 22 23 00 00  90 04 50 0A 8B FB 03 03  ...."#....P.....
000052E0  56 05 00 00 22 23 00 00  50 05 B0 07 8D FA CF 06  V..."#..P.......
000052F0  5F 05 00 00 22 23 00 00  F0 07 30 07 17 F9 D6 06  _..."#....0.....
00005300  ED 01 00 00 22 23 00 00  50 05 B0 07 8D FA CF 06  ...."#..P.......
00005310  5F 05 00 00 22 23 00 00  10 05 70 05 D9 FA 8A 09  _..."#....p.....
00005320  77 05 00 00 22 23 00 00  90 00 50 0A 5C FF F9 02  w..."#....P.\...
00005330  39 07 00 00 22 23 00 00  B0 00 D0 0B 4F FF 35 01  9..."#......O.5.
00005340  C3 07 00 00 22 23 00 00  10 00 90 0A 00 00 01 03  ...."#..........
00005350  A4 07 00 00 22 23 00 00  10 00 30 09 00 00 D6 03  ...."#....0.....
00005360  5D 08 00 00 22 23 00 00  90 00 50 0A 5C FF F9 02  ]..."#....P.\...
00005370  39 07 00 00 22 23 00 00  10 00 90 0A 00 00 01 03  9..."#..........
00005380  A4 07 00 00 22 23 00 00  B0 02 30 07 B9 02 5E 06  ...."#....0...^.
00005390  68 07 00 00 22 23 00 00  10 00 10 05 00 00 67 0A  h..."#........g.
000053A0  D2 07 00 00 22 23 00 00  10 00 30 07 00 00 43 06  ...."#....0...C.
000053B0  65 08 00 00 22 23 00 00  10 00 30 07 00 00 43 06  e..."#....0...C.
000053C0  65 08 00 00 22 23 00 00  10 00 10 05 00 00 67 0A  e..."#........g.
000053D0  D2 07 00 00 22 23 00 00  B0 02 30 07 47 FD 89 06  ...."#....0.G...
000053E0  68 07 00 00 22 23 00 00  50 05 B0 07 8D FA CF 06  h..."#..P.......
000053F0  5F 05 00 00 22 23 00 00  B0 02 30 07 47 FD 89 06  _..."#....0.G...
00005400  68 07 00 00 22 23 00 00  10 05 70 05 D9 FA 8A 09  h..."#....p.....
00005410  77 05 00 00 22 23 00 00  10 08 30 04 7D 02 F1 01  w..."#....0.}...
00005420  A9 06 00 00 22 23 00 00  10 0A 30 03 A4 00 F9 02  ...."#....0.....
00005430  39 07 00 00 22 23 00 00  F0 09 B0 04 B1 00 35 01  9..."#........5.
00005440  C3 07 00 00 22 23 00 00  90 02 50 0B 83 FD F1 01  ...."#....P.....
00005450  A9 06 00 00 22 23 00 00  90 00 50 0A 5C FF F9 02  ...."#....P.\...
00005460  39 07 00 00 22 23 00 00  90 02 50 0A 76 FD 02 03  9..."#....P.v...
00005470  9B 06 00 00 22 23 00 00  10 06 30 03 75 04 03 03  ...."#....0.u...
00005480  56 05 00 00 22 23 00 00  10 08 30 03 8A 02 02 03  V..."#....0.....
00005490  9B 06 00 00 22 23 00 00  10 08 30 04 7D 02 F1 01  ...."#....0.}...
000054A0  A9 06 00 00 22 23 00 00  50 05 B0 07 8D FA CF 06  ...."#..P.......
000054B0  5F 05 00 00 22 23 00 00  90 02 70 08 76 FD 5E 05  _..."#....p.v.^.
000054C0  4C 07 00 00 22 23 00 00  B0 02 30 07 47 FD 89 06  L..."#....0.G...
000054D0  68 07 00 00 22 23 00 00  90 02 50 0B 83 FD F1 01  h..."#....P.....
000054E0  A9 06 00 00 22 23 00 00  90 02 50 0A 76 FD 02 03  ...."#....P.v...
000054F0  9B 06 00 00 22 23 00 00  90 04 50 0A 8B FB 03 03  ...."#....P.....
00005500  56 05 00 00 22 23 00 00  50 05 90 00 73 05 43 05  V..."#..P...s.C.
00005510  A2 05 00 00 22 23 00 00  F0 07 10 00 B9 02 5E 06  ...."#........^.
00005520  68 07 00 00 22 23 00 00  10 08 50 01 8A 02 99 04  h..."#....P.....
00005530  4C 07 00 00 22 23 00 00  50 05 B0 07 73 05 43 05  L..."#..P...s.C.
00005540  A2 05 00 00 22 23 00 00  10 05 70 05 27 05 8A 09  ...."#....p.'...
00005550  77 05 00 00 22 23 00 00  B0 02 30 07 B9 02 5E 06  w..."#....0...^.
00005560  68 07 00 00 22 23 00 00  F0 07 10 00 B9 02 5E 06  h..."#........^.
00005570  68 07 00 00 22 23 00 00  90 0A 10 02 00 00 D6 03  h..."#..........
00005580  5D 08 00 00 22 23 00 00  10 08 50 01 8A 02 99 04  ]..."#....P.....
00005590  4C 07 00 00 22 23 00 00  B0 02 30 07 47 FD 89 06  L..."#....0.G...
000055A0  68 07 00 00 22 23 00 00  10 00 30 09 00 00 D6 03  h..."#....0.....
000055B0  5D 08 00 00 22 23 00 00  10 00 30 07 00 00 43 06  ]..."#....0...C.
000055C0  65 08 00 00 22 23 00 00  90 0A 10 02 00 00 D6 03  e..."#..........
000055D0  5D 08 00 00 22 23 00 00  10 0A 30 03 A4 00 F9 02  ]..."#....0.....
000055E0  39 07 00 00 22 23 00 00  10 08 50 01 8A 02 99 04  9..."#....P.....
000055F0  4C 07 00 00 22 23 00 00  90 00 50 0A 5C FF F9 02  L..."#....P.\...
00005600  39 07 00 00 22 23 00 00  90 02 70 08 76 FD 5E 05  9..."#....p.v.^.
00005610  4C 07 00 00 22 23 00 00  90 02 50 0A 76 FD 02 03  L..."#....P.v...
00005620  9B 06 00 00 22 23 00 00  10 05 70 05 27 05 8A 09  ...."#....p.'...
00005630  77 05 00 00 22 23 00 00  10 00 10 05 00 00 67 0A  w..."#........g.
00005640  D2 07 00 00 22 23 00 00  B0 02 30 07 B9 02 5E 06  ...."#....0...^.
00005650  68 07 00 00 22 23 00 00  B0 02 30 07 47 FD 89 06  h..."#....0.G...
00005660  68 07 00 00 22 23 00 00  10 00 10 05 00 00 67 0A  h..."#........g.
00005670  D2 07 00 00 22 23 00 00  10 05 70 05 D9 FA 8A 09  ...."#....p.....
00005680  77 05 00 00 04 00 00 00  A0 00 00 00 08 00 10 29  w..............)
00005690  00 00 00 00 00 00 00 00  00 00 00 00 00 00 00 00  ................
000056A0  00 00 00 00 22 23 00 00  50 05 90 00 73 05 43 05  ...."#..P...s.C.
000056B0  A2 05 00 00 22 23 00 00  10 08 50 01 8A 02 99 04  ...."#....P.....
000056C0  4C 07 00 00 22 23 00 00  10 08 30 03 8A 02 02 03  L..."#....0.....
000056D0  9B 06 00 00 22 23 00 00  10 06 30 03 75 04 03 03  ...."#....0.u...
000056E0  56 05 00 00 22 23 00 00  50 05 B0 07 8D FA CF 06  V..."#..P.......
000056F0  5F 05 00 00 22 23 00 00  90 04 50 0A 8B FB 03 03  _..."#....P.....
00005700  56 05 00 00 22 23 00 00  90 02 50 0A 76 FD 02 03  V..."#....P.v...
00005710  9B 06 00 00 22 23 00 00  90 02 70 08 76 FD 5E 05  ...."#....p.v.^.
00005720  4C 07 00 00 01 00 00 00  08 00 00 00 02 00 09 7C  L..............|
00005730  08 00 00 00 03 00 00 00  80 06 00 00 66 00 10 29  ............f..)
00005740  00 00 00 00 00 00 00 00  00 00 00 00 00 00 00 00  ................
00005750  00 00 00 00 22 23 00 00  70 0D 10 0B 85 02 4E 06  ...."#..p.....N.
00005760  37 07 00 00 22 23 00 00  70 0F B0 07 A4 00 7E 02  7..."#..p.....~.
00005770  15 07 00 00 22 23 00 00  70 0D B0 07 85 02 C4 02  ...."#..p.......
00005780  79 06 00 00 22 23 00 00  70 0D B0 07 85 02 C4 02  y..."#..p.......
00005790  79 06 00 00 22 23 00 00  70 0F B0 07 A4 00 7E 02  y..."#..p.....~.
000057A0  15 07 00 00 22 23 00 00  70 0D B0 06 7D 02 F1 01  ...."#..p...}...
000057B0  A9 06 00 00 22 23 00 00  F0 0F 70 07 00 00 9D 02  ...."#....p.....
000057C0  F2 07 00 00 22 23 00 00  F0 0F 30 06 00 00 27 01  ...."#....0...'.
000057D0  19 09 00 00 22 23 00 00  50 0F 30 06 B1 00 35 01  ...."#..P.0...5.
000057E0  C3 07 00 00 22 23 00 00  70 0D 10 0B 85 02 4E 06  ...."#..p.....N.
000057F0  37 07 00 00 22 23 00 00  F0 0F B0 0B 00 00 FC 06  7..."#..........
00005800  3A 08 00 00 22 23 00 00  F0 0F D0 09 00 00 87 04  :..."#..........
00005810  32 08 00 00 22 23 00 00  F0 07 30 07 E9 06 D6 06  2..."#....0.....
00005820  ED 01 00 00 22 23 00 00  30 05 30 07 27 05 20 06  ...."#..0.0.'. .
00005830  FA 05 00 00 22 23 00 00  90 04 50 0A 75 04 03 03  ...."#....P.u...
00005840  56 05 00 00 22 23 00 00  F0 07 30 07 E9 06 D6 06  V..."#....0.....
00005850  ED 01 00 00 22 23 00 00  10 05 70 05 27 05 8A 09  ...."#....p.'...
00005860  77 05 00 00 22 23 00 00  30 05 30 07 27 05 20 06  w..."#..0.0.'. .
00005870  FA 05 00 00 22 23 00 00  70 0F B0 07 A4 00 7E 02  ...."#..p.....~.
00005880  15 07 00 00 22 23 00 00  F0 0F 70 07 00 00 9D 02  ...."#....p.....
00005890  F2 07 00 00 22 23 00 00  50 0F 30 06 B1 00 35 01  ...."#..P.0...5.
000058A0  C3 07 00 00 22 23 00 00  F0 0F 3A 08 00 00 1D 03  ...."#....:.....
000058B0  F4 07 00 00 22 23 00 00  F0 0F 70 07 00 00 9D 02  ...."#....p.....
000058C0  F2 07 00 00 22 23 00 00  70 0F B0 07 A4 00 7E 02  ...."#..p.....~.
000058D0  15 07 00 00 22 23 00 00  90 02 10 00 7B FD 08 06  ...."#......{...
000058E0  37 07 00 00 22 23 00 00  90 00 70 03 5C FF 7E 02  7..."#....p.\.~.
000058F0  34 07 00 00 22 23 00 00  10 00 50 01 00 00 87 04  4..."#....P.....
00005900  32 08 00 00 22 23 00 00  B0 00 F0 04 4F FF 35 01  2..."#......O.5.
00005910  C3 07 00 00 22 23 00 00  90 00 70 03 5C FF 7E 02  ...."#....p.\.~.
00005920  34 07 00 00 22 23 00 00  90 02 70 04 83 FD F1 01  4..."#....p.....
00005930  A9 06 00 00 22 23 00 00  10 00 B0 03 00 00 9D 02  ...."#..........
00005940  F2 07 00 00 22 23 00 00  B0 00 F0 04 4F FF 35 01  ...."#......O.5.
00005950  C3 07 00 00 22 23 00 00  10 00 F0 04 00 00 27 01  ...."#........'.
00005960  19 09 00 00 22 23 00 00  70 0D 10 0B 7B FD 08 06  ...."#..p...{...
00005970  37 07 00 00 22 23 00 00  F0 0F D0 09 00 00 87 04  7..."#..........
00005980  32 08 00 00 22 23 00 00  F0 0F B0 0B 00 00 FC 06  2..."#..........
00005990  3A 08 00 00 22 23 00 00  F0 07 30 07 17 F9 D6 06  :..."#....0.....
000059A0  ED 01 00 00 22 23 00 00  90 04 50 0A 8B FB 03 03  ...."#....P.....
000059B0  56 05 00 00 22 23 00 00  30 05 30 07 D9 FA 20 06  V..."#..0.0... .
000059C0  FA 05 00 00 22 23 00 00  F0 07 30 07 17 F9 D6 06  ...."#....0.....
000059D0  ED 01 00 00 22 23 00 00  30 05 30 07 D9 FA 20 06  ...."#..0.0... .
000059E0  FA 05 00 00 22 23 00 00  10 05 70 05 D9 FA 8A 09  ...."#....p.....
000059F0  77 05 00 00 22 23 00 00  90 00 70 03 5C FF 7E 02  w..."#....p.\.~.
00005A00  34 07 00 00 22 23 00 00  B0 00 F0 04 4F FF 35 01  4..."#......O.5.
00005A10  C3 07 00 00 22 23 00 00  10 00 B0 03 00 00 9D 02  ...."#..........
00005A20  F2 07 00 00 22 23 00 00  10 00 F0 02 00 00 1D 03  ...."#..........
00005A30  F4 07 00 00 22 23 00 00  90 00 70 03 5C FF 7E 02  ...."#....p.\.~.
00005A40  34 07 00 00 22 23 00 00  10 00 B0 03 00 00 9D 02  4..."#..........
00005A50  F2 07 00 00 22 23 00 00  F0 0F B0 0B 00 00 FC 06  ...."#..........
00005A60  3A 08 00 00 22 23 00 00  F0 0A 90 0C 27 05 8A 09  :..."#......'...
00005A70  77 05 00 00 22 23 00 00  F0 0F F0 0C 00 00 67 0A  w..."#........g.
00005A80  D2 07 00 00 22 23 00 00  F0 0A 90 0C D9 FA 8A 09  ...."#..........
00005A90  77 05 00 00 22 23 00 00  F0 0F B0 0B 00 00 FC 06  w..."#..........
00005AA0  3A 08 00 00 22 23 00 00  F0 0F F0 0C 00 00 67 0A  :..."#........g.
00005AB0  D2 07 00 00 22 23 00 00  70 0D B0 06 7D 02 F1 01  ...."#..p...}...
00005AC0  A9 06 00 00 22 23 00 00  70 0F B0 07 A4 00 7E 02  ...."#..p.....~.
00005AD0  15 07 00 00 22 23 00 00  50 0F 30 06 B1 00 35 01  ...."#..P.0...5.
00005AE0  C3 07 00 00 22 23 00 00  90 02 70 04 83 FD F1 01  ...."#....p.....
00005AF0  A9 06 00 00 22 23 00 00  90 00 70 03 5C FF 7E 02  ...."#....p.\.~.
00005B00  34 07 00 00 22 23 00 00  90 02 70 03 7B FD C4 02  4..."#....p.{...
00005B10  79 06 00 00 22 23 00 00  70 0B B0 07 75 04 03 03  y..."#..p...u...
00005B20  56 05 00 00 22 23 00 00  70 0D B0 07 85 02 C4 02  V..."#..p.......
00005B30  79 06 00 00 22 23 00 00  70 0D B0 06 7D 02 F1 01  y..."#..p...}...
00005B40  A9 06 00 00 22 23 00 00  70 0B B0 07 75 04 03 03  ...."#..p...u...
00005B50  56 05 00 00 22 23 00 00  D0 0A D0 0A 27 05 20 06  V..."#......'. .
00005B60  FA 05 00 00 22 23 00 00  70 0D B0 07 85 02 C4 02  ...."#..p.......
00005B70  79 06 00 00 22 23 00 00  F0 0F B0 0B 00 00 FC 06  y..."#..........
00005B80  3A 08 00 00 22 23 00 00  70 0D 10 0B 85 02 4E 06  :..."#..p.....N.
00005B90  37 07 00 00 22 23 00 00  F0 0A 90 0C 27 05 8A 09  7..."#......'...
00005BA0  77 05 00 00 22 23 00 00  D0 0A D0 0A D9 FA 20 06  w..."#........ .
00005BB0  FA 05 00 00 22 23 00 00  70 0D 10 0B 7B FD 08 06  ...."#..p...{...
00005BC0  37 07 00 00 22 23 00 00  F0 0A 90 0C D9 FA 8A 09  7..."#..........
00005BD0  77 05 00 00 22 23 00 00  30 05 50 00 D9 FA 20 06  w..."#..0.P... .
00005BE0  FA 05 00 00 22 23 00 00  90 02 70 03 7B FD C4 02  ...."#....p.{...
00005BF0  79 06 00 00 22 23 00 00  90 02 10 00 7B FD 08 06  y..."#......{...
00005C00  37 07 00 00 22 23 00 00  90 02 70 04 83 FD F1 01  7..."#....p.....
00005C10  A9 06 00 00 22 23 00 00  90 02 70 03 7B FD C4 02  ...."#....p.{...
00005C20  79 06 00 00 22 23 00 00  90 04 70 03 8B FB 03 03  y..."#....p.....
00005C30  56 05 00 00 22 23 00 00  F0 0A 90 0C D9 FA 8A 09  V..."#..........
00005C40  77 05 00 00 22 23 00 00  70 0D 10 0B 7B FD 08 06  w..."#..p...{...
00005C50  37 07 00 00 22 23 00 00  F0 0F B0 0B 00 00 FC 06  7..."#..........
00005C60  3A 08 00 00 22 23 00 00  F0 0A 90 0C 27 05 8A 09  :..."#......'...
00005C70  77 05 00 00 22 23 00 00  70 0D 10 0B 85 02 4E 06  w..."#..p.....N.
00005C80  37 07 00 00 22 23 00 00  D0 0A D0 0A 27 05 20 06  7..."#......'. .
00005C90  FA 05 00 00 22 23 00 00  70 0D 10 0B 85 02 4E 06  ...."#..p.....N.
00005CA0  37 07 00 00 22 23 00 00  F0 0F D0 09 00 00 87 04  7..."#..........
00005CB0  32 08 00 00 22 23 00 00  70 0F B0 07 A4 00 7E 02  2..."#..p.....~.
00005CC0  15 07 00 00 22 23 00 00  90 02 10 00 7B FD 08 06  ...."#......{...
00005CD0  37 07 00 00 22 23 00 00  90 02 70 03 7B FD C4 02  7..."#....p.{...
00005CE0  79 06 00 00 22 23 00 00  90 00 70 03 5C FF 7E 02  y..."#....p.\.~.
00005CF0  34 07 00 00 22 23 00 00  F0 0F D0 09 00 00 87 04  4..."#..........
00005D00  32 08 00 00 22 23 00 00  F0 0F 3A 08 00 00 1D 03  2..."#....:.....
00005D10  F4 07 00 00 22 23 00 00  70 0F B0 07 A4 00 7E 02  ...."#..p.....~.
00005D20  15 07 00 00 22 23 00 00  10 00 50 01 00 00 87 04  ...."#....P.....
00005D30  32 08 00 00 22 23 00 00  90 00 70 03 5C FF 7E 02  2..."#....p.\.~.
00005D40  34 07 00 00 22 23 00 00  10 00 F0 02 00 00 1D 03  4..."#..........
00005D50  F4 07 00 00 22 23 00 00  70 0D B0 07 85 02 C4 02  ...."#..p.......
00005D60  79 06 00 00 22 23 00 00  D0 0A D0 0A 27 05 20 06  y..."#......'. .
00005D70  FA 05 00 00 22 23 00 00  70 0D 10 0B 85 02 4E 06  ...."#..p.....N.
00005D80  37 07 00 00 22 23 00 00  30 05 50 00 D9 FA 20 06  7..."#..0.P... .
00005D90  FA 05 00 00 22 23 00 00  90 04 70 03 8B FB 03 03  ...."#....p.....
00005DA0  56 05 00 00 22 23 00 00  90 02 70 03 7B FD C4 02  V..."#....p.{...
00005DB0  79 06 00 00 01 00 00 00  08 00 00 00 02 00 0A 7C  y..............|
00005DC0  08 00 00 00 03 00 00 00  60 0B 00 00 B4 00 10 29  ........`......)
00005DD0  00 00 00 00 00 00 00 00  00 00 00 00 00 00 00 00  ................
00005DE0  00 00 00 00 22 23 00 00  F0 07 30 07 E9 06 D6 06  ...."#....0.....
00005DF0  ED 01 00 00 22 23 00 00  90 04 50 0A 75 04 03 03  ...."#....P.u...
00005E00  56 05 00 00 22 23 00 00  90 06 90 0C 10 05 49 01  V..."#........I.
00005E10  C4 01 00 00 22 23 00 00  90 06 90 0C F0 FA 49 01  ...."#........I.
00005E20  C4 01 00 00 22 23 00 00  F0 07 30 07 17 F9 D6 06  ...."#....0.....
00005E30  ED 01 00 00 22 23 00 00  D0 07 F0 0D 85 FC B8 00  ...."#..........
00005E40  AC FD 00 00 22 23 00 00  F0 07 30 07 E9 06 D6 06  ...."#....0.....
00005E50  ED 01 00 00 22 23 00 00  90 06 90 0C 10 05 49 01  ...."#........I.
00005E60  C4 01 00 00 22 23 00 00  D0 07 F0 0D 65 03 CD 00  ...."#......e...
00005E70  F7 FD 00 00 22 23 00 00  90 04 50 0A 8B FB 03 03  ...."#....P.....
00005E80  56 05 00 00 22 23 00 00  F0 07 30 07 17 F9 D6 06  V..."#....0.....
00005E90  ED 01 00 00 22 23 00 00  90 06 90 0C F0 FA 49 01  ...."#........I.
00005EA0  C4 01 00 00 22 23 00 00  90 06 00 10 00 00 F8 FD  ...."#..........
00005EB0  E9 FE 00 00 22 23 00 00  10 05 F0 0E B9 02 40 FE  ...."#........@.
00005EC0  B1 03 00 00 22 23 00 00  10 05 B0 0F C2 00 F9 FC  ...."#..........
00005ED0  79 05 00 00 22 23 00 00  D0 07 F0 0D 65 03 CD 00  y..."#......e...
00005EE0  F7 FD 00 00 22 23 00 00  90 06 90 0C 10 05 49 01  ...."#........I.
00005EF0  C4 01 00 00 22 23 00 00  90 06 00 10 00 00 F8 FD  ...."#..........
00005F00  E9 FE 00 00 22 23 00 00  D0 09 B0 0D B1 00 35 01  ...."#........5.
00005F10  C3 07 00 00 22 23 00 00  D0 09 30 0C 00 00 27 01  ...."#....0...'.
00005F20  19 09 00 00 22 23 00 00  10 09 B0 0D 00 00 D6 00  ...."#..........
00005F30  46 08 00 00 22 23 00 00  00 00 B0 0D 00 00 B7 FF  F..."#..........
00005F40  B9 07 00 00 22 23 00 00  D0 00 10 0E CC 00 52 FF  ...."#........R.
00005F50  1E 07 00 00 22 23 00 00  50 01 B0 0D 4E 01 8F FF  ...."#..P...N...
00005F60  F7 06 00 00 22 23 00 00  D0 00 30 0F D8 00 97 FD  ...."#....0.....
00005F70  62 06 00 00 22 23 00 00  50 01 B0 0D 4E 01 8F FF  b..."#..P...N...
00005F80  F7 06 00 00 22 23 00 00  D0 00 10 0E CC 00 52 FF  ...."#........R.
00005F90  1E 07 00 00 22 23 00 00  B0 00 D0 0B B1 00 35 01  ...."#........5.
00005FA0  C3 07 00 00 22 23 00 00  B0 00 70 0C B4 00 C2 00  ...."#....p.....
00005FB0  CD 07 00 00 22 23 00 00  90 02 50 0B 7D 02 F1 01  ...."#....P.}...
00005FC0  A9 06 00 00 22 23 00 00  00 00 2F 0D 00 00 43 00  ...."#..../...C.
00005FD0  C6 07 00 00 22 23 00 00  50 01 B0 0D 4E 01 8F FF  ...."#..P...N...
00005FE0  F7 06 00 00 22 23 00 00  50 01 30 0D 49 01 1A 00  ...."#..P.0.I...
00005FF0  34 07 00 00 22 23 00 00  50 01 B0 0D 4E 01 8F FF  4..."#..P...N...
00006000  F7 06 00 00 22 23 00 00  D0 00 30 0F D8 00 97 FD  ...."#....0.....
00006010  62 06 00 00 22 23 00 00  D0 02 F0 0D 2D 02 9A FE  b..."#......-...
00006020  CB 05 00 00 22 23 00 00  D0 02 F0 0D 2D 02 9A FE  ...."#......-...
00006030  CB 05 00 00 22 23 00 00  D0 00 F0 0F C2 00 F9 FC  ...."#..........
00006040  79 05 00 00 22 23 00 00  10 05 90 0E B9 02 40 FE  y..."#........@.
00006050  B1 03 00 00 22 23 00 00  70 04 D0 0C F4 FB 45 00  ...."#..p.....E.
00006060  A7 05 00 00 22 23 00 00  10 05 90 0E 47 FD 40 FE  ...."#......G.@.
00006070  B1 03 00 00 22 23 00 00  D0 02 F0 0D D3 FD 9A FE  ...."#..........
00006080  CB 05 00 00 22 23 00 00  D0 09 B0 0D 4F FF 35 01  ...."#......O.5.
00006090  C3 07 00 00 22 23 00 00  10 09 B0 0D 00 00 D6 00  ...."#..........
000060A0  46 08 00 00 22 23 00 00  D0 09 30 0C 00 00 27 01  F..."#....0...'.
000060B0  19 09 00 00 22 23 00 00  D0 00 10 0E 34 FF 52 FF  ...."#......4.R.
000060C0  1E 07 00 00 22 23 00 00  00 00 B0 0D 00 00 B7 FF  ...."#..........
000060D0  B9 07 00 00 22 23 00 00  50 01 B0 0D B2 FE 8F FF  ...."#..P.......
000060E0  F7 06 00 00 22 23 00 00  B0 00 B0 0C 4B FF 80 00  ...."#......K...
000060F0  D5 07 00 00 22 23 00 00  70 04 D0 0C F4 FB 45 00  ...."#..p.....E.
00006100  A7 05 00 00 22 23 00 00  50 01 30 0D B7 FE 1A 00  ...."#..P.0.....
00006110  34 07 00 00 22 23 00 00  00 00 2F 0D 00 00 43 00  4..."#..../...C.
00006120  C6 07 00 00 22 23 00 00  B0 00 B0 0C 4B FF 80 00  ...."#......K...
00006130  D5 07 00 00 22 23 00 00  50 01 30 0D B7 FE 1A 00  ...."#..P.0.....
00006140  34 07 00 00 22 23 00 00  50 01 B0 0D B2 FE 8F FF  4..."#..P.......
00006150  F7 06 00 00 22 23 00 00  D0 02 F0 0D D3 FD 9A FE  ...."#..........
00006160  CB 05 00 00 22 23 00 00  D0 00 30 0F 28 FF 97 FD  ...."#....0.(...
00006170  62 06 00 00 22 23 00 00  D0 02 F0 0D D3 FD 9A FE  b..."#..........
00006180  CB 05 00 00 22 23 00 00  D0 00 F0 0F 3E FF F9 FC  ...."#......>...
00006190  79 05 00 00 22 23 00 00  D0 00 30 0F 28 FF 97 FD  y..."#....0.(...
000061A0  62 06 00 00 22 23 00 00  30 06 F0 0D 7C FB 97 FF  b..."#..0...|...
000061B0  10 02 00 00 22 23 00 00  90 06 00 10 00 00 F8 FD  ...."#..........
000061C0  E9 FE 00 00 22 23 00 00  10 05 F0 0E 47 FD 40 FE  ...."#......G.@.
000061D0  B1 03 00 00 22 23 00 00  F0 07 00 10 01 00 26 01  ...."#........&.
000061E0  FE FA 00 00 22 23 00 00  D0 07 F0 0D 65 03 CD 00  ...."#......e...
000061F0  F7 FD 00 00 22 23 00 00  90 06 00 10 00 00 F8 FD  ...."#..........
00006200  E9 FE 00 00 22 23 00 00  90 06 00 10 00 00 F8 FD  ...."#..........
00006210  E9 FE 00 00 22 23 00 00  D0 07 F0 0D 85 FC B8 00  ...."#..........
00006220  AC FD 00 00 22 23 00 00  F0 07 00 10 01 00 26 01  ...."#........&.
00006230  FE FA 00 00 22 23 00 00  70 04 D0 0C 0C 04 45 00  ...."#..p.....E.
00006240  A7 05 00 00 22 23 00 00  D0 02 F0 0D 2D 02 9A FE  ...."#......-...
00006250  CB 05 00 00 22 23 00 00  10 05 90 0E B9 02 40 FE  ...."#........@.
00006260  B1 03 00 00 22 23 00 00  70 04 D0 0C F4 FB 45 00  ...."#..p.....E.
00006270  A7 05 00 00 22 23 00 00  30 06 F0 0D 7C FB 97 FF  ...."#..0...|...
00006280  10 02 00 00 22 23 00 00  10 05 90 0E 47 FD 40 FE  ...."#......G.@.
00006290  B1 03 00 00 22 23 00 00  70 04 D0 0C F4 FB 45 00  ...."#..p.....E.
000062A0  A7 05 00 00 22 23 00 00  90 06 90 0C F0 FA 49 01  ...."#........I.
000062B0  C4 01 00 00 22 23 00 00  30 06 F0 0D 7C FB 97 FF  ...."#..0...|...
000062C0  10 02 00 00 22 23 00 00  90 06 00 10 00 00 F8 FD  ...."#..........
000062D0  E9 FE 00 00 22 23 00 00  10 05 B0 0F 3E FF F9 FC  ...."#......>...
000062E0  79 05 00 00 22 23 00 00  10 05 F0 0E 47 FD 40 FE  y..."#......G.@.
000062F0  B1 03 00 00 22 23 00 00  90 06 00 10 00 00 F8 FD  ...."#..........
00006300  E9 FE 00 00 22 23 00 00  10 05 B0 0F C2 00 F9 FC  ...."#..........
00006310  79 05 00 00 22 23 00 00  10 05 70 10 3E FF F9 FC  y..."#....p.>...
00006320  79 05 00 00 22 23 00 00  D0 00 30 0F 28 FF 97 FD  y..."#....0.(...
00006330  62 06 00 00 22 23 00 00  00 00 F0 0D 00 00 7C FF  b..."#........|.
00006340  3C 07 00 00 22 23 00 00  D0 00 10 0E 34 FF 52 FF  <..."#......4.R.
00006350  1E 07 00 00 22 23 00 00  D0 00 30 0F D8 00 97 FD  ...."#....0.....
00006360  62 06 00 00 22 23 00 00  00 00 F0 0D 00 00 7C FF  b..."#........|.
00006370  3C 07 00 00 22 23 00 00  30 FF 30 0F 28 FF 97 FD  <..."#..0.0.(...
00006380  62 06 00 00 22 23 00 00  70 04 D0 0C 0C 04 45 00  b..."#..p.....E.
00006390  A7 05 00 00 22 23 00 00  90 06 90 0C 10 05 49 01  ...."#........I.
000063A0  C4 01 00 00 22 23 00 00  90 04 50 0A 75 04 03 03  ...."#....P.u...
000063B0  56 05 00 00 22 23 00 00  70 04 D0 0C 0C 04 45 00  V..."#..p.....E.
000063C0  A7 05 00 00 22 23 00 00  10 05 90 0E B9 02 40 FE  ...."#........@.
000063D0  B1 03 00 00 22 23 00 00  30 06 F0 0D 84 04 97 FF  ...."#..0.......
000063E0  10 02 00 00 22 23 00 00  90 04 50 0A 75 04 03 03  ...."#....P.u...
000063F0  56 05 00 00 22 23 00 00  90 02 50 0B 7D 02 F1 01  V..."#....P.}...
00006400  A9 06 00 00 22 23 00 00  70 04 D0 0C 0C 04 45 00  ...."#..p.....E.
00006410  A7 05 00 00 22 23 00 00  90 02 50 0B 83 FD F1 01  ...."#....P.....
00006420  A9 06 00 00 22 23 00 00  90 04 50 0A 8B FB 03 03  ...."#....P.....
00006430  56 05 00 00 22 23 00 00  70 04 D0 0C F4 FB 45 00  V..."#..p.....E.
00006440  A7 05 00 00 22 23 00 00  B0 00 D0 0B B1 00 35 01  ...."#........5.
00006450  C3 07 00 00 22 23 00 00  10 00 70 0C 00 00 D6 00  ...."#....p.....
00006460  46 08 00 00 22 23 00 00  B0 00 70 0C B4 00 C2 00  F..."#....p.....
00006470  CD 07 00 00 22 23 00 00  B0 00 D0 0B 4F FF 35 01  ...."#......O.5.
00006480  C3 07 00 00 22 23 00 00  B0 00 70 0C 4C FF C2 00  ...."#....p.L...
00006490  CD 07 00 00 22 23 00 00  10 00 70 0C 00 00 D6 00  ...."#....p.....
000064A0  46 08 00 00 22 23 00 00  D0 00 30 0F D8 00 97 FD  F..."#....0.....
000064B0  62 06 00 00 22 23 00 00  D0 00 10 0E CC 00 52 FF  b..."#........R.
000064C0  1E 07 00 00 22 23 00 00  00 00 F0 0D 00 00 7C FF  ...."#........|.
000064D0  3C 07 00 00 22 23 00 00  D0 00 30 0F 28 FF 97 FD  <..."#....0.(...
000064E0  62 06 00 00 22 23 00 00  D0 00 10 0E 34 FF 52 FF  b..."#......4.R.
000064F0  1E 07 00 00 22 23 00 00  50 01 B0 0D B2 FE 8F FF  ...."#..P.......
00006500  F7 06 00 00 22 23 00 00  00 00 2F 0D 00 00 43 00  ...."#..../...C.
00006510  C6 07 00 00 22 23 00 00  B0 00 B0 0C B5 00 80 00  ...."#..........
00006520  D5 07 00 00 22 23 00 00  10 00 B0 0C 00 00 8D 00  ...."#..........
00006530  52 08 00 00 22 23 00 00  B0 00 B0 0C 4B FF 80 00  R..."#......K...
00006540  D5 07 00 00 22 23 00 00  00 00 2F 0D 00 00 43 00  ...."#..../...C.
00006550  C6 07 00 00 22 23 00 00  10 00 B0 0C 00 00 8D 00  ...."#..........
00006560  52 08 00 00 22 23 00 00  B0 00 B0 0C B5 00 80 00  R..."#..........
00006570  D5 07 00 00 22 23 00 00  70 04 D0 0C 0C 04 45 00  ...."#..p.....E.
00006580  A7 05 00 00 22 23 00 00  B0 00 70 0C B4 00 C2 00  ...."#....p.....
00006590  CD 07 00 00 22 23 00 00  90 02 50 0B 83 FD F1 01  ...."#....P.....
000065A0  A9 06 00 00 22 23 00 00  B0 00 70 0C 4C FF C2 00  ...."#....p.L...
000065B0  CD 07 00 00 22 23 00 00  B0 00 D0 0B 4F FF 35 01  ...."#......O.5.
000065C0  C3 07 00 00 22 23 00 00  D0 02 F0 0D 2D 02 9A FE  ...."#......-...
000065D0  CB 05 00 00 22 23 00 00  D0 00 30 0F D8 00 97 FD  ...."#....0.....
000065E0  62 06 00 00 22 23 00 00  D0 00 F0 0F C2 00 F9 FC  b..."#..........
000065F0  79 05 00 00 22 23 00 00  D0 02 F0 0D D3 FD 9A FE  y..."#..........
00006600  CB 05 00 00 22 23 00 00  10 05 90 0E 47 FD 40 FE  ...."#......G.@.
00006610  B1 03 00 00 22 23 00 00  D0 00 F0 0F 3E FF F9 FC  ...."#......>...
00006620  79 05 00 00 22 23 00 00  90 06 90 0C F0 FA 49 01  y..."#........I.
00006630  C4 01 00 00 22 23 00 00  90 06 00 10 00 00 F8 FD  ...."#..........
00006640  E9 FE 00 00 22 23 00 00  30 06 F0 0D 7C FB 97 FF  ...."#..0...|...
00006650  10 02 00 00 22 23 00 00  10 05 F0 0E B9 02 40 FE  ...."#........@.
00006660  B1 03 00 00 22 23 00 00  90 06 00 10 00 00 F8 FD  ...."#..........
00006670  E9 FE 00 00 22 23 00 00  30 06 F0 0D 84 04 97 FF  ...."#..0.......
00006680  10 02 00 00 22 23 00 00  70 04 D0 0C F4 FB 45 00  ...."#..p.....E.
00006690  A7 05 00 00 22 23 00 00  90 04 50 0A 8B FB 03 03  ...."#....P.....
000066A0  56 05 00 00 22 23 00 00  90 06 90 0C F0 FA 49 01  V..."#........I.
000066B0  C4 01 00 00 22 23 00 00  70 04 D0 0C 0C 04 45 00  ...."#..p.....E.
000066C0  A7 05 00 00 22 23 00 00  30 06 F0 0D 84 04 97 FF  ...."#..0.......
000066D0  10 02 00 00 22 23 00 00  90 06 90 0C 10 05 49 01  ...."#........I.
000066E0  C4 01 00 00 22 23 00 00  00 00 2F 0D 00 00 43 00  ...."#..../...C.
000066F0  C6 07 00 00 22 23 00 00  00 00 B0 0D 00 00 B7 FF  ...."#..........
00006700  B9 07 00 00 22 23 00 00  50 01 B0 0D 4E 01 8F FF  ...."#..P...N...
00006710  F7 06 00 00 22 23 00 00  50 01 B0 0D B2 FE 8F FF  ...."#..P.......
00006720  F7 06 00 00 22 23 00 00  00 00 B0 0D 00 00 B7 FF  ...."#..........
00006730  B9 07 00 00 22 23 00 00  00 00 2F 0D 00 00 43 00  ...."#..../...C.
00006740  C6 07 00 00 22 23 00 00  D0 00 10 0E 34 FF 52 FF  ...."#......4.R.
00006750  1E 07 00 00 22 23 00 00  00 00 F0 0D 00 00 7C FF  ...."#........|.
00006760  3C 07 00 00 22 23 00 00  00 00 B0 0D 00 00 B7 FF  <..."#..........
00006770  B9 07 00 00 22 23 00 00  00 00 B0 0D 00 00 B7 FF  ...."#..........
00006780  B9 07 00 00 22 23 00 00  00 00 F0 0D 00 00 7C FF  ...."#........|.
00006790  3C 07 00 00 22 23 00 00  D0 00 10 0E CC 00 52 FF  <..."#........R.
000067A0  1E 07 00 00 22 23 00 00  00 00 2F 0D 00 00 43 00  ...."#..../...C.
000067B0  C6 07 00 00 22 23 00 00  50 01 30 0D 49 01 1A 00  ...."#..P.0.I...
000067C0  34 07 00 00 22 23 00 00  B0 00 B0 0C B5 00 80 00  4..."#..........
000067D0  D5 07 00 00 22 23 00 00  00 00 2F 0D 00 00 43 00  ...."#..../...C.
000067E0  C6 07 00 00 22 23 00 00  50 01 30 0D B7 FE 1A 00  ...."#..P.0.....
000067F0  34 07 00 00 22 23 00 00  50 01 B0 0D B2 FE 8F FF  4..."#..P.......
00006800  F7 06 00 00 22 23 00 00  90 06 00 10 00 00 F8 FD  ...."#..........
00006810  E9 FE 00 00 22 23 00 00  90 06 90 0C 10 05 49 01  ...."#........I.
00006820  C4 01 00 00 22 23 00 00  30 06 F0 0D 84 04 97 FF  ...."#..0.......
00006830  10 02 00 00 22 23 00 00  D0 07 F0 0D 85 FC B8 00  ...."#..........
00006840  AC FD 00 00 22 23 00 00  90 06 00 10 00 00 F8 FD  ...."#..........
00006850  E9 FE 00 00 22 23 00 00  90 06 90 0C F0 FA 49 01  ...."#........I.
00006860  C4 01 00 00 22 23 00 00  B0 00 70 0C B4 00 C2 00  ...."#....p.....
00006870  CD 07 00 00 22 23 00 00  70 04 D0 0C 0C 04 45 00  ...."#..p.....E.
00006880  A7 05 00 00 22 23 00 00  90 02 50 0B 7D 02 F1 01  ...."#....P.}...
00006890  A9 06 00 00 22 23 00 00  70 04 D0 0C F4 FB 45 00  ...."#..p.....E.
000068A0  A7 05 00 00 22 23 00 00  B0 00 70 0C 4C FF C2 00  ...."#....p.L...
000068B0  CD 07 00 00 22 23 00 00  90 02 50 0B 83 FD F1 01  ...."#....P.....
000068C0  A9 06 00 00 22 23 00 00  50 01 30 0D 49 01 1A 00  ...."#..P.0.I...
000068D0  34 07 00 00 22 23 00 00  70 04 D0 0C 0C 04 45 00  4..."#..p.....E.
000068E0  A7 05 00 00 22 23 00 00  B0 00 B0 0C B5 00 80 00  ...."#..........
000068F0  D5 07 00 00 22 23 00 00  B0 00 70 0C 4C FF C2 00  ...."#....p.L...
00006900  CD 07 00 00 22 23 00 00  70 04 D0 0C F4 FB 45 00  ...."#..p.....E.
00006910  A7 05 00 00 22 23 00 00  B0 00 B0 0C 4B FF 80 00  ...."#......K...
00006920  D5 07 00 00 04 00 00 00  60 01 00 00 14 00 10 29  ........`......)
00006930  00 00 00 00 00 00 00 00  00 00 00 00 00 00 00 00  ................
00006940  00 00 00 00 22 23 00 00  D0 00 F0 0F C2 00 F9 FC  ...."#..........
00006950  79 05 00 00 22 23 00 00  D0 00 30 0F D8 00 97 FD  y..."#....0.....
00006960  62 06 00 00 22 23 00 00  30 FF 30 0F 28 FF 97 FD  b..."#..0.0.(...
00006970  62 06 00 00 22 23 00 00  30 FF F0 0F 3E FF F9 FC  b..."#..0...>...
00006980  79 05 00 00 22 23 00 00  50 01 B0 0D 4E 01 8F FF  y..."#..P...N...
00006990  F7 06 00 00 22 23 00 00  D0 02 F0 0D 2D 02 9A FE  ...."#......-...
000069A0  CB 05 00 00 22 23 00 00  70 04 D0 0C 0C 04 45 00  ...."#..p.....E.
000069B0  A7 05 00 00 22 23 00 00  50 01 30 0D 49 01 1A 00  ...."#..P.0.I...
000069C0  34 07 00 00 22 23 00 00  50 01 B0 0D B2 FE 8F FF  4..."#..P.......
000069D0  F7 06 00 00 22 23 00 00  50 01 30 0D B7 FE 1A 00  ...."#..P.0.....
000069E0  34 07 00 00 22 23 00 00  70 04 D0 0C F4 FB 45 00  4..."#..p.....E.
000069F0  A7 05 00 00 22 23 00 00  D0 02 F0 0D D3 FD 9A FE  ...."#..........
00006A00  CB 05 00 00 22 23 00 00  10 00 B0 0C 00 00 8D 00  ...."#..........
00006A10  52 08 00 00 22 23 00 00  B0 00 B0 0C B5 00 80 00  R..."#..........
00006A20  D5 07 00 00 22 23 00 00  B0 00 70 0C B4 00 C2 00  ...."#....p.....
00006A30  CD 07 00 00 22 23 00 00  10 00 70 0C 00 00 D6 00  ...."#....p.....
00006A40  46 08 00 00 22 23 00 00  B0 00 70 0C 4C FF C2 00  F..."#....p.L...
00006A50  CD 07 00 00 22 23 00 00  B0 00 B0 0C 4B FF 80 00  ...."#......K...
00006A60  D5 07 00 00 22 23 00 00  10 00 B0 0C 00 00 8D 00  ...."#..........
00006A70  52 08 00 00 22 23 00 00  10 00 70 0C 00 00 D6 00  R..."#....p.....
00006A80  46 08 00 00 01 00 00 00  08 00 00 00 02 00 0B 7C  F..............|
00006A90  08 00 00 00 03 00 00 00  A0 10 00 00 08 01 10 29  ...............)
00006AA0  00 00 00 00 00 00 00 00  00 00 00 00 00 00 00 00  ................
00006AB0  00 00 00 00 22 23 00 00  F0 07 30 07 E9 06 D6 06  ...."#....0.....
00006AC0  ED 01 00 00 22 23 00 00  90 04 50 0A 75 04 03 03  ...."#....P.u...
00006AD0  56 05 00 00 22 23 00 00  90 05 70 0B ED 04 26 02  V..."#....p...&.
00006AE0  8D 03 00 00 22 23 00 00  90 06 90 0C F0 FA 49 01  ...."#........I.
00006AF0  C4 01 00 00 22 23 00 00  F0 07 30 07 17 F9 D6 06  ...."#....0.....
00006B00  ED 01 00 00 22 23 00 00  D0 07 F0 0D 85 FC B8 00  ...."#..........
00006B10  AC FD 00 00 22 23 00 00  F0 07 30 07 E9 06 D6 06  ...."#....0.....
00006B20  ED 01 00 00 22 23 00 00  90 06 90 0C 10 05 49 01  ...."#........I.
00006B30  C4 01 00 00 22 23 00 00  D0 07 F0 0D 65 03 CD 00  ...."#......e...
00006B40  F7 FD 00 00 22 23 00 00  90 05 70 0B 13 FB 26 02  ...."#....p...&.
00006B50  8D 03 00 00 22 23 00 00  F0 07 30 07 17 F9 D6 06  ...."#....0.....
00006B60  ED 01 00 00 22 23 00 00  90 06 90 0C F0 FA 49 01  ...."#........I.
00006B70  C4 01 00 00 22 23 00 00  90 06 00 10 00 00 F8 FD  ...."#..........
00006B80  E9 FE 00 00 22 23 00 00  D0 04 F0 0E FC 02 3C FE  ...."#........<.
00006B90  97 03 00 00 22 23 00 00  D0 04 B0 0F C2 00 CF FC  ...."#..........
00006BA0  1C 05 00 00 22 23 00 00  D0 07 F0 0D 65 03 CD 00  ...."#......e...
00006BB0  F7 FD 00 00 22 23 00 00  90 06 90 0C 10 05 49 01  ...."#........I.
00006BC0  C4 01 00 00 22 23 00 00  90 06 00 10 00 00 F8 FD  ...."#..........
00006BD0  E9 FE 00 00 22 23 00 00  D0 09 B0 0D B1 00 35 01  ...."#........5.
00006BE0  C3 07 00 00 22 23 00 00  D0 09 30 0C 00 00 27 01  ...."#....0...'.
00006BF0  19 09 00 00 22 23 00 00  10 09 B0 0D 00 00 D6 00  ...."#..........
00006C00  46 08 00 00 22 23 00 00  10 0B 10 0F 28 02 18 FF  F..."#......(...
00006C10  3B 05 00 00 22 23 00 00  10 0B 10 0E 29 02 C5 00  ;..."#......)...
00006C20  3B 05 00 00 22 23 00 00  50 0C 10 0F 00 00 4D FF  ;..."#..P.....M.
00006C30  3B 05 00 00 22 23 00 00  F0 01 70 0D EB 01 69 FF  ;..."#....p...i.
00006C40  4B 06 00 00 22 23 00 00  1E 01 91 0D 57 01 17 FF  K..."#......W...
00006C50  BB 06 00 00 22 23 00 00  B1 02 16 0E 4E 02 79 FE  ...."#......N.y.
00006C60  B0 05 00 00 22 23 00 00  B0 01 50 0C B9 01 CA 00  ...."#....P.....
00006C70  64 07 00 00 22 23 00 00  10 01 90 0C 2D 01 0B 01  d..."#......-...
00006C80  C4 07 00 00 22 23 00 00  30 01 D0 0C 3D 01 B3 00  ...."#..0...=...
00006C90  A6 07 00 00 22 23 00 00  B1 02 16 0E 4E 02 79 FE  ...."#......N.y.
00006CA0  B0 05 00 00 22 23 00 00  F0 00 F0 0F C2 00 CF FC  ...."#..........
00006CB0  1C 05 00 00 22 23 00 00  D0 04 B0 0E FC 02 3C FE  ...."#........<.
00006CC0  97 03 00 00 22 23 00 00  10 02 10 0D 16 02 E1 FF  ...."#..........
00006CD0  85 06 00 00 22 23 00 00  70 04 D0 0C 3D 04 45 00  ...."#..p...=.E.
00006CE0  A7 05 00 00 22 23 00 00  10 02 90 0C 01 02 72 00  ...."#........r.
00006CF0  FF 06 00 00 22 23 00 00  70 04 D0 0C C3 FB 45 00  ...."#..p.....E.
00006D00  A7 05 00 00 22 23 00 00  D0 04 B0 0E 04 FD 3C FE  ...."#........<.
00006D10  97 03 00 00 22 23 00 00  B1 02 16 0E B2 FD 79 FE  ...."#........y.
00006D20  B0 05 00 00 22 23 00 00  D0 09 B0 0D 4F FF 35 01  ...."#......O.5.
00006D30  C3 07 00 00 22 23 00 00  10 09 B0 0D 00 00 D6 00  ...."#..........
00006D40  46 08 00 00 22 23 00 00  D0 09 30 0C 00 00 27 01  F..."#....0...'.
00006D50  19 09 00 00 22 23 00 00  10 0B 10 0F D8 FD 18 FF  ...."#..........
00006D60  3B 05 00 00 22 23 00 00  10 0B 10 0E D7 FD C5 00  ;..."#..........
00006D70  3B 05 00 00 22 23 00 00  50 0A B0 0E EA FD E1 FF  ;..."#..P.......
00006D80  85 06 00 00 22 23 00 00  B1 02 16 0E B2 FD 79 FE  ...."#........y.
00006D90  B0 05 00 00 22 23 00 00  F0 00 F0 0F 3E FF CF FC  ...."#......>...
00006DA0  1C 05 00 00 22 23 00 00  F0 00 30 0F 28 FF 6E FD  ...."#....0.(.n.
00006DB0  06 06 00 00 22 23 00 00  70 04 D0 0C C3 FB 45 00  ...."#..p.....E.
00006DC0  A7 05 00 00 22 23 00 00  10 02 10 0D EA FD E1 FF  ...."#..........
00006DD0  85 06 00 00 22 23 00 00  10 02 90 0C FF FD 72 00  ...."#........r.
00006DE0  FF 06 00 00 22 23 00 00  30 06 F0 0D 7C FB 97 FF  ...."#..0...|...
00006DF0  10 02 00 00 22 23 00 00  90 06 00 10 00 00 F8 FD  ...."#..........
00006E00  E9 FE 00 00 22 23 00 00  D0 04 F0 0E 04 FD 3C FE  ...."#........<.
00006E10  97 03 00 00 22 23 00 00  F0 07 00 10 01 00 26 01  ...."#........&.
00006E20  FE FA 00 00 22 23 00 00  D0 07 F0 0D 65 03 CD 00  ...."#......e...
00006E30  F7 FD 00 00 22 23 00 00  90 06 00 10 00 00 F8 FD  ...."#..........
00006E40  E9 FE 00 00 22 23 00 00  90 06 00 10 00 00 F8 FD  ...."#..........
00006E50  E9 FE 00 00 22 23 00 00  D0 07 F0 0D 85 FC B8 00  ...."#..........
00006E60  AC FD 00 00 22 23 00 00  F0 07 00 10 01 00 26 01  ...."#........&.
00006E70  FE FA 00 00 22 23 00 00  70 04 D0 0C 3D 04 45 00  ...."#..p...=.E.
00006E80  A7 05 00 00 22 23 00 00  B1 02 16 0E 4E 02 79 FE  ...."#......N.y.
00006E90  B0 05 00 00 22 23 00 00  D0 04 B0 0E FC 02 3C FE  ...."#........<.
00006EA0  97 03 00 00 22 23 00 00  70 04 D0 0C C3 FB 45 00  ...."#..p.....E.
00006EB0  A7 05 00 00 22 23 00 00  30 06 F0 0D 7C FB 97 FF  ...."#..0...|...
00006EC0  10 02 00 00 22 23 00 00  D0 04 B0 0E 04 FD 3C FE  ...."#........<.
00006ED0  97 03 00 00 22 23 00 00  70 04 D0 0C C3 FB 45 00  ...."#..p.....E.
00006EE0  A7 05 00 00 22 23 00 00  90 06 90 0C F0 FA 49 01  ...."#........I.
00006EF0  C4 01 00 00 22 23 00 00  30 06 F0 0D 7C FB 97 FF  ...."#..0...|...
00006F00  10 02 00 00 22 23 00 00  90 06 00 10 00 00 F8 FD  ...."#..........
00006F10  E9 FE 00 00 22 23 00 00  D0 04 B0 0F 3E FF CF FC  ...."#......>...
00006F20  1C 05 00 00 22 23 00 00  D0 04 F0 0E 04 FD 3C FE  ...."#........<.
00006F30  97 03 00 00 22 23 00 00  90 06 00 10 00 00 F8 FD  ...."#..........
00006F40  E9 FE 00 00 22 23 00 00  D0 04 B0 0F C2 00 CF FC  ...."#..........
00006F50  1C 05 00 00 22 23 00 00  D0 04 70 10 3E FF CF FC  ...."#....p.>...
00006F60  1C 05 00 00 22 23 00 00  00 00 67 0D 00 00 2F FF  ...."#....g.../.
00006F70  FC 06 00 00 22 23 00 00  FF FF C1 0D 05 00 B3 FE  ...."#..........
00006F80  EA 06 00 00 22 23 00 00  1E 01 91 0D 57 01 17 FF  ...."#......W...
00006F90  BB 06 00 00 22 23 00 00  70 04 D0 0C 3D 04 45 00  ...."#..p...=.E.
00006FA0  A7 05 00 00 22 23 00 00  90 05 70 0B ED 04 26 02  ...."#....p...&.
00006FB0  8D 03 00 00 22 23 00 00  90 04 50 0A 75 04 03 03  ...."#....P.u...
00006FC0  56 05 00 00 22 23 00 00  70 04 D0 0C 3D 04 45 00  V..."#..p...=.E.
00006FD0  A7 05 00 00 22 23 00 00  D0 04 B0 0E FC 02 3C FE  ...."#........<.
00006FE0  97 03 00 00 22 23 00 00  30 06 F0 0D 84 04 97 FF  ...."#..0.......
00006FF0  10 02 00 00 22 23 00 00  90 04 50 0A 75 04 03 03  ...."#....P.u...
00007000  56 05 00 00 22 23 00 00  90 02 50 0B 7D 02 F1 01  V..."#....P.}...
00007010  A9 06 00 00 22 23 00 00  70 04 D0 0C 3D 04 45 00  ...."#..p...=.E.
00007020  A7 05 00 00 22 23 00 00  90 00 10 0C B1 00 35 01  ...."#........5.
00007030  C3 07 00 00 22 23 00 00  10 00 90 0C 00 00 D6 00  ...."#..........
00007040  46 08 00 00 22 23 00 00  10 01 90 0C 2D 01 0B 01  F..."#......-...
00007050  C4 07 00 00 22 23 00 00  90 00 10 0C 4F FF 35 01  ...."#......O.5.
00007060  C3 07 00 00 22 23 00 00  10 01 90 0C D3 FE 0B 01  ...."#..........
00007070  C4 07 00 00 22 23 00 00  10 00 90 0C 00 00 D6 00  ...."#..........
00007080  46 08 00 00 22 23 00 00  10 00 D0 0C 00 00 7F 00  F..."#..........
00007090  10 08 00 00 22 23 00 00  30 01 D0 0C 3D 01 B3 00  ...."#..0...=...
000070A0  A6 07 00 00 22 23 00 00  10 00 90 0C 00 00 D6 00  ...."#..........
000070B0  46 08 00 00 22 23 00 00  10 00 90 0C 00 00 D6 00  F..."#..........
000070C0  46 08 00 00 22 23 00 00  30 01 D0 0C C3 FE B3 00  F..."#..0.......
000070D0  A6 07 00 00 22 23 00 00  10 00 D0 0C 00 00 7F 00  ...."#..........
000070E0  10 08 00 00 22 23 00 00  B1 02 16 0E 4E 02 79 FE  ...."#......N.y.
000070F0  B0 05 00 00 22 23 00 00  F0 00 30 0F D8 00 6E FD  ...."#....0...n.
00007100  06 06 00 00 22 23 00 00  F0 00 F0 0F C2 00 CF FC  ...."#..........
00007110  1C 05 00 00 22 23 00 00  B1 02 16 0E B2 FD 79 FE  ...."#........y.
00007120  B0 05 00 00 22 23 00 00  D0 04 B0 0E 04 FD 3C FE  ...."#........<.
00007130  97 03 00 00 22 23 00 00  F0 00 F0 0F 3E FF CF FC  ...."#......>...
00007140  1C 05 00 00 22 23 00 00  90 06 90 0C F0 FA 49 01  ...."#........I.
00007150  C4 01 00 00 22 23 00 00  90 06 00 10 00 00 F8 FD  ...."#..........
00007160  E9 FE 00 00 22 23 00 00  30 06 F0 0D 7C FB 97 FF  ...."#..0...|...
00007170  10 02 00 00 22 23 00 00  D0 04 F0 0E FC 02 3C FE  ...."#........<.
00007180  97 03 00 00 22 23 00 00  90 06 00 10 00 00 F8 FD  ...."#..........
00007190  E9 FE 00 00 22 23 00 00  30 06 F0 0D 84 04 97 FF  ...."#..0.......
000071A0  10 02 00 00 22 23 00 00  70 04 D0 0C C3 FB 45 00  ...."#..p.....E.
000071B0  A7 05 00 00 22 23 00 00  90 05 70 0B 13 FB 26 02  ...."#....p...&.
000071C0  8D 03 00 00 22 23 00 00  90 06 90 0C F0 FA 49 01  ...."#........I.
000071D0  C4 01 00 00 22 23 00 00  70 04 D0 0C 3D 04 45 00  ...."#..p...=.E.
000071E0  A7 05 00 00 22 23 00 00  30 06 F0 0D 84 04 97 FF  ...."#..0.......
000071F0  10 02 00 00 22 23 00 00  90 06 90 0C 10 05 49 01  ...."#........I.
00007200  C4 01 00 00 22 23 00 00  10 01 90 0C D3 FE 0B 01  ...."#..........
00007210  C4 07 00 00 22 23 00 00  90 02 50 0B 83 FD F1 01  ...."#....P.....
00007220  A9 06 00 00 22 23 00 00  B0 01 50 0C 47 FE CA 00  ...."#....P.G...
00007230  64 07 00 00 22 23 00 00  70 04 D0 0C C3 FB 45 00  d..."#..p.....E.
00007240  A7 05 00 00 22 23 00 00  10 02 90 0C FF FD 72 00  ...."#........r.
00007250  FF 06 00 00 22 23 00 00  90 02 50 0B 83 FD F1 01  ...."#....P.....
00007260  A9 06 00 00 22 23 00 00  F0 01 70 0D EB 01 69 FF  ...."#....p...i.
00007270  4B 06 00 00 22 23 00 00  70 04 D0 0C 3D 04 45 00  K..."#..p...=.E.
00007280  A7 05 00 00 22 23 00 00  10 02 10 0D 16 02 E1 FF  ...."#..........
00007290  85 06 00 00 22 23 00 00  F0 01 70 0D 15 FE 69 FF  ...."#....p...i.
000072A0  4B 06 00 00 22 23 00 00  70 04 D0 0C C3 FB 45 00  K..."#..p.....E.
000072B0  A7 05 00 00 22 23 00 00  B1 02 16 0E B2 FD 79 FE  ...."#........y.
000072C0  B0 05 00 00 22 23 00 00  10 01 90 0C D3 FE 0B 01  ...."#..........
000072D0  C4 07 00 00 22 23 00 00  B0 01 50 0C 47 FE CA 00  ...."#....P.G...
000072E0  64 07 00 00 22 23 00 00  30 01 D0 0C C3 FE B3 00  d..."#..0.......
000072F0  A6 07 00 00 22 23 00 00  90 00 10 0C B1 00 35 01  ...."#........5.
00007300  C3 07 00 00 22 23 00 00  10 01 90 0C 2D 01 0B 01  ...."#......-...
00007310  C4 07 00 00 22 23 00 00  90 02 50 0B 7D 02 F1 01  ...."#....P.}...
00007320  A9 06 00 00 22 23 00 00  1E 01 91 0D 57 01 17 FF  ...."#......W...
00007330  BB 06 00 00 22 23 00 00  FF FF C1 0D 05 00 B3 FE  ...."#..........
00007340  EA 06 00 00 22 23 00 00  B1 02 16 0E 4E 02 79 FE  ...."#......N.y.
00007350  B0 05 00 00 22 23 00 00  00 00 67 0D 00 00 2F FF  ...."#....g.../.
00007360  FC 06 00 00 22 23 00 00  1E 01 91 0D B4 FE 17 FF  ...."#..........
00007370  BB 06 00 00 22 23 00 00  FF FF C1 0D 05 00 B3 FE  ...."#..........
00007380  EA 06 00 00 22 23 00 00  FD FF 1B 0E 05 00 72 FE  ...."#........r.
00007390  7E 06 00 00 22 23 00 00  FF FF C1 0D 05 00 B3 FE  ~..."#..........
000073A0  EA 06 00 00 22 23 00 00  B1 02 16 0E B2 FD 79 FE  ...."#........y.
000073B0  B0 05 00 00 22 23 00 00  F0 00 30 0F D8 00 6E FD  ...."#....0...n.
000073C0  06 06 00 00 22 23 00 00  FD FF 1B 0E 05 00 72 FE  ...."#........r.
000073D0  7E 06 00 00 22 23 00 00  10 FF 30 0F 28 FF 6E FD  ~..."#....0.(.n.
000073E0  06 06 00 00 22 23 00 00  D0 07 F0 0D 85 FC B8 00  ...."#..........
000073F0  AC FD 00 00 22 23 00 00  90 06 00 10 00 00 F8 FD  ...."#..........
00007400  E9 FE 00 00 22 23 00 00  90 06 90 0C F0 FA 49 01  ...."#........I.
00007410  C4 01 00 00 22 23 00 00  90 06 00 10 00 00 F8 FD  ...."#..........
00007420  E9 FE 00 00 22 23 00 00  90 06 90 0C 10 05 49 01  ...."#........I.
00007430  C4 01 00 00 22 23 00 00  30 06 F0 0D 84 04 97 FF  ...."#..0.......
00007440  10 02 00 00 22 23 00 00  10 02 90 0C 01 02 72 00  ...."#........r.
00007450  FF 06 00 00 22 23 00 00  90 02 50 0B 7D 02 F1 01  ...."#....P.}...
00007460  A9 06 00 00 22 23 00 00  B0 01 50 0C B9 01 CA 00  ...."#....P.....
00007470  64 07 00 00 22 23 00 00  90 04 50 0A 8B FB 03 03  d..."#....P.....
00007480  56 05 00 00 22 23 00 00  70 04 D0 0C C3 FB 45 00  V..."#..p.....E.
00007490  A7 05 00 00 22 23 00 00  90 02 50 0B 83 FD F1 01  ...."#....P.....
000074A0  A9 06 00 00 22 23 00 00  70 04 D0 0C 3D 04 45 00  ...."#..p...=.E.
000074B0  A7 05 00 00 22 23 00 00  90 06 90 0C 10 05 49 01  ...."#........I.
000074C0  C4 01 00 00 22 23 00 00  90 05 70 0B ED 04 26 02  ...."#....p...&.
000074D0  8D 03 00 00 22 23 00 00  F0 07 30 07 E9 06 D6 06  ...."#....0.....
000074E0  ED 01 00 00 22 23 00 00  90 05 70 0B ED 04 26 02  ...."#....p...&.
000074F0  8D 03 00 00 22 23 00 00  90 06 90 0C 10 05 49 01  ...."#........I.
00007500  C4 01 00 00 22 23 00 00  70 04 D0 0C C3 FB 45 00  ...."#..p.....E.
00007510  A7 05 00 00 22 23 00 00  90 04 50 0A 8B FB 03 03  ...."#....P.....
00007520  56 05 00 00 22 23 00 00  90 05 70 0B 13 FB 26 02  V..."#....p...&.
00007530  8D 03 00 00 22 23 00 00  90 04 50 0A 8B FB 03 03  ...."#....P.....
00007540  56 05 00 00 22 23 00 00  F0 07 30 07 17 F9 D6 06  V..."#....0.....
00007550  ED 01 00 00 22 23 00 00  90 05 70 0B 13 FB 26 02  ...."#....p...&.
00007560  8D 03 00 00 22 23 00 00  10 0B B0 0F 57 01 17 FF  ...."#......W...
00007570  BB 06 00 00 22 23 00 00  50 0A B0 0F EB 01 69 FF  ...."#..P.....i.
00007580  4B 06 00 00 22 23 00 00  10 0B 10 0F 28 02 18 FF  K..."#......(...
00007590  3B 05 00 00 22 23 00 00  10 0B 10 0E 29 02 C5 00  ;..."#......)...
000075A0  3B 05 00 00 22 23 00 00  50 0A B0 0E 16 02 E1 FF  ;..."#..P.......
000075B0  85 06 00 00 22 23 00 00  50 0A F0 0D 01 02 72 00  ...."#..P.....r.
000075C0  FF 06 00 00 22 23 00 00  10 0B 10 0E 29 02 C5 00  ...."#......)...
000075D0  3B 05 00 00 22 23 00 00  50 0A 50 0D B9 01 CA 00  ;..."#..P.P.....
000075E0  64 07 00 00 22 23 00 00  50 0C 10 0E 00 00 C7 00  d..."#..P.......
000075F0  3B 05 00 00 22 23 00 00  50 0A 50 0D 47 FE CA 00  ;..."#..P.P.G...
00007600  64 07 00 00 22 23 00 00  50 0C 10 0E 00 00 C7 00  d..."#..P.......
00007610  3B 05 00 00 22 23 00 00  90 0B 50 0D C3 FE B3 00  ;..."#....P.....
00007620  A6 07 00 00 22 23 00 00  50 0A 50 0D 47 FE CA 00  ...."#..P.P.G...
00007630  64 07 00 00 22 23 00 00  50 0A F0 0D FF FD 72 00  d..."#..P.....r.
00007640  FF 06 00 00 22 23 00 00  10 0B 10 0E D7 FD C5 00  ...."#..........
00007650  3B 05 00 00 22 23 00 00  10 0B 10 0E 29 02 C5 00  ;..."#......)...
00007660  3B 05 00 00 22 23 00 00  50 0A F0 0D 01 02 72 00  ;..."#..P.....r.
00007670  FF 06 00 00 22 23 00 00  50 0A 50 0D B9 01 CA 00  ...."#..P.P.....
00007680  64 07 00 00 22 23 00 00  50 0A B0 0E EA FD E1 FF  d..."#..P.......
00007690  85 06 00 00 22 23 00 00  10 0B 10 0E D7 FD C5 00  ...."#..........
000076A0  3B 05 00 00 22 23 00 00  50 0A F0 0D FF FD 72 00  ;..."#..P.....r.
000076B0  FF 06 00 00 22 23 00 00  90 02 50 0B 83 FD F1 01  ...."#....P.....
000076C0  A9 06 00 00 22 23 00 00  10 02 90 0C FF FD 72 00  ...."#........r.
000076D0  FF 06 00 00 22 23 00 00  B0 01 50 0C 47 FE CA 00  ...."#....P.G...
000076E0  64 07 00 00 22 23 00 00  70 04 D0 0C 3D 04 45 00  d..."#..p...=.E.
000076F0  A7 05 00 00 22 23 00 00  90 02 50 0B 7D 02 F1 01  ...."#....P.}...
00007700  A9 06 00 00 22 23 00 00  10 02 90 0C 01 02 72 00  ...."#........r.
00007710  FF 06 00 00 22 23 00 00  90 0B 50 0D 3D 01 B3 00  ...."#....P.=...
00007720  A6 07 00 00 22 23 00 00  50 0C 50 0D 00 00 7F 00  ...."#..P.P.....
00007730  10 08 00 00 22 23 00 00  50 0C 10 0E 00 00 C7 00  ...."#..P.......
00007740  3B 05 00 00 22 23 00 00  50 0C 50 0D 00 00 7F 00  ;..."#..P.P.....
00007750  10 08 00 00 22 23 00 00  90 0B 50 0D C3 FE B3 00  ...."#....P.....
00007760  A6 07 00 00 22 23 00 00  50 0C 10 0E 00 00 C7 00  ...."#..P.......
00007770  3B 05 00 00 22 23 00 00  50 0C 10 0F 00 00 4D FF  ;..."#..P.....M.
00007780  3B 05 00 00 22 23 00 00  10 0B 10 0E 29 02 C5 00  ;..."#......)...
00007790  3B 05 00 00 22 23 00 00  50 0C 10 0E 00 00 C7 00  ;..."#..P.......
000077A0  3B 05 00 00 22 23 00 00  10 0B 10 0E D7 FD C5 00  ;..."#..........
000077B0  3B 05 00 00 22 23 00 00  50 0C 10 0F 00 00 4D FF  ;..."#..P.....M.
000077C0  3B 05 00 00 22 23 00 00  50 0C 10 0E 00 00 C7 00  ;..."#..P.......
000077D0  3B 05 00 00 22 23 00 00  50 0A B0 0E 16 02 E1 FF  ;..."#..P.......
000077E0  85 06 00 00 22 23 00 00  10 0B 10 0F 28 02 18 FF  ...."#......(...
000077F0  3B 05 00 00 22 23 00 00  50 0A B0 0F EB 01 69 FF  ;..."#..P.....i.
00007800  4B 06 00 00 22 23 00 00  10 0B 10 0F D8 FD 18 FF  K..."#..........
00007810  3B 05 00 00 22 23 00 00  50 0C 10 0F 00 00 4D FF  ;..."#..P.....M.
00007820  3B 05 00 00 22 23 00 00  10 0B 10 0E D7 FD C5 00  ;..."#..........
00007830  3B 05 00 00 22 23 00 00  10 0B 10 0E D7 FD C5 00  ;..."#..........
00007840  3B 05 00 00 22 23 00 00  50 0C 10 0E 00 00 C7 00  ;..."#..P.......
00007850  3B 05 00 00 22 23 00 00  50 0A 50 0D 47 FE CA 00  ;..."#..P.P.G...
00007860  64 07 00 00 22 23 00 00  50 0C 10 0E 00 00 C7 00  d..."#..P.......
00007870  3B 05 00 00 22 23 00 00  50 0A 50 0D B9 01 CA 00  ;..."#..P.P.....
00007880  64 07 00 00 22 23 00 00  90 0B 50 0D 3D 01 B3 00  d..."#....P.=...
00007890  A6 07 00 00 22 23 00 00  50 0A B0 0F 15 FE 69 FF  ...."#..P.....i.
000078A0  4B 06 00 00 22 23 00 00  10 0B B0 0F B4 FE 17 FF  K..."#..........
000078B0  BB 06 00 00 22 23 00 00  10 0B 10 0F D8 FD 18 FF  ...."#..........
000078C0  3B 05 00 00 22 23 00 00  10 0B 10 0E 29 02 C5 00  ;..."#......)...
000078D0  3B 05 00 00 22 23 00 00  10 0B 10 0F 28 02 18 FF  ;..."#......(...
000078E0  3B 05 00 00 22 23 00 00  50 0A B0 0E 16 02 E1 FF  ;..."#..P.......
000078F0  85 06 00 00 22 23 00 00  10 0B 10 0F D8 FD 18 FF  ...."#..........
00007900  3B 05 00 00 22 23 00 00  50 0A B0 0E EA FD E1 FF  ;..."#..P.......
00007910  85 06 00 00 22 23 00 00  50 0A B0 0F 15 FE 69 FF  ...."#..P.....i.
00007920  4B 06 00 00 22 23 00 00  F0 01 70 0D 15 FE 69 FF  K..."#....p...i.
00007930  4B 06 00 00 22 23 00 00  B1 02 16 0E B2 FD 79 FE  K..."#........y.
00007940  B0 05 00 00 22 23 00 00  1E 01 91 0D B4 FE 17 FF  ...."#..........
00007950  BB 06 00 00 22 23 00 00  B1 02 16 0E 4E 02 79 FE  ...."#......N.y.
00007960  B0 05 00 00 22 23 00 00  70 04 D0 0C 3D 04 45 00  ...."#..p...=.E.
00007970  A7 05 00 00 22 23 00 00  F0 01 70 0D EB 01 69 FF  ...."#....p...i.
00007980  4B 06 00 00 22 23 00 00  10 02 10 0D EA FD E1 FF  K..."#..........
00007990  85 06 00 00 22 23 00 00  70 04 D0 0C C3 FB 45 00  ...."#..p.....E.
000079A0  A7 05 00 00 22 23 00 00  F0 01 70 0D 15 FE 69 FF  ...."#....p...i.
000079B0  4B 06 00 00 22 23 00 00  F0 00 30 0F 28 FF 6E FD  K..."#....0.(.n.
000079C0  06 06 00 00 22 23 00 00  FD FF 1B 0E 05 00 72 FE  ...."#........r.
000079D0  7E 06 00 00 22 23 00 00  B1 02 16 0E B2 FD 79 FE  ~..."#........y.
000079E0  B0 05 00 00 22 23 00 00  F0 00 30 0F D8 00 6E FD  ...."#....0...n.
000079F0  06 06 00 00 22 23 00 00  B1 02 16 0E 4E 02 79 FE  ...."#......N.y.
00007A00  B0 05 00 00 22 23 00 00  FD FF 1B 0E 05 00 72 FE  ...."#........r.
00007A10  7E 06 00 00 22 23 00 00  B1 02 16 0E 4E 02 79 FE  ~..."#......N.y.
00007A20  B0 05 00 00 22 23 00 00  FF FF C1 0D 05 00 B3 FE  ...."#..........
00007A30  EA 06 00 00 22 23 00 00  FD FF 1B 0E 05 00 72 FE  ...."#........r.
00007A40  7E 06 00 00 22 23 00 00  B1 02 16 0E B2 FD 79 FE  ~..."#........y.
00007A50  B0 05 00 00 22 23 00 00  FF FF C1 0D 05 00 B3 FE  ...."#..........
00007A60  EA 06 00 00 22 23 00 00  1E 01 91 0D B4 FE 17 FF  ...."#..........
00007A70  BB 06 00 00 22 23 00 00  90 02 50 0B 7D 02 F1 01  ...."#....P.}...
00007A80  A9 06 00 00 22 23 00 00  10 01 90 0C 2D 01 0B 01  ...."#......-...
00007A90  C4 07 00 00 22 23 00 00  B0 01 50 0C B9 01 CA 00  ...."#....P.....
00007AA0  64 07 00 00 22 23 00 00  90 00 10 0C 4F FF 35 01  d..."#......O.5.
00007AB0  C3 07 00 00 22 23 00 00  90 02 50 0B 83 FD F1 01  ...."#....P.....
00007AC0  A9 06 00 00 22 23 00 00  10 01 90 0C D3 FE 0B 01  ...."#..........
00007AD0  C4 07 00 00 22 23 00 00  10 00 90 0C 00 00 D6 00  ...."#..........
00007AE0  46 08 00 00 22 23 00 00  30 01 D0 0C 3D 01 B3 00  F..."#..0...=...
00007AF0  A6 07 00 00 22 23 00 00  10 01 90 0C 2D 01 0B 01  ...."#......-...
00007B00  C4 07 00 00 22 23 00 00  10 01 90 0C D3 FE 0B 01  ...."#..........
00007B10  C4 07 00 00 22 23 00 00  30 01 D0 0C C3 FE B3 00  ...."#..0.......
00007B20  A6 07 00 00 22 23 00 00  10 00 90 0C 00 00 D6 00  ...."#..........
00007B30  46 08 00 00 04 00 00 00  E0 00 00 00 0C 00 10 29  F..............)
00007B40  00 00 00 00 00 00 00 00  00 00 00 00 00 00 00 00  ................
00007B50  00 00 00 00 22 23 00 00  F0 00 F0 0F C2 00 CF FC  ...."#..........
00007B60  1C 05 00 00 22 23 00 00  F0 00 30 0F D8 00 6E FD  ...."#....0...n.
00007B70  06 06 00 00 22 23 00 00  10 FF 30 0F 28 FF 6E FD  ...."#....0.(.n.
00007B80  06 06 00 00 22 23 00 00  10 FF F0 0F 3E FF CF FC  ...."#......>...
00007B90  1C 05 00 00 22 23 00 00  10 0B B0 0F B4 FE 17 FF  ...."#..........
00007BA0  BB 06 00 00 22 23 00 00  50 0C B0 0F 00 00 2F FF  ...."#..P...../.
00007BB0  FC 06 00 00 22 23 00 00  50 0C 10 0F 00 00 4D FF  ...."#..P.....M.
00007BC0  3B 05 00 00 22 23 00 00  10 0B 10 0F D8 FD 18 FF  ;..."#..........
00007BD0  3B 05 00 00 22 23 00 00  50 0C B0 0F 00 00 2F FF  ;..."#..P...../.
00007BE0  FC 06 00 00 22 23 00 00  10 0B B0 0F 57 01 17 FF  ...."#......W...
00007BF0  BB 06 00 00 22 23 00 00  10 0B 10 0F 28 02 18 FF  ...."#......(...
00007C00  3B 05 00 00 22 23 00 00  50 0C 10 0F 00 00 4D FF  ;..."#..P.....M.
00007C10  3B 05 00 00 01 00 00 00  08 00 00 00 02 00 0C 7C  ;..............|
00007C20  08 00 00 00 03 00 00 00  C0 14 00 00 08 01 14 2D  ...............-
00007C30  00 00 00 00 00 00 00 00  00 00 00 00 00 00 00 00  ................
00007C40  00 00 00 00 22 20 23 00  1D 09 6F 0E DF 7B 00 00  ...." #...o..{..
00007C50  CD FE 61 00 EA 06 00 00  22 20 23 00 09 08 E6 0E  ..a....." #.....
00007C60  DF 7B 00 00 00 00 83 00  3B 07 00 00 22 20 23 00  .{......;..." #.
00007C70  09 08 6F 0E DF 7B 00 00  00 00 5B 00 B3 07 00 00  ..o..{....[.....
00007C80  22 20 23 00 09 08 6F 0E  DF 7B 00 00 00 00 5B 00  " #...o..{....[.
00007C90  B3 07 00 00 22 20 23 00  09 08 E6 0E DF 7B 00 00  ...." #......{..
00007CA0  00 00 83 00 3B 07 00 00  22 20 23 00 1D 09 6F 0E  ....;..." #...o.
00007CB0  DF 7B 00 00 33 01 61 00  EA 06 00 00 22 20 23 00  .{..3.a....." #.
00007CC0  09 08 E6 0E DF 7B 00 00  00 00 83 00 3B 07 00 00  .....{......;...
00007CD0  22 20 23 00 1D 09 01 0F  39 67 00 00 06 01 FF 00  " #.....9g......
00007CE0  42 06 00 00 22 20 23 00  1D 09 6F 0E DF 7B 00 00  B..." #...o..{..
00007CF0  33 01 61 00 EA 06 00 00  22 20 23 00 1D 09 6F 0E  3.a....." #...o.
00007D00  DF 7B 00 00 CD FE 61 00  EA 06 00 00 22 20 23 00  .{....a....." #.
00007D10  1D 09 E6 0E 39 67 00 00  FA FE FF 00 42 06 00 00  ....9g......B...
00007D20  22 20 23 00 09 08 E6 0E  DF 7B 00 00 00 00 83 00  " #......{......
00007D30  3B 07 00 00 22 20 23 00  1D 09 6F 0E DF 7B 00 00  ;..." #...o..{..
00007D40  CD FE 61 00 EA 06 00 00  22 20 23 00 09 08 6F 0E  ..a....." #...o.
00007D50  DF 7B 00 00 00 00 5B 00  B3 07 00 00 22 20 23 00  .{....[....." #.
00007D60  09 08 E6 0E DF 7B 00 00  00 00 B1 00 EC 07 00 00  .....{..........
00007D70  22 20 23 00 09 08 6F 0E  DF 7B 00 00 00 00 5B 00  " #...o..{....[.
00007D80  B3 07 00 00 22 20 23 00  1D 09 6F 0E DF 7B 00 00  ...." #...o..{..
00007D90  33 01 61 00 EA 06 00 00  22 20 23 00 09 08 E6 0E  3.a....." #.....
00007DA0  DF 7B 00 00 00 00 B1 00  EC 07 00 00 22 20 23 00  .{.........." #.
00007DB0  09 08 E6 0E DF 7B 00 00  00 00 B1 00 EC 07 00 00  .....{..........
00007DC0  22 20 23 00 1D 09 6F 0E  DF 7B 00 00 33 01 61 00  " #...o..{..3.a.
00007DD0  EA 06 00 00 22 20 23 00  1D 09 01 0F 39 67 00 00  ...." #.....9g..
00007DE0  6D 01 DC 00 E6 06 00 00  22 20 23 00 1D 09 6F 0E  m......." #...o.
00007DF0  DF 7B 00 00 CD FE 61 00  EA 06 00 00 22 20 23 00  .{....a....." #.
00007E00  09 08 E6 0E DF 7B 00 00  00 00 B1 00 EC 07 00 00  .....{..........
00007E10  22 20 23 00 1D 09 E6 0E  39 67 00 00 93 FE DC 00  " #.....9g......
00007E20  E6 06 00 00 22 20 23 00  F0 07 30 07 DF 7B 00 00  ...." #...0..{..
00007E30  E9 06 D6 06 ED 01 00 00  22 20 23 00 90 04 50 0A  ........" #...P.
00007E40  DF 7B 00 00 75 04 03 03  56 05 00 00 22 20 23 00  .{..u...V..." #.
00007E50  90 05 70 0B DF 7B 00 00  0E 05 26 02 0E 03 00 00  ..p..{....&.....
00007E60  22 20 23 00 90 06 90 0C  DF 7B 00 00 F0 FA 49 01  " #......{....I.
00007E70  C4 01 00 00 22 20 23 00  F0 07 30 07 DF 7B 00 00  ...." #...0..{..
00007E80  17 F9 D6 06 ED 01 00 00  22 20 23 00 D0 07 F0 0D  ........" #.....
00007E90  DF 7B 00 00 85 FC B8 00  AC FD 00 00 22 20 23 00  .{.........." #.
00007EA0  F0 07 30 07 DF 7B 00 00  E9 06 D6 06 ED 01 00 00  ..0..{..........
00007EB0  22 20 23 00 90 06 90 0C  DF 7B 00 00 10 05 49 01  " #......{....I.
00007EC0  C4 01 00 00 22 20 23 00  D0 07 F0 0D DF 7B 00 00  ...." #......{..
00007ED0  65 03 CD 00 F7 FD 00 00  22 20 23 00 90 05 70 0B  e......." #...p.
00007EE0  DF 7B 00 00 F2 FA 26 02  0E 03 00 00 22 20 23 00  .{....&....." #.
00007EF0  F0 07 30 07 DF 7B 00 00  17 F9 D6 06 ED 01 00 00  ..0..{..........
00007F00  22 20 23 00 90 06 90 0C  DF 7B 00 00 F0 FA 49 01  " #......{....I.
00007F10  C4 01 00 00 22 20 23 00  90 06 00 10 DF 7B 00 00  ...." #......{..
00007F20  00 00 F8 FD E9 FE 00 00  22 20 23 00 D0 04 F0 0E  ........" #.....
00007F30  DF 7B 00 00 A0 02 CA FD  20 03 00 00 22 20 23 00  .{...... ..." #.
00007F40  D0 04 B0 0F DF 7B 00 00  C2 00 4F FC 7B 04 00 00  .....{....O.{...
00007F50  22 20 23 00 D0 07 F0 0D  DF 7B 00 00 65 03 CD 00  " #......{..e...
00007F60  F7 FD 00 00 22 20 23 00  90 06 90 0C DF 7B 00 00  ...." #......{..
00007F70  10 05 49 01 C4 01 00 00  22 20 23 00 90 06 00 10  ..I....." #.....
00007F80  DF 7B 00 00 00 00 F8 FD  E9 FE 00 00 22 20 23 00  .{.........." #.
00007F90  D0 09 B0 0D DF 7B 00 00  B1 00 35 01 C3 07 00 00  .....{....5.....
00007FA0  22 20 23 00 D0 09 30 0C  DF 7B 00 00 00 00 27 01  " #...0..{....'.
00007FB0  19 09 00 00 22 20 23 00  10 09 B0 0D DF 7B 00 00  ...." #......{..
00007FC0  00 00 C3 00 4A 08 00 00  22 20 23 00 CF 0A 90 0E  ....J..." #.....
00007FD0  DF 7B 00 00 CF 01 FA FE  18 04 00 00 22 20 23 00  .{.........." #.
00007FE0  53 0A C2 0F DF 7B 00 00  C1 01 C6 FE DC 05 00 00  S....{..........
00007FF0  22 20 23 00 53 0A 70 0E  DF 7B 00 00 E6 01 C3 FF  " #.S.p..{......
00008000  2E 06 00 00 22 20 23 00  F0 00 30 0F DF 7B 00 00  ...." #...0..{..
00008010  D8 00 AE FC 6A 05 00 00  22 20 23 00 D0 01 B0 0D  ....j..." #.....
00008020  DF 7B 00 00 C1 01 C6 FE  DC 05 00 00 22 20 23 00  .{.........." #.
00008030  2C 01 94 0D DF 7B 00 00  30 01 53 FE 15 06 00 00  ,....{..0.S.....
00008040  22 20 23 00 90 01 70 0C  DF 7B 00 00 74 01 D5 00  " #...p..{..t...
00008050  3A 07 00 00 22 20 23 00  AE 00 76 0C DF 7B 00 00  :..." #...v..{..
00008060  BF 00 CB 00 0C 08 00 00  22 20 23 00 CC 00 97 0C  ........" #.....
00008070  DF 7B 00 00 C1 00 B1 00  F4 07 00 00 22 20 23 00  .{.........." #.
00008080  D0 01 B0 0D DF 7B 00 00  C1 01 C6 FE DC 05 00 00  .....{..........
00008090  22 20 23 00 F0 00 30 0F  DF 7B 00 00 D8 00 AE FC  " #...0..{......
000080A0  6A 05 00 00 22 20 23 00  3E 03 D9 0D DF 7B 00 00  j..." #.>....{..
000080B0  97 02 B4 FE 72 05 00 00  22 20 23 00 F0 00 30 0F  ....r..." #...0.
000080C0  DF 7B 00 00 D8 00 AE FC  6A 05 00 00 22 20 23 00  .{......j..." #.
000080D0  10 05 90 0E DF 7B 00 00  A0 02 CA FD 20 03 00 00  .....{...... ...
000080E0  22 20 23 00 3E 03 D9 0D  DF 7B 00 00 97 02 B4 FE  " #.>....{......
000080F0  72 05 00 00 22 20 23 00  10 02 30 0D DF 7B 00 00  r..." #...0..{..
00008100  E6 01 C3 FF 2E 06 00 00  22 20 23 00 70 04 D0 0C  ........" #.p...
00008110  DF 7B 00 00 57 04 B8 00  71 05 00 00 22 20 23 00  .{..W...q..." #.
00008120  F0 01 B0 0C DF 7B 00 00  CA 01 9E 00 CB 06 00 00  .....{..........
00008130  22 20 23 00 10 05 90 0E  DF 7B 00 00 60 FD CA FD  " #......{..`...
00008140  20 03 00 00 22 20 23 00  3E 03 D9 0D DF 7B 00 00   ..." #.>....{..
00008150  69 FD B4 FE 72 05 00 00  22 20 23 00 30 06 F0 0D  i...r..." #.0...
00008160  DF 7B 00 00 8D FB 47 FF  DF 01 00 00 22 20 23 00  .{....G....." #.
00008170  D0 09 B0 0D DF 7B 00 00  4F FF 35 01 C3 07 00 00  .....{..O.5.....
00008180  22 20 23 00 10 09 B0 0D  DF 7B 00 00 00 00 C3 00  " #......{......
00008190  4A 08 00 00 22 20 23 00  D0 09 30 0C DF 7B 00 00  J..." #...0..{..
000081A0  00 00 27 01 19 09 00 00  22 20 23 00 90 01 70 0C  ..'....." #...p.
000081B0  DF 7B 00 00 8C FE D5 00  3A 07 00 00 22 20 23 00  .{......:..." #.
000081C0  90 02 50 0B DF 7B 00 00  83 FD F1 01 A9 06 00 00  ..P..{..........
000081D0  22 20 23 00 F0 01 B0 0C  DF 7B 00 00 36 FE 9E 00  " #......{..6...
000081E0  CB 06 00 00 22 20 23 00  58 0C B7 0F DF 7B 00 00  ...." #.X....{..
000081F0  00 00 4E FE 43 06 00 00  22 20 23 00 CF 0A 90 0E  ..N.C..." #.....
00008200  DF 7B 00 00 31 FE FA FE  18 04 00 00 22 20 23 00  .{..1......." #.
00008210  01 0B C2 0F DF 7B 00 00  D0 FE 53 FE 15 06 00 00  .....{....S.....
00008220  22 20 23 00 D0 01 B0 0D  DF 7B 00 00 3F FE C6 FE  " #......{..?...
00008230  DC 05 00 00 22 20 23 00  3E 03 D9 0D DF 7B 00 00  ...." #.>....{..
00008240  69 FD B4 FE 72 05 00 00  22 20 23 00 F0 00 30 0F  i...r..." #...0.
00008250  DF 7B 00 00 28 FF AE FC  6A 05 00 00 22 20 23 00  .{..(...j..." #.
00008260  F0 00 F0 0F DF 7B 00 00  3E FF 4F FC 7B 04 00 00  .....{..>.O.{...
00008270  22 20 23 00 F0 00 30 0F  DF 7B 00 00 28 FF AE FC  " #...0..{..(...
00008280  6A 05 00 00 22 20 23 00  10 05 90 0E DF 7B 00 00  j..." #......{..
00008290  60 FD CA FD 20 03 00 00  22 20 23 00 10 02 30 0D  `... ..." #...0.
000082A0  DF 7B 00 00 1A FE C3 FF  2E 06 00 00 22 20 23 00  .{.........." #.
000082B0  F0 01 B0 0C DF 7B 00 00  36 FE 9E 00 CB 06 00 00  .....{..6.......
000082C0  22 20 23 00 70 04 D0 0C  DF 7B 00 00 A9 FB B8 00  " #.p....{......
000082D0  71 05 00 00 22 20 23 00  30 06 F0 0D DF 7B 00 00  q..." #.0....{..
000082E0  8D FB 47 FF DF 01 00 00  22 20 23 00 90 06 00 10  ..G....." #.....
000082F0  DF 7B 00 00 00 00 F8 FD  E9 FE 00 00 22 20 23 00  .{.........." #.
00008300  D0 04 F0 0E DF 7B 00 00  60 FD CA FD 20 03 00 00  .....{..`... ...
00008310  22 20 23 00 F0 07 00 10  DF 7B 00 00 01 00 26 01  " #......{....&.
00008320  FE FA 00 00 22 20 23 00  D0 07 F0 0D DF 7B 00 00  ...." #......{..
00008330  65 03 CD 00 F7 FD 00 00  22 20 23 00 90 06 00 10  e......." #.....
00008340  DF 7B 00 00 00 00 F8 FD  E9 FE 00 00 22 20 23 00  .{.........." #.
00008350  90 06 00 10 DF 7B 00 00  00 00 F8 FD E9 FE 00 00  .....{..........
00008360  22 20 23 00 D0 07 F0 0D  DF 7B 00 00 85 FC B8 00  " #......{......
00008370  AC FD 00 00 22 20 23 00  F0 07 00 10 DF 7B 00 00  ...." #......{..
00008380  01 00 26 01 FE FA 00 00  22 20 23 00 70 04 D0 0C  ..&....." #.p...
00008390  DF 7B 00 00 57 04 B8 00  71 05 00 00 22 20 23 00  .{..W...q..." #.
000083A0  3E 03 D9 0D DF 7B 00 00  97 02 B4 FE 72 05 00 00  >....{......r...
000083B0  22 20 23 00 30 06 F0 0D  DF 7B 00 00 73 04 47 FF  " #.0....{..s.G.
000083C0  DF 01 00 00 22 20 23 00  70 04 D0 0C DF 7B 00 00  ...." #.p....{..
000083D0  A9 FB B8 00 71 05 00 00  22 20 23 00 90 06 90 0C  ....q..." #.....
000083E0  DF 7B 00 00 F0 FA 49 01  C4 01 00 00 22 20 23 00  .{....I....." #.
000083F0  30 06 F0 0D DF 7B 00 00  8D FB 47 FF DF 01 00 00  0....{....G.....
00008400  22 20 23 00 90 06 00 10  DF 7B 00 00 00 00 F8 FD  " #......{......
00008410  E9 FE 00 00 22 20 23 00  D0 04 B0 0F DF 7B 00 00  ...." #......{..
00008420  3E FF 4F FC 7B 04 00 00  22 20 23 00 D0 04 F0 0E  >.O.{..." #.....
00008430  DF 7B 00 00 60 FD CA FD  20 03 00 00 22 20 23 00  .{..`... ..." #.
00008440  90 06 00 10 DF 7B 00 00  00 00 F8 FD E9 FE 00 00  .....{..........
00008450  22 20 23 00 D0 04 B0 0F  DF 7B 00 00 C2 00 4F FC  " #......{....O.
00008460  7B 04 00 00 22 20 23 00  D0 04 70 10 DF 7B 00 00  {..." #...p..{..
00008470  3E FF 4F FC 7B 04 00 00  22 20 23 00 F0 00 30 0F  >.O.{..." #...0.
00008480  DF 7B 00 00 28 FF AE FC  6A 05 00 00 22 20 23 00  .{..(...j..." #.
00008490  00 00 67 0D DF 7B 00 00  00 00 4E FE 43 06 00 00  ..g..{....N.C...
000084A0  22 20 23 00 2C 01 94 0D  DF 7B 00 00 D0 FE 53 FE  " #.,....{....S.
000084B0  15 06 00 00 22 20 23 00  F0 00 30 0F DF 7B 00 00  ...." #...0..{..
000084C0  D8 00 AE FC 6A 05 00 00  22 20 23 00 00 00 67 0D  ....j..." #...g.
000084D0  DF 7B 00 00 00 00 4E FE  43 06 00 00 22 20 23 00  .{....N.C..." #.
000084E0  10 FF 30 0F DF 7B 00 00  28 FF AE FC 6A 05 00 00  ..0..{..(...j...
000084F0  22 20 23 00 70 04 D0 0C  DF 7B 00 00 57 04 B8 00  " #.p....{..W...
00008500  71 05 00 00 22 20 23 00  90 05 70 0B DF 7B 00 00  q..." #...p..{..
00008510  0E 05 26 02 0E 03 00 00  22 20 23 00 90 04 50 0A  ..&....." #...P.
00008520  DF 7B 00 00 75 04 03 03  56 05 00 00 22 20 23 00  .{..u...V..." #.
00008530  90 04 50 0A DF 7B 00 00  75 04 03 03 56 05 00 00  ..P..{..u...V...
00008540  22 20 23 00 90 02 50 0B  DF 7B 00 00 7D 02 F1 01  " #...P..{..}...
00008550  A9 06 00 00 22 20 23 00  70 04 D0 0C DF 7B 00 00  ...." #.p....{..
00008560  57 04 B8 00 71 05 00 00  22 20 23 00 90 02 50 0B  W...q..." #...P.
00008570  DF 7B 00 00 83 FD F1 01  A9 06 00 00 22 20 23 00  .{.........." #.
00008580  90 04 50 0A DF 7B 00 00  8B FB 03 03 56 05 00 00  ..P..{......V...
00008590  22 20 23 00 70 04 D0 0C  DF 7B 00 00 A9 FB B8 00  " #.p....{......
000085A0  71 05 00 00 22 20 23 00  90 00 10 0C DF 7B 00 00  q..." #......{..
000085B0  B1 00 35 01 C3 07 00 00  22 20 23 00 10 00 90 0C  ..5....." #.....
000085C0  DF 7B 00 00 00 00 C3 00  4A 08 00 00 22 20 23 00  .{......J..." #.
000085D0  AE 00 76 0C DF 7B 00 00  BF 00 CB 00 0C 08 00 00  ..v..{..........
000085E0  22 20 23 00 90 00 10 0C  DF 7B 00 00 4F FF 35 01  " #......{..O.5.
000085F0  C3 07 00 00 22 20 23 00  A9 00 82 0C DF 7B 00 00  ...." #......{..
00008600  41 FF CB 00 0C 08 00 00  22 20 23 00 10 00 90 0C  A......." #.....
00008610  DF 7B 00 00 00 00 C3 00  4A 08 00 00 22 20 23 00  .{......J..." #.
00008620  F0 00 30 0F DF 7B 00 00  D8 00 AE FC 6A 05 00 00  ..0..{......j...
00008630  22 20 23 00 2C 01 94 0D  DF 7B 00 00 30 01 53 FE  " #.,....{..0.S.
00008640  15 06 00 00 22 20 23 00  00 00 67 0D DF 7B 00 00  ...." #...g..{..
00008650  00 00 4E FE 43 06 00 00  22 20 23 00 F0 00 30 0F  ..N.C..." #...0.
00008660  DF 7B 00 00 28 FF AE FC  6A 05 00 00 22 20 23 00  .{..(...j..." #.
00008670  2C 01 94 0D DF 7B 00 00  D0 FE 53 FE 15 06 00 00  ,....{....S.....
00008680  22 20 23 00 D0 01 B0 0D  DF 7B 00 00 3F FE C6 FE  " #......{..?...
00008690  DC 05 00 00 22 20 23 00  90 02 50 0B DF 7B 00 00  ...." #...P..{..
000086A0  7D 02 F1 01 A9 06 00 00  22 20 23 00 F0 01 B0 0C  }......." #.....
000086B0  DF 7B 00 00 CA 01 9E 00  CB 06 00 00 22 20 23 00  .{.........." #.
000086C0  70 04 D0 0C DF 7B 00 00  57 04 B8 00 71 05 00 00  p....{..W...q...
000086D0  22 20 23 00 F0 01 B0 0C  DF 7B 00 00 36 FE 9E 00  " #......{..6...
000086E0  CB 06 00 00 22 20 23 00  90 02 50 0B DF 7B 00 00  ...." #...P..{..
000086F0  83 FD F1 01 A9 06 00 00  22 20 23 00 70 04 D0 0C  ........" #.p...
00008700  DF 7B 00 00 A9 FB B8 00  71 05 00 00 22 20 23 00  .{......q..." #.
00008710  90 06 90 0C DF 7B 00 00  F0 FA 49 01 C4 01 00 00  .....{....I.....
00008720  22 20 23 00 90 06 00 10  DF 7B 00 00 00 00 F8 FD  " #......{......
00008730  E9 FE 00 00 22 20 23 00  30 06 F0 0D DF 7B 00 00  ...." #.0....{..
00008740  8D FB 47 FF DF 01 00 00  22 20 23 00 D0 04 F0 0E  ..G....." #.....
00008750  DF 7B 00 00 A0 02 CA FD  20 03 00 00 22 20 23 00  .{...... ..." #.
00008760  90 06 00 10 DF 7B 00 00  00 00 F8 FD E9 FE 00 00  .....{..........
00008770  22 20 23 00 30 06 F0 0D  DF 7B 00 00 73 04 47 FF  " #.0....{..s.G.
00008780  DF 01 00 00 22 20 23 00  70 04 D0 0C DF 7B 00 00  ...." #.p....{..
00008790  A9 FB B8 00 71 05 00 00  22 20 23 00 90 05 70 0B  ....q..." #...p.
000087A0  DF 7B 00 00 F2 FA 26 02  0E 03 00 00 22 20 23 00  .{....&....." #.
000087B0  90 06 90 0C DF 7B 00 00  F0 FA 49 01 C4 01 00 00  .....{....I.....
000087C0  22 20 23 00 70 04 D0 0C  DF 7B 00 00 57 04 B8 00  " #.p....{..W...
000087D0  71 05 00 00 22 20 23 00  30 06 F0 0D DF 7B 00 00  q..." #.0....{..
000087E0  73 04 47 FF DF 01 00 00  22 20 23 00 90 06 90 0C  s.G....." #.....
000087F0  DF 7B 00 00 10 05 49 01  C4 01 00 00 22 20 23 00  .{....I....." #.
00008800  F0 01 B0 0C DF 7B 00 00  CA 01 9E 00 CB 06 00 00  .....{..........
00008810  22 20 23 00 90 02 50 0B  DF 7B 00 00 7D 02 F1 01  " #...P..{..}...
00008820  A9 06 00 00 22 20 23 00  90 01 70 0C DF 7B 00 00  ...." #...p..{..
00008830  74 01 D5 00 3A 07 00 00  22 20 23 00 90 02 50 0B  t...:..." #...P.
00008840  DF 7B 00 00 83 FD F1 01  A9 06 00 00 22 20 23 00  .{.........." #.
00008850  90 01 70 0C DF 7B 00 00  8C FE D5 00 3A 07 00 00  ..p..{......:...
00008860  22 20 23 00 90 00 10 0C  DF 7B 00 00 4F FF 35 01  " #......{..O.5.
00008870  C3 07 00 00 22 20 23 00  58 0C 90 0E DF 7B 00 00  ...." #.X....{..
00008880  00 00 AC FF 97 04 00 00  22 20 23 00 58 0C B7 0F  ........" #.X...
00008890  DF 7B 00 00 00 00 4E FE  43 06 00 00 22 20 23 00  .{....N.C..." #.
000088A0  CF 0A 90 0E DF 7B 00 00  CF 01 FA FE 18 04 00 00  .....{..........
000088B0  22 20 23 00 10 02 30 0D  DF 7B 00 00 E6 01 C3 FF  " #...0..{......
000088C0  2E 06 00 00 22 20 23 00  3E 03 D9 0D DF 7B 00 00  ...." #.>....{..
000088D0  97 02 B4 FE 72 05 00 00  22 20 23 00 70 04 D0 0C  ....r..." #.p...
000088E0  DF 7B 00 00 57 04 B8 00  71 05 00 00 22 20 23 00  .{..W...q..." #.
000088F0  D0 01 B0 0D DF 7B 00 00  C1 01 C6 FE DC 05 00 00  .....{..........
00008900  22 20 23 00 3E 03 D9 0D  DF 7B 00 00 97 02 B4 FE  " #.>....{......
00008910  72 05 00 00 22 20 23 00  10 02 30 0D DF 7B 00 00  r..." #...0..{..
00008920  E6 01 C3 FF 2E 06 00 00  22 20 23 00 3E 03 D9 0D  ........" #.>...
00008930  DF 7B 00 00 69 FD B4 FE  72 05 00 00 22 20 23 00  .{..i...r..." #.
00008940  10 02 30 0D DF 7B 00 00  1A FE C3 FF 2E 06 00 00  ..0..{..........
00008950  22 20 23 00 70 04 D0 0C  DF 7B 00 00 A9 FB B8 00  " #.p....{......
00008960  71 05 00 00 22 20 23 00  53 0A C2 0F DF 7B 00 00  q..." #.S....{..
00008970  3F FE C6 FE DC 05 00 00  22 20 23 00 CF 0A 90 0E  ?......." #.....
00008980  DF 7B 00 00 31 FE FA FE  18 04 00 00 22 20 23 00  .{..1......." #.
00008990  53 0A 70 0E DF 7B 00 00  1A FE C3 FF 2E 06 00 00  S.p..{..........
000089A0  22 20 23 00 D0 01 B0 0D  DF 7B 00 00 3F FE C6 FE  " #......{..?...
000089B0  DC 05 00 00 22 20 23 00  10 02 30 0D DF 7B 00 00  ...." #...0..{..
000089C0  1A FE C3 FF 2E 06 00 00  22 20 23 00 3E 03 D9 0D  ........" #.>...
000089D0  DF 7B 00 00 69 FD B4 FE  72 05 00 00 22 20 23 00  .{..i...r..." #.
000089E0  CF 0A 90 0E DF 7B 00 00  CF 01 FA FE 18 04 00 00  .....{..........
000089F0  22 20 23 00 53 0A 70 0E  DF 7B 00 00 E6 01 C3 FF  " #.S.p..{......
00008A00  2E 06 00 00 22 20 23 00  CF 0A D0 0D DF 7B 00 00  ...." #......{..
00008A10  DD 01 64 01 D1 04 00 00  22 20 23 00 CF 0A D0 0D  ..d....." #.....
00008A20  DF 7B 00 00 DD 01 64 01  D1 04 00 00 22 20 23 00  .{....d....." #.
00008A30  01 0B 58 0D DF 7B 00 00  74 01 D5 00 3A 07 00 00  ..X..{..t...:...
00008A40  22 20 23 00 58 0C CE 0D  DF 7B 00 00 00 00 50 01  " #.X....{....P.
00008A50  AC 04 00 00 22 20 23 00  58 0C 90 0E DF 7B 00 00  ...." #.X....{..
00008A60  00 00 AC FF 97 04 00 00  22 20 23 00 CF 0A 90 0E  ........" #.....
00008A70  DF 7B 00 00 31 FE FA FE  18 04 00 00 22 20 23 00  .{..1......." #.
00008A80  58 0C B7 0F DF 7B 00 00  00 00 4E FE 43 06 00 00  X....{....N.C...
00008A90  22 20 23 00 CF 0A 90 0E  DF 7B 00 00 CF 01 FA FE  " #......{......
00008AA0  18 04 00 00 22 20 23 00  58 0C B7 0F DF 7B 00 00  ...." #.X....{..
00008AB0  00 00 4E FE 43 06 00 00  22 20 23 00 01 0B C2 0F  ..N.C..." #.....
00008AC0  DF 7B 00 00 30 01 53 FE  15 06 00 00 22 20 23 00  .{..0.S....." #.
00008AD0  90 02 50 0B DF 7B 00 00  7D 02 F1 01 A9 06 00 00  ..P..{..}.......
00008AE0  22 20 23 00 90 00 10 0C  DF 7B 00 00 B1 00 35 01  " #......{....5.
00008AF0  C3 07 00 00 22 20 23 00  90 01 70 0C DF 7B 00 00  ...." #...p..{..
00008B00  74 01 D5 00 3A 07 00 00  22 20 23 00 A9 00 82 0C  t...:..." #.....
00008B10  DF 7B 00 00 41 FF CB 00  0C 08 00 00 22 20 23 00  .{..A......." #.
00008B20  90 01 70 0C DF 7B 00 00  8C FE D5 00 3A 07 00 00  ..p..{......:...
00008B30  22 20 23 00 D4 00 AC 0C  DF 7B 00 00 3F FF B1 00  " #......{..?...
00008B40  F4 07 00 00 22 20 23 00  90 01 70 0C DF 7B 00 00  ...." #...p..{..
00008B50  74 01 D5 00 3A 07 00 00  22 20 23 00 90 00 10 0C  t...:..." #.....
00008B60  DF 7B 00 00 B1 00 35 01  C3 07 00 00 22 20 23 00  .{....5....." #.
00008B70  AE 00 76 0C DF 7B 00 00  BF 00 CB 00 0C 08 00 00  ..v..{..........
00008B80  22 20 23 00 90 00 10 0C  DF 7B 00 00 4F FF 35 01  " #......{..O.5.
00008B90  C3 07 00 00 22 20 23 00  90 01 70 0C DF 7B 00 00  ...." #...p..{..
00008BA0  8C FE D5 00 3A 07 00 00  22 20 23 00 A9 00 82 0C  ....:..." #.....
00008BB0  DF 7B 00 00 41 FF CB 00  0C 08 00 00 22 20 23 00  .{..A......." #.
00008BC0  01 0B C2 0F DF 7B 00 00  D0 FE 53 FE 15 06 00 00  .....{....S.....
00008BD0  22 20 23 00 CF 0A 90 0E  DF 7B 00 00 31 FE FA FE  " #......{..1...
00008BE0  18 04 00 00 22 20 23 00  53 0A C2 0F DF 7B 00 00  ...." #.S....{..
00008BF0  3F FE C6 FE DC 05 00 00  22 20 23 00 01 0B C2 0F  ?......." #.....
00008C00  DF 7B 00 00 30 01 53 FE  15 06 00 00 22 20 23 00  .{..0.S....." #.
00008C10  53 0A C2 0F DF 7B 00 00  C1 01 C6 FE DC 05 00 00  S....{..........
00008C20  22 20 23 00 CF 0A 90 0E  DF 7B 00 00 CF 01 FA FE  " #......{......
00008C30  18 04 00 00 22 20 23 00  01 0B 58 0D DF 7B 00 00  ...." #...X..{..
00008C40  8C FE D5 00 3A 07 00 00  22 20 23 00 58 0C CE 0D  ....:..." #.X...
00008C50  DF 7B 00 00 00 00 50 01  AC 04 00 00 22 20 23 00  .{....P....." #.
00008C60  99 0B 58 0D DF 7B 00 00  3F FF B1 00 F4 07 00 00  ..X..{..?.......
00008C70  22 20 23 00 53 0A 53 0D  DF 7B 00 00 36 FE 9E 00  " #.S.S..{..6...
00008C80  CB 06 00 00 22 20 23 00  CF 0A D0 0D DF 7B 00 00  ...." #......{..
00008C90  23 FE 64 01 D1 04 00 00  22 20 23 00 01 0B 58 0D  #.d....." #...X.
00008CA0  DF 7B 00 00 8C FE D5 00  3A 07 00 00 22 20 23 00  .{......:..." #.
00008CB0  53 0A 70 0E DF 7B 00 00  1A FE C3 FF 2E 06 00 00  S.p..{..........
00008CC0  22 20 23 00 CF 0A D0 0D  DF 7B 00 00 23 FE 64 01  " #......{..#.d.
00008CD0  D1 04 00 00 22 20 23 00  53 0A 53 0D DF 7B 00 00  ...." #.S.S..{..
00008CE0  36 FE 9E 00 CB 06 00 00  22 20 23 00 CF 0A D0 0D  6......." #.....
00008CF0  DF 7B 00 00 DD 01 64 01  D1 04 00 00 22 20 23 00  .{....d....." #.
00008D00  53 0A 53 0D DF 7B 00 00  CA 01 9E 00 CB 06 00 00  S.S..{..........
00008D10  22 20 23 00 01 0B 58 0D  DF 7B 00 00 74 01 D5 00  " #...X..{..t...
00008D20  3A 07 00 00 22 20 23 00  58 0C 58 0D DF 7B 00 00  :..." #.X.X..{..
00008D30  00 00 9E 00 24 08 00 00  22 20 23 00 58 0C CE 0D  ....$..." #.X...
00008D40  DF 7B 00 00 00 00 50 01  AC 04 00 00 22 20 23 00  .{....P....." #.
00008D50  99 0B 58 0D DF 7B 00 00  C1 00 B1 00 F4 07 00 00  ..X..{..........
00008D60  22 20 23 00 99 0B 58 0D  DF 7B 00 00 3F FF B1 00  " #...X..{..?...
00008D70  F4 07 00 00 22 20 23 00  58 0C CE 0D DF 7B 00 00  ...." #.X....{..
00008D80  00 00 50 01 AC 04 00 00  22 20 23 00 58 0C 58 0D  ..P....." #.X.X.
00008D90  DF 7B 00 00 00 00 9E 00  24 08 00 00 22 20 23 00  .{......$..." #.
00008DA0  58 0C CE 0D DF 7B 00 00  00 00 50 01 AC 04 00 00  X....{....P.....
00008DB0  22 20 23 00 01 0B 58 0D  DF 7B 00 00 74 01 D5 00  " #...X..{..t...
00008DC0  3A 07 00 00 22 20 23 00  99 0B 58 0D DF 7B 00 00  :..." #...X..{..
00008DD0  C1 00 B1 00 F4 07 00 00  22 20 23 00 CF 0A D0 0D  ........" #.....
00008DE0  DF 7B 00 00 23 FE 64 01  D1 04 00 00 22 20 23 00  .{..#.d....." #.
00008DF0  58 0C CE 0D DF 7B 00 00  00 00 50 01 AC 04 00 00  X....{....P.....
00008E00  22 20 23 00 01 0B 58 0D  DF 7B 00 00 8C FE D5 00  " #...X..{......
00008E10  3A 07 00 00 22 20 23 00  CF 0A 90 0E DF 7B 00 00  :..." #......{..
00008E20  31 FE FA FE 18 04 00 00  22 20 23 00 CF 0A D0 0D  1......." #.....
00008E30  DF 7B 00 00 23 FE 64 01  D1 04 00 00 22 20 23 00  .{..#.d....." #.
00008E40  53 0A 70 0E DF 7B 00 00  1A FE C3 FF 2E 06 00 00  S.p..{..........
00008E50  22 20 23 00 CF 0A D0 0D  DF 7B 00 00 DD 01 64 01  " #......{....d.
00008E60  D1 04 00 00 22 20 23 00  53 0A 70 0E DF 7B 00 00  ...." #.S.p..{..
00008E70  E6 01 C3 FF 2E 06 00 00  22 20 23 00 53 0A 53 0D  ........" #.S.S.
00008E80  DF 7B 00 00 CA 01 9E 00  CB 06 00 00 22 20 23 00  .{.........." #.
00008E90  F0 00 F0 0F DF 7B 00 00  C2 00 4F FC 7B 04 00 00  .....{....O.{...
00008EA0  22 20 23 00 10 05 90 0E  DF 7B 00 00 A0 02 CA FD  " #......{......
00008EB0  20 03 00 00 22 20 23 00  F0 00 30 0F DF 7B 00 00   ..." #...0..{..
00008EC0  D8 00 AE FC 6A 05 00 00  22 20 23 00 10 05 90 0E  ....j..." #.....
00008ED0  DF 7B 00 00 60 FD CA FD  20 03 00 00 22 20 23 00  .{..`... ..." #.
00008EE0  F0 00 30 0F DF 7B 00 00  28 FF AE FC 6A 05 00 00  ..0..{..(...j...
00008EF0  22 20 23 00 3E 03 D9 0D  DF 7B 00 00 69 FD B4 FE  " #.>....{..i...
00008F00  72 05 00 00 22 20 23 00  D0 07 F0 0D DF 7B 00 00  r..." #......{..
00008F10  85 FC B8 00 AC FD 00 00  22 20 23 00 90 06 00 10  ........" #.....
00008F20  DF 7B 00 00 00 00 F8 FD  E9 FE 00 00 22 20 23 00  .{.........." #.
00008F30  90 06 90 0C DF 7B 00 00  F0 FA 49 01 C4 01 00 00  .....{....I.....
00008F40  22 20 23 00 90 06 00 10  DF 7B 00 00 00 00 F8 FD  " #......{......
00008F50  E9 FE 00 00 22 20 23 00  90 06 90 0C DF 7B 00 00  ...." #......{..
00008F60  10 05 49 01 C4 01 00 00  22 20 23 00 30 06 F0 0D  ..I....." #.0...
00008F70  DF 7B 00 00 73 04 47 FF  DF 01 00 00 22 20 23 00  .{..s.G....." #.
00008F80  70 04 D0 0C DF 7B 00 00  57 04 B8 00 71 05 00 00  p....{..W...q...
00008F90  22 20 23 00 90 06 90 0C  DF 7B 00 00 10 05 49 01  " #......{....I.
00008FA0  C4 01 00 00 22 20 23 00  90 05 70 0B DF 7B 00 00  ...." #...p..{..
00008FB0  0E 05 26 02 0E 03 00 00  22 20 23 00 F0 07 30 07  ..&....." #...0.
00008FC0  DF 7B 00 00 E9 06 D6 06  ED 01 00 00 22 20 23 00  .{.........." #.
00008FD0  90 05 70 0B DF 7B 00 00  0E 05 26 02 0E 03 00 00  ..p..{....&.....
00008FE0  22 20 23 00 90 06 90 0C  DF 7B 00 00 10 05 49 01  " #......{....I.
00008FF0  C4 01 00 00 22 20 23 00  70 04 D0 0C DF 7B 00 00  ...." #.p....{..
00009000  A9 FB B8 00 71 05 00 00  22 20 23 00 90 04 50 0A  ....q..." #...P.
00009010  DF 7B 00 00 8B FB 03 03  56 05 00 00 22 20 23 00  .{......V..." #.
00009020  90 05 70 0B DF 7B 00 00  F2 FA 26 02 0E 03 00 00  ..p..{....&.....
00009030  22 20 23 00 90 04 50 0A  DF 7B 00 00 8B FB 03 03  " #...P..{......
00009040  56 05 00 00 22 20 23 00  F0 07 30 07 DF 7B 00 00  V..." #...0..{..
00009050  17 F9 D6 06 ED 01 00 00  22 20 23 00 90 05 70 0B  ........" #...p.
00009060  DF 7B 00 00 F2 FA 26 02  0E 03 00 00 22 20 23 00  .{....&....." #.
00009070  30 06 F0 0D DF 7B 00 00  73 04 47 FF DF 01 00 00  0....{..s.G.....
00009080  22 20 23 00 3E 03 D9 0D  DF 7B 00 00 97 02 B4 FE  " #.>....{......
00009090  72 05 00 00 22 20 23 00  10 05 90 0E DF 7B 00 00  r..." #......{..
000090A0  A0 02 CA FD 20 03 00 00  22 20 23 00 30 06 F0 0D  .... ..." #.0...
000090B0  DF 7B 00 00 8D FB 47 FF  DF 01 00 00 22 20 23 00  .{....G....." #.
000090C0  3E 03 D9 0D DF 7B 00 00  69 FD B4 FE 72 05 00 00  >....{..i...r...
000090D0  22 20 23 00 70 04 D0 0C  DF 7B 00 00 A9 FB B8 00  " #.p....{......
000090E0  71 05 00 00 04 00 00 00  B0 06 00 00 54 00 14 2D  q...........T..-
000090F0  00 00 00 00 00 00 00 00  00 00 00 00 00 00 00 00  ................
00009100  00 00 00 00 22 20 23 00  D6 09 6F 0E EF 3D 00 00  ...." #...o..=..
00009110  C3 01 7A 00 2A 05 00 00  22 20 23 00 1D 09 6F 0E  ..z.*..." #...o.
00009120  DF 7B 00 00 33 01 61 00  EA 06 00 00 22 20 23 00  .{..3.a....." #.
00009130  1D 09 01 0F 39 67 00 00  06 01 FF 00 42 06 00 00  ....9g......B...
00009140  22 20 23 00 D6 09 E6 0E  EF 3D 00 00 63 01 1B 01  " #......=..c...
00009150  35 05 00 00 22 20 23 00  D6 09 E6 0E EF 3D 00 00  5..." #......=..
00009160  9D FE 1B 01 35 05 00 00  22 20 23 00 1D 09 E6 0E  ....5..." #.....
00009170  39 67 00 00 FA FE FF 00  42 06 00 00 22 20 23 00  9g......B..." #.
00009180  1D 09 6F 0E DF 7B 00 00  CD FE 61 00 EA 06 00 00  ..o..{....a.....
00009190  22 20 23 00 D6 09 6F 0E  EF 3D 00 00 3D FE 7A 00  " #...o..=..=.z.
000091A0  2A 05 00 00 22 20 23 00  D6 09 6F 0E EF 3D 00 00  *..." #...o..=..
000091B0  C3 01 7A 00 2A 05 00 00  22 20 23 00 D6 09 E6 0E  ..z.*..." #.....
000091C0  EF 3D 00 00 ED 01 1B 01  35 05 00 00 22 20 23 00  .=......5..." #.
000091D0  1D 09 01 0F 39 67 00 00  6D 01 DC 00 E6 06 00 00  ....9g..m.......
000091E0  22 20 23 00 1D 09 6F 0E  DF 7B 00 00 33 01 61 00  " #...o..{..3.a.
000091F0  EA 06 00 00 22 20 23 00  D6 09 E6 0E EF 3D 00 00  ...." #......=..
00009200  13 FE 1B 01 35 05 00 00  22 20 23 00 D6 09 6F 0E  ....5..." #...o.
00009210  EF 3D 00 00 3D FE 7A 00  2A 05 00 00 22 20 23 00  .=..=.z.*..." #.
00009220  1D 09 6F 0E DF 7B 00 00  CD FE 61 00 EA 06 00 00  ..o..{....a.....
00009230  22 20 23 00 1D 09 E6 0E  39 67 00 00 93 FE DC 00  " #.....9g......
00009240  E6 06 00 00 22 20 23 00  37 0A EE 0E DF 7B 00 00  ...." #.7....{..
00009250  0D 00 3C FE EB 05 00 00  22 20 23 00 09 08 EE 0E  ..<....." #.....
00009260  DF 7B 00 00 E5 01 7B FE  7A 05 00 00 22 20 23 00  .{....{.z..." #.
00009270  09 08 4E 0F DF 7B 00 00  BD 01 EE FE 9E 05 00 00  ..N..{..........
00009280  22 20 23 00 37 0A 4E 0F  DF 7B 00 00 0D 00 C4 FE  " #.7.N..{......
00009290  0F 06 00 00 22 20 23 00  37 0A 4E 0F DF 7B 00 00  ...." #.7.N..{..
000092A0  0D 00 C4 FE 0F 06 00 00  22 20 23 00 09 08 4E 0F  ........" #...N.
000092B0  DF 7B 00 00 BD 01 EE FE  9E 05 00 00 22 20 23 00  .{.........." #.
000092C0  09 08 AE 0F DF 7B 00 00  59 01 07 FF 7B 05 00 00  .....{..Y...{...
000092D0  22 20 23 00 37 0A AE 0F  DF 7B 00 00 0D 00 EE FE  " #.7....{......
000092E0  DC 05 00 00 22 20 23 00  37 0A EE 0F DF 7B 00 00  ...." #.7....{..
000092F0  E5 FF A1 FE 83 05 00 00  22 20 23 00 37 0A AE 0F  ........" #.7...
00009300  DF 7B 00 00 0D 00 EE FE  DC 05 00 00 22 20 23 00  .{.........." #.
00009310  09 08 AE 0F DF 7B 00 00  59 01 07 FF 7B 05 00 00  .....{..Y...{...
00009320  22 20 23 00 09 08 EE 0F  DF 7B 00 00 34 01 C2 FE  " #......{..4...
00009330  2F 05 00 00 22 20 23 00  09 08 EE 0E EF 3D 00 00  /..." #......=..
00009340  FE FD 16 FF 50 04 00 00  22 20 23 00 37 0A EE 0E  ....P..." #.7...
00009350  DF 7B 00 00 37 FE 7B FE  7A 05 00 00 22 20 23 00  .{..7.{.z..." #.
00009360  37 0A 4E 0F DF 7B 00 00  5E FE EE FE 9E 05 00 00  7.N..{..^.......
00009370  22 20 23 00 09 08 4E 0F  EF 3D 00 00 11 FE 9E FF  " #...N..=......
00009380  4D 04 00 00 22 20 23 00  09 08 4E 0F DF 7B 00 00  M..." #...N..{..
00009390  5E FE EE FE 9E 05 00 00  22 20 23 00 37 0A 4E 0F  ^......." #.7.N.
000093A0  DF 7B 00 00 0D 00 C4 FE  0F 06 00 00 22 20 23 00  .{.........." #.
000093B0  37 0A AE 0F DF 7B 00 00  0D 00 EE FE DC 05 00 00  7....{..........
000093C0  22 20 23 00 09 08 AE 0F  DF 7B 00 00 C2 FE 07 FF  " #......{......
000093D0  7B 05 00 00 22 20 23 00  09 08 EE 0E DF 7B 00 00  {..." #......{..
000093E0  37 FE 7B FE 7A 05 00 00  22 20 23 00 37 0A EE 0E  7.{.z..." #.7...
000093F0  DF 7B 00 00 0D 00 3C FE  EB 05 00 00 22 20 23 00  .{....<....." #.
00009400  37 0A 4E 0F DF 7B 00 00  0D 00 C4 FE 0F 06 00 00  7.N..{..........
00009410  22 20 23 00 09 08 4E 0F  DF 7B 00 00 5E FE EE FE  " #...N..{..^...
00009420  9E 05 00 00 22 20 23 00  09 08 EE 0F DF 7B 00 00  ...." #......{..
00009430  E4 FE C2 FE 2F 05 00 00  22 20 23 00 09 08 AE 0F  ..../..." #.....
00009440  DF 7B 00 00 C2 FE 07 FF  7B 05 00 00 22 20 23 00  .{......{..." #.
00009450  37 0A AE 0F DF 7B 00 00  0D 00 EE FE DC 05 00 00  7....{..........
00009460  22 20 23 00 37 0A EE 0F  DF 7B 00 00 E5 FF A1 FE  " #.7....{......
00009470  83 05 00 00 22 20 23 00  37 0A EE 0F DF 7B 00 00  ...." #.7....{..
00009480  34 01 C2 FE 2F 05 00 00  22 20 23 00 37 0A AE 0F  4.../..." #.7...
00009490  DF 7B 00 00 59 01 07 FF  7B 05 00 00 22 20 23 00  .{..Y...{..." #.
000094A0  09 08 AE 0F EF 3D 00 00  7A 01 A3 FF 4D 04 00 00  .....=..z...M...
000094B0  22 20 23 00 09 08 EE 0F  EF 3D 00 00 56 01 43 FF  " #......=..V.C.
000094C0  51 04 00 00 22 20 23 00  37 0A 4E 0F DF 7B 00 00  Q..." #.7.N..{..
000094D0  BD 01 EE FE 9E 05 00 00  22 20 23 00 09 08 4E 0F  ........" #...N.
000094E0  EF 3D 00 00 0A 02 9E FF  4D 04 00 00 22 20 23 00  .=......M..." #.
000094F0  09 08 AE 0F EF 3D 00 00  7A 01 A3 FF 4D 04 00 00  .....=..z...M...
00009500  22 20 23 00 37 0A AE 0F  DF 7B 00 00 59 01 07 FF  " #.7....{..Y...
00009510  7B 05 00 00 22 20 23 00  37 0A EE 0E DF 7B 00 00  {..." #.7....{..
00009520  E5 01 7B FE 7A 05 00 00  22 20 23 00 09 08 EE 0E  ..{.z..." #.....
00009530  EF 3D 00 00 1D 02 16 FF  50 04 00 00 22 20 23 00  .=......P..." #.
00009540  09 08 4E 0F EF 3D 00 00  0A 02 9E FF 4D 04 00 00  ..N..=......M...
00009550  22 20 23 00 37 0A 4E 0F  DF 7B 00 00 BD 01 EE FE  " #.7.N..{......
00009560  9E 05 00 00 22 20 23 00  37 0A AE 0F DF 7B 00 00  ...." #.7....{..
00009570  C2 FE 07 FF 7B 05 00 00  22 20 23 00 09 08 AE 0F  ....{..." #.....
00009580  EF 3D 00 00 A2 FE A3 FF  4D 04 00 00 22 20 23 00  .=......M..." #.
00009590  09 08 4E 0F EF 3D 00 00  11 FE 9E FF 4D 04 00 00  ..N..=......M...
000095A0  22 20 23 00 37 0A 4E 0F  DF 7B 00 00 5E FE EE FE  " #.7.N..{..^...
000095B0  9E 05 00 00 22 20 23 00  37 0A AE 0F DF 7B 00 00  ...." #.7....{..
000095C0  C2 FE 07 FF 7B 05 00 00  22 20 23 00 37 0A EE 0F  ....{..." #.7...
000095D0  DF 7B 00 00 E4 FE C2 FE  2F 05 00 00 22 20 23 00  .{....../..." #.
000095E0  09 08 EE 0F EF 3D 00 00  C6 FE 43 FF 51 04 00 00  .....=....C.Q...
000095F0  22 20 23 00 09 08 AE 0F  EF 3D 00 00 A2 FE A3 FF  " #......=......
00009600  4D 04 00 00 22 20 23 00  F0 00 F0 0F DF 7B 00 00  M..." #......{..
00009610  C2 00 4F FC 7B 04 00 00  22 20 23 00 F0 00 30 0F  ..O.{..." #...0.
00009620  DF 7B 00 00 D8 00 AE FC  6A 05 00 00 22 20 23 00  .{......j..." #.
00009630  10 FF 30 0F DF 7B 00 00  28 FF AE FC 6A 05 00 00  ..0..{..(...j...
00009640  22 20 23 00 10 FF F0 0F  DF 7B 00 00 3E FF 4F FC  " #......{..>.O.
00009650  7B 04 00 00 22 20 23 00  10 00 D0 0C DF 7B 00 00  {..." #......{..
00009660  00 00 9E 00 24 08 00 00  22 20 23 00 CC 00 97 0C  ....$..." #.....
00009670  DF 7B 00 00 C1 00 B1 00  F4 07 00 00 22 20 23 00  .{.........." #.
00009680  AE 00 76 0C DF 7B 00 00  BF 00 CB 00 0C 08 00 00  ..v..{..........
00009690  22 20 23 00 10 00 90 0C  DF 7B 00 00 00 00 C3 00  " #......{......
000096A0  4A 08 00 00 22 20 23 00  A9 00 82 0C DF 7B 00 00  J..." #......{..
000096B0  41 FF CB 00 0C 08 00 00  22 20 23 00 D4 00 AC 0C  A......." #.....
000096C0  DF 7B 00 00 3F FF B1 00  F4 07 00 00 22 20 23 00  .{..?......." #.
000096D0  10 00 D0 0C DF 7B 00 00  00 00 9E 00 24 08 00 00  .....{......$...
000096E0  22 20 23 00 10 00 90 0C  DF 7B 00 00 00 00 C3 00  " #......{......
000096F0  4A 08 00 00 22 20 23 00  CF 0A D0 0D DF 7B 00 00  J..." #......{..
00009700  23 FE 64 01 D1 04 00 00  22 20 23 00 CF 0A 90 0E  #.d....." #.....
00009710  DF 7B 00 00 31 FE FA FE  18 04 00 00 22 20 23 00  .{..1......." #.
00009720  58 0C 90 0E DF 7B 00 00  00 00 AC FF 97 04 00 00  X....{..........
00009730  22 20 23 00 58 0C CE 0D  DF 7B 00 00 00 00 50 01  " #.X....{....P.
00009740  AC 04 00 00 22 20 23 00  58 0C CE 0D DF 7B 00 00  ...." #.X....{..
00009750  00 00 50 01 AC 04 00 00  22 20 23 00 58 0C 90 0E  ..P....." #.X...
00009760  DF 7B 00 00 00 00 AC FF  97 04 00 00 22 20 23 00  .{.........." #.
00009770  CF 0A 90 0E DF 7B 00 00  CF 01 FA FE 18 04 00 00  .....{..........
00009780  22 20 23 00 CF 0A D0 0D  DF 7B 00 00 DD 01 64 01  " #......{....d.
00009790  D1 04 00 00 01 00 00 00  08 00 00 00 02 00 0D 7C  ...............|
000097A0  08 00 00 00 03 00 00 00  60 11 00 00 14 01 10 29  ........`......)
000097B0  00 00 00 00 00 00 00 00  00 00 00 00 00 00 00 00  ................
000097C0  00 00 00 00 22 23 00 00  F0 07 30 07 E9 06 D6 06  ...."#....0.....
000097D0  ED 01 00 00 22 23 00 00  90 04 50 0A 75 04 03 03  ...."#....P.u...
000097E0  56 05 00 00 22 23 00 00  90 05 70 0B F2 04 26 02  V..."#....p...&.
000097F0  8D 03 00 00 22 23 00 00  90 06 90 0C F0 FA 49 01  ...."#........I.
00009800  C4 01 00 00 22 23 00 00  F0 07 30 07 17 F9 D6 06  ...."#....0.....
00009810  ED 01 00 00 22 23 00 00  D0 07 F0 0D 85 FC B8 00  ...."#..........
00009820  AC FD 00 00 22 23 00 00  F0 07 30 07 E9 06 D6 06  ...."#....0.....
00009830  ED 01 00 00 22 23 00 00  90 06 90 0C 10 05 49 01  ...."#........I.
00009840  C4 01 00 00 22 23 00 00  D0 07 F0 0D 65 03 CD 00  ...."#......e...
00009850  F7 FD 00 00 22 23 00 00  90 05 70 0B 0E FB 26 02  ...."#....p...&.
00009860  8D 03 00 00 22 23 00 00  F0 07 30 07 17 F9 D6 06  ...."#....0.....
00009870  ED 01 00 00 22 23 00 00  90 06 90 0C F0 FA 49 01  ...."#........I.
00009880  C4 01 00 00 22 23 00 00  90 06 00 10 00 00 F8 FD  ...."#..........
00009890  E9 FE 00 00 22 23 00 00  D0 04 F0 0E B9 02 40 FE  ...."#........@.
000098A0  B1 03 00 00 22 23 00 00  30 04 B0 0F C2 00 F9 FC  ...."#..0.......
000098B0  79 05 00 00 22 23 00 00  D0 07 F0 0D 65 03 CD 00  y..."#......e...
000098C0  F7 FD 00 00 22 23 00 00  90 06 90 0C 10 05 49 01  ...."#........I.
000098D0  C4 01 00 00 22 23 00 00  90 06 00 10 00 00 F8 FD  ...."#..........
000098E0  E9 FE 00 00 22 23 00 00  D0 09 B0 0D B1 00 35 01  ...."#........5.
000098F0  C3 07 00 00 22 23 00 00  D0 09 30 0C 00 00 27 01  ...."#....0...'.
00009900  19 09 00 00 22 23 00 00  10 09 B0 0D 00 00 D6 00  ...."#..........
00009910  46 08 00 00 22 23 00 00  70 01 70 0D 2B 01 EB FF  F..."#..p.p.+...
00009920  29 07 00 00 22 23 00 00  F0 00 10 0E CF 00 17 FF  )..."#..........
00009930  EE 06 00 00 22 23 00 00  D0 02 10 0E 21 02 E0 FE  ...."#......!...
00009940  F3 05 00 00 22 23 00 00  10 00 D0 0C 00 00 8D 00  ...."#..........
00009950  52 08 00 00 22 23 00 00  90 00 82 0C B4 00 C2 00  R..."#..........
00009960  CD 07 00 00 22 23 00 00  10 00 90 0C 00 00 D6 00  ...."#..........
00009970  46 08 00 00 22 23 00 00  F0 00 30 0F D8 00 97 FD  F..."#....0.....
00009980  62 06 00 00 22 23 00 00  10 05 90 0E B9 02 40 FE  b..."#........@.
00009990  B1 03 00 00 22 23 00 00  D0 02 10 0E 21 02 E0 FE  ...."#......!...
000099A0  F3 05 00 00 22 23 00 00  70 01 70 0D 2B 01 EB FF  ...."#..p.p.+...
000099B0  29 07 00 00 22 23 00 00  70 04 D0 0C 0C 04 97 00  )..."#..p.......
000099C0  9E 05 00 00 22 23 00 00  70 01 10 0D 1B 01 49 00  ...."#..p.....I.
000099D0  5C 07 00 00 22 23 00 00  70 04 D0 0C F4 FB 97 00  \..."#..p.......
000099E0  9E 05 00 00 22 23 00 00  10 05 90 0E 47 FD 40 FE  ...."#......G.@.
000099F0  B1 03 00 00 22 23 00 00  D0 02 10 0E DF FD E0 FE  ...."#..........
00009A00  F3 05 00 00 22 23 00 00  D0 09 B0 0D 4F FF 35 01  ...."#......O.5.
00009A10  C3 07 00 00 22 23 00 00  10 09 B0 0D 00 00 D6 00  ...."#..........
00009A20  46 08 00 00 22 23 00 00  D0 09 30 0C 00 00 27 01  F..."#....0...'.
00009A30  19 09 00 00 22 23 00 00  90 00 D0 0C 4B FF 80 00  ...."#......K...
00009A40  D5 07 00 00 22 23 00 00  90 02 50 0B 83 FD F1 01  ...."#....P.....
00009A50  A9 06 00 00 22 23 00 00  70 01 10 0D E5 FE 49 00  ...."#..p.....I.
00009A60  5C 07 00 00 22 23 00 00  58 0C B7 0F 00 00 DC FF  \..."#..X.......
00009A70  8A 07 00 00 22 23 00 00  01 0B 90 0E 3A FF 2A 00  ...."#......:.*.
00009A80  87 06 00 00 22 23 00 00  01 0B C2 0F 35 FF D3 FF  ...."#......5...
00009A90  4F 07 00 00 22 23 00 00  F0 00 10 0E 31 FF 17 FF  O..."#......1...
00009AA0  EE 06 00 00 22 23 00 00  D0 02 10 0E DF FD E0 FE  ...."#..........
00009AB0  F3 05 00 00 22 23 00 00  F0 00 30 0F 28 FF 97 FD  ...."#....0.(...
00009AC0  62 06 00 00 22 23 00 00  10 05 90 0E 47 FD 40 FE  b..."#......G.@.
00009AD0  B1 03 00 00 22 23 00 00  F0 00 30 0F 28 FF 97 FD  ...."#....0.(...
00009AE0  62 06 00 00 22 23 00 00  D0 02 10 0E DF FD E0 FE  b..."#..........
00009AF0  F3 05 00 00 22 23 00 00  70 01 70 0D D5 FE EB FF  ...."#..p.p.....
00009B00  29 07 00 00 22 23 00 00  70 01 10 0D E5 FE 49 00  )..."#..p.....I.
00009B10  5C 07 00 00 22 23 00 00  70 04 D0 0C F4 FB 97 00  \..."#..p.......
00009B20  9E 05 00 00 22 23 00 00  30 06 F0 0D 7C FB 97 FF  ...."#..0...|...
00009B30  10 02 00 00 22 23 00 00  90 06 00 10 00 00 F8 FD  ...."#..........
00009B40  E9 FE 00 00 22 23 00 00  D0 04 F0 0E 47 FD 40 FE  ...."#......G.@.
00009B50  B1 03 00 00 22 23 00 00  F0 07 00 10 01 00 26 01  ...."#........&.
00009B60  FE FA 00 00 22 23 00 00  D0 07 F0 0D 65 03 CD 00  ...."#......e...
00009B70  F7 FD 00 00 22 23 00 00  90 06 00 10 00 00 F8 FD  ...."#..........
00009B80  E9 FE 00 00 22 23 00 00  90 06 00 10 00 00 F8 FD  ...."#..........
00009B90  E9 FE 00 00 22 23 00 00  D0 07 F0 0D 85 FC B8 00  ...."#..........
00009BA0  AC FD 00 00 22 23 00 00  F0 07 00 10 01 00 26 01  ...."#........&.
00009BB0  FE FA 00 00 22 23 00 00  70 04 D0 0C 0C 04 97 00  ...."#..p.......
00009BC0  9E 05 00 00 22 23 00 00  D0 02 10 0E 21 02 E0 FE  ...."#......!...
00009BD0  F3 05 00 00 22 23 00 00  10 05 90 0E B9 02 40 FE  ...."#........@.
00009BE0  B1 03 00 00 22 23 00 00  70 04 D0 0C F4 FB 97 00  ...."#..p.......
00009BF0  9E 05 00 00 22 23 00 00  30 06 F0 0D 7C FB 97 FF  ...."#..0...|...
00009C00  10 02 00 00 22 23 00 00  10 05 90 0E 47 FD 40 FE  ...."#......G.@.
00009C10  B1 03 00 00 22 23 00 00  70 04 D0 0C F4 FB 97 00  ...."#..p.......
00009C20  9E 05 00 00 22 23 00 00  90 06 90 0C F0 FA 49 01  ...."#........I.
00009C30  C4 01 00 00 22 23 00 00  30 06 F0 0D 7C FB 97 FF  ...."#..0...|...
00009C40  10 02 00 00 22 23 00 00  90 06 00 10 00 00 F8 FD  ...."#..........
00009C50  E9 FE 00 00 22 23 00 00  30 04 B0 0F 3E FF F9 FC  ...."#..0...>...
00009C60  79 05 00 00 22 23 00 00  D0 04 F0 0E 47 FD 40 FE  y..."#......G.@.
00009C70  B1 03 00 00 22 23 00 00  90 06 00 10 00 00 F8 FD  ...."#..........
00009C80  E9 FE 00 00 22 23 00 00  30 04 B0 0F C2 00 F9 FC  ...."#..0.......
00009C90  79 05 00 00 22 23 00 00  30 04 70 10 3E FF F9 FC  y..."#..0.p.>...
00009CA0  79 05 00 00 22 23 00 00  F0 00 30 0F 28 FF 97 FD  y..."#....0.(...
00009CB0  62 06 00 00 22 23 00 00  00 00 10 0E 00 00 2F FF  b..."#......../.
00009CC0  2F 07 00 00 22 23 00 00  F0 00 10 0E 31 FF 17 FF  /..."#......1...
00009CD0  EE 06 00 00 22 23 00 00  F0 00 30 0F D8 00 97 FD  ...."#....0.....
00009CE0  62 06 00 00 22 23 00 00  00 00 10 0E 00 00 2F FF  b..."#......../.
00009CF0  2F 07 00 00 22 23 00 00  10 FF 30 0F 28 FF 97 FD  /..."#....0.(...
00009D00  62 06 00 00 22 23 00 00  70 04 D0 0C 0C 04 97 00  b..."#..p.......
00009D10  9E 05 00 00 22 23 00 00  90 05 70 0B F2 04 26 02  ...."#....p...&.
00009D20  8D 03 00 00 22 23 00 00  90 04 50 0A 75 04 03 03  ...."#....P.u...
00009D30  56 05 00 00 22 23 00 00  70 04 D0 0C 0C 04 97 00  V..."#..p.......
00009D40  9E 05 00 00 22 23 00 00  10 05 90 0E B9 02 40 FE  ...."#........@.
00009D50  B1 03 00 00 22 23 00 00  30 06 F0 0D 84 04 97 FF  ...."#..0.......
00009D60  10 02 00 00 22 23 00 00  90 04 50 0A 75 04 03 03  ...."#....P.u...
00009D70  56 05 00 00 22 23 00 00  90 02 50 0B 7D 02 F1 01  V..."#....P.}...
00009D80  A9 06 00 00 22 23 00 00  70 04 D0 0C 0C 04 97 00  ...."#..p.......
00009D90  9E 05 00 00 22 23 00 00  90 02 50 0B 83 FD F1 01  ...."#....P.....
00009DA0  A9 06 00 00 22 23 00 00  90 04 50 0A 8B FB 03 03  ...."#....P.....
00009DB0  56 05 00 00 22 23 00 00  70 04 D0 0C F4 FB 97 00  V..."#..p.......
00009DC0  9E 05 00 00 22 23 00 00  90 00 10 0C B1 00 35 01  ...."#........5.
00009DD0  C3 07 00 00 22 23 00 00  10 00 90 0C 00 00 D6 00  ...."#..........
00009DE0  46 08 00 00 22 23 00 00  90 00 82 0C B4 00 C2 00  F..."#..........
00009DF0  CD 07 00 00 22 23 00 00  90 00 10 0C 4F FF 35 01  ...."#......O.5.
00009E00  C3 07 00 00 22 23 00 00  90 00 82 0C 4C FF C2 00  ...."#......L...
00009E10  CD 07 00 00 22 23 00 00  10 00 90 0C 00 00 D6 00  ...."#..........
00009E20  46 08 00 00 22 23 00 00  F0 00 30 0F D8 00 97 FD  F..."#....0.....
00009E30  62 06 00 00 22 23 00 00  F0 00 10 0E CF 00 17 FF  b..."#..........
00009E40  EE 06 00 00 22 23 00 00  00 00 10 0E 00 00 2F FF  ...."#......../.
00009E50  2F 07 00 00 22 23 00 00  90 02 50 0B 7D 02 F1 01  /..."#....P.}...
00009E60  A9 06 00 00 22 23 00 00  70 01 10 0D 1B 01 49 00  ...."#..p.....I.
00009E70  5C 07 00 00 22 23 00 00  70 04 D0 0C 0C 04 97 00  \..."#..p.......
00009E80  9E 05 00 00 22 23 00 00  70 01 10 0D E5 FE 49 00  ...."#..p.....I.
00009E90  5C 07 00 00 22 23 00 00  90 02 50 0B 83 FD F1 01  \..."#....P.....
00009EA0  A9 06 00 00 22 23 00 00  70 04 D0 0C F4 FB 97 00  ...."#..p.......
00009EB0  9E 05 00 00 22 23 00 00  90 06 90 0C F0 FA 49 01  ...."#........I.
00009EC0  C4 01 00 00 22 23 00 00  90 06 00 10 00 00 F8 FD  ...."#..........
00009ED0  E9 FE 00 00 22 23 00 00  30 06 F0 0D 7C FB 97 FF  ...."#..0...|...
00009EE0  10 02 00 00 22 23 00 00  D0 04 F0 0E B9 02 40 FE  ...."#........@.
00009EF0  B1 03 00 00 22 23 00 00  90 06 00 10 00 00 F8 FD  ...."#..........
00009F00  E9 FE 00 00 22 23 00 00  30 06 F0 0D 84 04 97 FF  ...."#..0.......
00009F10  10 02 00 00 22 23 00 00  70 04 D0 0C F4 FB 97 00  ...."#..p.......
00009F20  9E 05 00 00 22 23 00 00  90 05 70 0B 0E FB 26 02  ...."#....p...&.
00009F30  8D 03 00 00 22 23 00 00  90 06 90 0C F0 FA 49 01  ...."#........I.
00009F40  C4 01 00 00 22 23 00 00  70 04 D0 0C 0C 04 97 00  ...."#..p.......
00009F50  9E 05 00 00 22 23 00 00  30 06 F0 0D 84 04 97 FF  ...."#..0.......
00009F60  10 02 00 00 22 23 00 00  90 06 90 0C 10 05 49 01  ...."#........I.
00009F70  C4 01 00 00 22 23 00 00  70 01 10 0D 1B 01 49 00  ...."#..p.....I.
00009F80  5C 07 00 00 22 23 00 00  90 02 50 0B 7D 02 F1 01  \..."#....P.}...
00009F90  A9 06 00 00 22 23 00 00  90 00 D0 0C B5 00 80 00  ...."#..........
00009FA0  D5 07 00 00 22 23 00 00  90 00 82 0C 4C FF C2 00  ...."#......L...
00009FB0  CD 07 00 00 22 23 00 00  90 02 50 0B 83 FD F1 01  ...."#....P.....
00009FC0  A9 06 00 00 22 23 00 00  90 00 D0 0C 4B FF 80 00  ...."#......K...
00009FD0  D5 07 00 00 22 23 00 00  58 0C 90 0E 00 00 71 00  ...."#..X.....q.
00009FE0  BB 06 00 00 22 23 00 00  58 0C B7 0F 00 00 DC FF  ...."#..X.......
00009FF0  8A 07 00 00 22 23 00 00  01 0B 90 0E C6 00 2A 00  ...."#........*.
0000A000  87 06 00 00 22 23 00 00  70 01 70 0D 2B 01 EB FF  ...."#..p.p.+...
0000A010  29 07 00 00 22 23 00 00  D0 02 10 0E 21 02 E0 FE  )..."#......!...
0000A020  F3 05 00 00 22 23 00 00  70 04 D0 0C 0C 04 97 00  ...."#..p.......
0000A030  9E 05 00 00 22 23 00 00  D0 02 10 0E DF FD E0 FE  ...."#..........
0000A040  F3 05 00 00 22 23 00 00  70 01 70 0D D5 FE EB FF  ...."#..p.p.....
0000A050  29 07 00 00 22 23 00 00  70 04 D0 0C F4 FB 97 00  )..."#..p.......
0000A060  9E 05 00 00 22 23 00 00  01 0B 90 0E C6 00 2A 00  ...."#........*.
0000A070  87 06 00 00 22 23 00 00  53 0A C2 0F 2B 01 EB FF  ...."#..S...+...
0000A080  29 07 00 00 22 23 00 00  CF 0A D0 0D CF 00 A3 00  )..."#..........
0000A090  B0 06 00 00 22 23 00 00  CF 0A D0 0D CF 00 A3 00  ...."#..........
0000A0A0  B0 06 00 00 22 23 00 00  01 0B 58 0D B5 00 80 00  ...."#....X.....
0000A0B0  D5 07 00 00 22 23 00 00  58 0C CE 0D 00 00 BD 00  ...."#..X.......
0000A0C0  CA 06 00 00 22 23 00 00  CF 0A D0 0D 31 FF A3 00  ...."#......1...
0000A0D0  B0 06 00 00 22 23 00 00  01 0B 90 0E 3A FF 2A 00  ...."#......:.*.
0000A0E0  87 06 00 00 22 23 00 00  58 0C 90 0E 00 00 71 00  ...."#..X.....q.
0000A0F0  BB 06 00 00 22 23 00 00  CF 0A D0 0D CF 00 A3 00  ...."#..........
0000A100  B0 06 00 00 22 23 00 00  58 0C 90 0E 00 00 71 00  ...."#..X.....q.
0000A110  BB 06 00 00 22 23 00 00  01 0B 90 0E C6 00 2A 00  ...."#........*.
0000A120  87 06 00 00 22 23 00 00  58 0C 90 0E 00 00 71 00  ...."#..X.....q.
0000A130  BB 06 00 00 22 23 00 00  01 0B 90 0E 3A FF 2A 00  ...."#......:.*.
0000A140  87 06 00 00 22 23 00 00  58 0C B7 0F 00 00 DC FF  ...."#..X.......
0000A150  8A 07 00 00 22 23 00 00  01 0B 90 0E C6 00 2A 00  ...."#........*.
0000A160  87 06 00 00 22 23 00 00  58 0C B7 0F 00 00 DC FF  ...."#..X.......
0000A170  8A 07 00 00 22 23 00 00  01 0B C2 0F CB 00 D3 FF  ...."#..........
0000A180  4F 07 00 00 22 23 00 00  90 00 82 0C 4C FF C2 00  O..."#......L...
0000A190  CD 07 00 00 22 23 00 00  10 00 D0 0C 00 00 8D 00  ...."#..........
0000A1A0  52 08 00 00 22 23 00 00  10 00 90 0C 00 00 D6 00  R..."#..........
0000A1B0  46 08 00 00 22 23 00 00  90 00 10 0C B1 00 35 01  F..."#........5.
0000A1C0  C3 07 00 00 22 23 00 00  90 00 82 0C B4 00 C2 00  ...."#..........
0000A1D0  CD 07 00 00 22 23 00 00  90 02 50 0B 7D 02 F1 01  ...."#....P.}...
0000A1E0  A9 06 00 00 22 23 00 00  01 0B C2 0F 35 FF D3 FF  ...."#......5...
0000A1F0  4F 07 00 00 22 23 00 00  01 0B 90 0E 3A FF 2A 00  O..."#......:.*.
0000A200  87 06 00 00 22 23 00 00  53 0A C2 0F D5 FE EB FF  ...."#..S.......
0000A210  29 07 00 00 22 23 00 00  01 0B C2 0F CB 00 D3 FF  )..."#..........
0000A220  4F 07 00 00 22 23 00 00  53 0A C2 0F 2B 01 EB FF  O..."#..S...+...
0000A230  29 07 00 00 22 23 00 00  01 0B 90 0E C6 00 2A 00  )..."#........*.
0000A240  87 06 00 00 22 23 00 00  58 0C 58 0D 00 00 8D 00  ...."#..X.X.....
0000A250  52 08 00 00 22 23 00 00  01 0B 58 0D 4B FF 80 00  R..."#....X.K...
0000A260  D5 07 00 00 22 23 00 00  58 0C CE 0D 00 00 BD 00  ...."#..X.......
0000A270  CA 06 00 00 22 23 00 00  53 0A 53 0D E5 FE 49 00  ...."#..S.S...I.
0000A280  5C 07 00 00 22 23 00 00  CF 0A D0 0D 31 FF A3 00  \..."#......1...
0000A290  B0 06 00 00 22 23 00 00  01 0B 58 0D 4B FF 80 00  ...."#....X.K...
0000A2A0  D5 07 00 00 22 23 00 00  53 0A C2 0F D5 FE EB FF  ...."#..S.......
0000A2B0  29 07 00 00 22 23 00 00  CF 0A D0 0D 31 FF A3 00  )..."#......1...
0000A2C0  B0 06 00 00 22 23 00 00  53 0A 53 0D E5 FE 49 00  ...."#..S.S...I.
0000A2D0  5C 07 00 00 22 23 00 00  CF 0A D0 0D CF 00 A3 00  \..."#..........
0000A2E0  B0 06 00 00 22 23 00 00  53 0A 53 0D 1B 01 49 00  ...."#..S.S...I.
0000A2F0  5C 07 00 00 22 23 00 00  01 0B 58 0D B5 00 80 00  \..."#....X.....
0000A300  D5 07 00 00 22 23 00 00  58 0C CE 0D 00 00 BD 00  ...."#..X.......
0000A310  CA 06 00 00 22 23 00 00  01 0B 58 0D B5 00 80 00  ...."#....X.....
0000A320  D5 07 00 00 22 23 00 00  58 0C 58 0D 00 00 8D 00  ...."#..X.X.....
0000A330  52 08 00 00 22 23 00 00  CF 0A D0 0D 31 FF A3 00  R..."#......1...
0000A340  B0 06 00 00 22 23 00 00  58 0C CE 0D 00 00 BD 00  ...."#..X.......
0000A350  CA 06 00 00 22 23 00 00  01 0B 58 0D 4B FF 80 00  ...."#....X.K...
0000A360  D5 07 00 00 22 23 00 00  01 0B 90 0E 3A FF 2A 00  ...."#......:.*.
0000A370  87 06 00 00 22 23 00 00  CF 0A D0 0D 31 FF A3 00  ...."#......1...
0000A380  B0 06 00 00 22 23 00 00  53 0A C2 0F D5 FE EB FF  ...."#..S.......
0000A390  29 07 00 00 22 23 00 00  CF 0A D0 0D CF 00 A3 00  )..."#..........
0000A3A0  B0 06 00 00 22 23 00 00  53 0A C2 0F 2B 01 EB FF  ...."#..S...+...
0000A3B0  29 07 00 00 22 23 00 00  53 0A 53 0D 1B 01 49 00  )..."#..S.S...I.
0000A3C0  5C 07 00 00 22 23 00 00  90 02 50 0B 7D 02 F1 01  \..."#....P.}...
0000A3D0  A9 06 00 00 22 23 00 00  90 00 82 0C B4 00 C2 00  ...."#..........
0000A3E0  CD 07 00 00 22 23 00 00  90 00 D0 0C B5 00 80 00  ...."#..........
0000A3F0  D5 07 00 00 22 23 00 00  90 00 10 0C 4F FF 35 01  ...."#......O.5.
0000A400  C3 07 00 00 22 23 00 00  90 02 50 0B 83 FD F1 01  ...."#....P.....
0000A410  A9 06 00 00 22 23 00 00  90 00 82 0C 4C FF C2 00  ...."#......L...
0000A420  CD 07 00 00 22 23 00 00  90 00 82 0C 4C FF C2 00  ...."#......L...
0000A430  CD 07 00 00 22 23 00 00  90 00 D0 0C 4B FF 80 00  ...."#......K...
0000A440  D5 07 00 00 22 23 00 00  10 00 D0 0C 00 00 8D 00  ...."#..........
0000A450  52 08 00 00 22 23 00 00  90 00 D0 0C B5 00 80 00  R..."#..........
0000A460  D5 07 00 00 22 23 00 00  90 00 82 0C B4 00 C2 00  ...."#..........
0000A470  CD 07 00 00 22 23 00 00  10 00 D0 0C 00 00 8D 00  ...."#..........
0000A480  52 08 00 00 22 23 00 00  00 00 D0 0D 00 00 63 FF  R..."#........c.
0000A490  94 07 00 00 22 23 00 00  90 00 D0 0D 85 00 45 FF  ...."#........E.
0000A4A0  61 07 00 00 22 23 00 00  F0 00 70 0D CB 00 D3 FF  a..."#....p.....
0000A4B0  4F 07 00 00 22 23 00 00  90 00 D0 0D 7B FF 45 FF  O..."#......{.E.
0000A4C0  61 07 00 00 22 23 00 00  00 00 D0 0D 00 00 63 FF  a..."#........c.
0000A4D0  94 07 00 00 22 23 00 00  F0 00 70 0D 35 FF D3 FF  ...."#....p.5...
0000A4E0  4F 07 00 00 22 23 00 00  90 00 D0 0D 85 00 45 FF  O..."#........E.
0000A4F0  61 07 00 00 22 23 00 00  70 01 70 0D 2B 01 EB FF  a..."#..p.p.+...
0000A500  29 07 00 00 22 23 00 00  F0 00 70 0D CB 00 D3 FF  )..."#....p.....
0000A510  4F 07 00 00 22 23 00 00  00 00 10 0E 00 00 2F FF  O..."#......../.
0000A520  2F 07 00 00 22 23 00 00  F0 00 10 0E CF 00 17 FF  /..."#..........
0000A530  EE 06 00 00 22 23 00 00  90 00 D0 0D 85 00 45 FF  ...."#........E.
0000A540  61 07 00 00 22 23 00 00  F0 00 10 0E 31 FF 17 FF  a..."#......1...
0000A550  EE 06 00 00 22 23 00 00  00 00 10 0E 00 00 2F FF  ...."#......../.
0000A560  2F 07 00 00 22 23 00 00  90 00 D0 0D 7B FF 45 FF  /..."#......{.E.
0000A570  61 07 00 00 22 23 00 00  F0 00 10 0E 31 FF 17 FF  a..."#......1...
0000A580  EE 06 00 00 22 23 00 00  90 00 D0 0D 7B FF 45 FF  ...."#......{.E.
0000A590  61 07 00 00 22 23 00 00  70 01 70 0D D5 FE EB FF  a..."#..p.p.....
0000A5A0  29 07 00 00 22 23 00 00  00 00 D0 0D 00 00 63 FF  )..."#........c.
0000A5B0  94 07 00 00 22 23 00 00  F0 00 70 0D CB 00 D3 FF  ...."#....p.....
0000A5C0  4F 07 00 00 22 23 00 00  00 00 70 0D 00 00 DC FF  O..."#....p.....
0000A5D0  8A 07 00 00 22 23 00 00  F0 00 70 0D 35 FF D3 FF  ...."#....p.5...
0000A5E0  4F 07 00 00 22 23 00 00  00 00 D0 0D 00 00 63 FF  O..."#........c.
0000A5F0  94 07 00 00 22 23 00 00  00 00 70 0D 00 00 DC FF  ...."#....p.....
0000A600  8A 07 00 00 22 23 00 00  D0 02 10 0E 21 02 E0 FE  ...."#......!...
0000A610  F3 05 00 00 22 23 00 00  F0 00 10 0E CF 00 17 FF  ...."#..........
0000A620  EE 06 00 00 22 23 00 00  F0 00 30 0F D8 00 97 FD  ...."#....0.....
0000A630  62 06 00 00 22 23 00 00  70 01 70 0D D5 FE EB FF  b..."#..p.p.....
0000A640  29 07 00 00 22 23 00 00  D0 02 10 0E DF FD E0 FE  )..."#..........
0000A650  F3 05 00 00 22 23 00 00  F0 00 10 0E 31 FF 17 FF  ...."#......1...
0000A660  EE 06 00 00 22 23 00 00  58 0C CE 0D 00 00 BD 00  ...."#..X.......
0000A670  CA 06 00 00 22 23 00 00  58 0C 90 0E 00 00 71 00  ...."#..X.....q.
0000A680  BB 06 00 00 22 23 00 00  CF 0A D0 0D CF 00 A3 00  ...."#..........
0000A690  B0 06 00 00 22 23 00 00  CF 0A D0 0D 31 FF A3 00  ...."#......1...
0000A6A0  B0 06 00 00 22 23 00 00  58 0C 90 0E 00 00 71 00  ...."#..X.....q.
0000A6B0  BB 06 00 00 22 23 00 00  58 0C CE 0D 00 00 BD 00  ...."#..X.......
0000A6C0  CA 06 00 00 22 23 00 00  70 04 D0 0C 0C 04 97 00  ...."#..p.......
0000A6D0  9E 05 00 00 22 23 00 00  90 06 90 0C 10 05 49 01  ...."#........I.
0000A6E0  C4 01 00 00 22 23 00 00  90 05 70 0B F2 04 26 02  ...."#....p...&.
0000A6F0  8D 03 00 00 22 23 00 00  F0 07 30 07 E9 06 D6 06  ...."#....0.....
0000A700  ED 01 00 00 22 23 00 00  90 05 70 0B F2 04 26 02  ...."#....p...&.
0000A710  8D 03 00 00 22 23 00 00  90 06 90 0C 10 05 49 01  ...."#........I.
0000A720  C4 01 00 00 22 23 00 00  70 04 D0 0C F4 FB 97 00  ...."#..p.......
0000A730  9E 05 00 00 22 23 00 00  90 04 50 0A 8B FB 03 03  ...."#....P.....
0000A740  56 05 00 00 22 23 00 00  90 05 70 0B 0E FB 26 02  V..."#....p...&.
0000A750  8D 03 00 00 22 23 00 00  90 04 50 0A 8B FB 03 03  ...."#....P.....
0000A760  56 05 00 00 22 23 00 00  F0 07 30 07 17 F9 D6 06  V..."#....0.....
0000A770  ED 01 00 00 22 23 00 00  90 05 70 0B 0E FB 26 02  ...."#....p...&.
0000A780  8D 03 00 00 22 23 00 00  70 01 70 0D D5 FE EB FF  ...."#..p.p.....
0000A790  29 07 00 00 22 23 00 00  90 00 D0 0D 7B FF 45 FF  )..."#......{.E.
0000A7A0  61 07 00 00 22 23 00 00  F0 00 70 0D 35 FF D3 FF  a..."#....p.5...
0000A7B0  4F 07 00 00 22 23 00 00  F0 00 10 0E CF 00 17 FF  O..."#..........
0000A7C0  EE 06 00 00 22 23 00 00  70 01 70 0D 2B 01 EB FF  ...."#..p.p.+...
0000A7D0  29 07 00 00 22 23 00 00  90 00 D0 0D 85 00 45 FF  )..."#........E.
0000A7E0  61 07 00 00 22 23 00 00  00 00 10 0E 00 00 2F FF  a..."#......../.
0000A7F0  2F 07 00 00 22 23 00 00  90 00 D0 0D 85 00 45 FF  /..."#........E.
0000A800  61 07 00 00 22 23 00 00  00 00 D0 0D 00 00 63 FF  a..."#........c.
0000A810  94 07 00 00 22 23 00 00  90 00 D0 0D 7B FF 45 FF  ...."#......{.E.
0000A820  61 07 00 00 22 23 00 00  00 00 10 0E 00 00 2F FF  a..."#......../.
0000A830  2F 07 00 00 22 23 00 00  00 00 D0 0D 00 00 63 FF  /..."#........c.
0000A840  94 07 00 00 22 23 00 00  D0 00 F0 0F 3E FF F9 FC  ...."#......>...
0000A850  79 05 00 00 22 23 00 00  F0 00 30 0F 28 FF 97 FD  y..."#....0.(...
0000A860  62 06 00 00 22 23 00 00  10 05 90 0E 47 FD 40 FE  b..."#......G.@.
0000A870  B1 03 00 00 22 23 00 00  D0 00 F0 0F C2 00 F9 FC  ...."#..........
0000A880  79 05 00 00 22 23 00 00  10 05 90 0E B9 02 40 FE  y..."#........@.
0000A890  B1 03 00 00 22 23 00 00  F0 00 30 0F D8 00 97 FD  ...."#....0.....
0000A8A0  62 06 00 00 22 23 00 00  D0 07 F0 0D 85 FC B8 00  b..."#..........
0000A8B0  AC FD 00 00 22 23 00 00  90 06 00 10 00 00 F8 FD  ...."#..........
0000A8C0  E9 FE 00 00 22 23 00 00  90 06 90 0C F0 FA 49 01  ...."#........I.
0000A8D0  C4 01 00 00 22 23 00 00  90 06 00 10 00 00 F8 FD  ...."#..........
0000A8E0  E9 FE 00 00 22 23 00 00  90 06 90 0C 10 05 49 01  ...."#........I.
0000A8F0  C4 01 00 00 22 23 00 00  30 06 F0 0D 84 04 97 FF  ...."#..0.......
0000A900  10 02 00 00 04 00 00 00  60 00 00 00 04 00 10 29  ........`......)
0000A910  00 00 00 00 00 00 00 00  00 00 00 00 00 00 00 00  ................
0000A920  00 00 00 00 22 23 00 00  D0 00 F0 0F C2 00 F9 FC  ...."#..........
0000A930  79 05 00 00 22 23 00 00  F0 00 30 0F D8 00 97 FD  y..."#....0.....
0000A940  62 06 00 00 22 23 00 00  10 FF 30 0F 28 FF 97 FD  b..."#....0.(...
0000A950  62 06 00 00 22 23 00 00  30 FF F0 0F 3E FF F9 FC  b..."#..0...>...
0000A960  79 05 00 00 01 00 00 00  08 00 00 00 02 00 0E 7C  y..............|
0000A970  08 00 00 00 03 00 00 00  B0 15 00 00 14 01 14 2D  ...............-
0000A980  00 00 00 00 00 00 00 00  00 00 00 00 00 00 00 00  ................
0000A990  00 00 00 00 22 20 23 00  1D 09 6F 0E DF 7B 00 00  ...." #...o..{..
0000A9A0  CD FE 3D 00 FD 06 00 00  22 20 23 00 09 08 E6 0E  ..=....." #.....
0000A9B0  DF 7B 00 00 00 00 B5 00  50 07 00 00 22 20 23 00  .{......P..." #.
0000A9C0  09 08 6F 0E DF 7B 00 00  00 00 37 00 DF 07 00 00  ..o..{....7.....
0000A9D0  22 20 23 00 09 08 6F 0E  DF 7B 00 00 00 00 37 00  " #...o..{....7.
0000A9E0  DF 07 00 00 22 20 23 00  09 08 E6 0E DF 7B 00 00  ...." #......{..
0000A9F0  00 00 B5 00 50 07 00 00  22 20 23 00 1D 09 6F 0E  ....P..." #...o.
0000AA00  DF 7B 00 00 33 01 3D 00  FD 06 00 00 22 20 23 00  .{..3.=....." #.
0000AA10  09 08 E6 0E DF 7B 00 00  00 00 B5 00 50 07 00 00  .....{......P...
0000AA20  22 20 23 00 1D 09 01 0F  39 67 00 00 06 01 BB 00  " #.....9g......
0000AA30  89 06 00 00 22 20 23 00  1D 09 6F 0E DF 7B 00 00  ...." #...o..{..
0000AA40  33 01 3D 00 FD 06 00 00  22 20 23 00 1D 09 6F 0E  3.=....." #...o.
0000AA50  DF 7B 00 00 CD FE 3D 00  FD 06 00 00 22 20 23 00  .{....=....." #.
0000AA60  1D 09 E6 0E 39 67 00 00  FA FE BB 00 89 06 00 00  ....9g..........
0000AA70  22 20 23 00 09 08 E6 0E  DF 7B 00 00 00 00 B5 00  " #......{......
0000AA80  50 07 00 00 22 20 23 00  1D 09 6F 0E DF 7B 00 00  P..." #...o..{..
0000AA90  CD FE 3D 00 FD 06 00 00  22 20 23 00 09 08 6F 0E  ..=....." #...o.
0000AAA0  DF 7B 00 00 00 00 37 00  DF 07 00 00 22 20 23 00  .{....7....." #.
0000AAB0  09 08 E6 0E DF 7B 00 00  00 00 94 00 18 08 00 00  .....{..........
0000AAC0  22 20 23 00 09 08 6F 0E  DF 7B 00 00 00 00 37 00  " #...o..{....7.
0000AAD0  DF 07 00 00 22 20 23 00  1D 09 6F 0E DF 7B 00 00  ...." #...o..{..
0000AAE0  33 01 3D 00 FD 06 00 00  22 20 23 00 09 08 E6 0E  3.=....." #.....
0000AAF0  DF 7B 00 00 00 00 94 00  18 08 00 00 22 20 23 00  .{.........." #.
0000AB00  09 08 E6 0E DF 7B 00 00  00 00 94 00 18 08 00 00  .....{..........
0000AB10  22 20 23 00 1D 09 6F 0E  DF 7B 00 00 33 01 3D 00  " #...o..{..3.=.
0000AB20  FD 06 00 00 22 20 23 00  1D 09 01 0F 39 67 00 00  ...." #.....9g..
0000AB30  6D 01 98 00 2E 07 00 00  22 20 23 00 1D 09 6F 0E  m......." #...o.
0000AB40  DF 7B 00 00 CD FE 3D 00  FD 06 00 00 22 20 23 00  .{....=....." #.
0000AB50  09 08 E6 0E DF 7B 00 00  00 00 94 00 18 08 00 00  .....{..........
0000AB60  22 20 23 00 1D 09 E6 0E  39 67 00 00 93 FE 98 00  " #.....9g......
0000AB70  2E 07 00 00 22 20 23 00  F0 07 30 07 DF 7B 00 00  ...." #...0..{..
0000AB80  E9 06 D6 06 ED 01 00 00  22 20 23 00 90 04 50 0A  ........" #...P.
0000AB90  DF 7B 00 00 75 04 03 03  56 05 00 00 22 20 23 00  .{..u...V..." #.
0000ABA0  90 05 70 0B DF 7B 00 00  07 05 26 02 8D 03 00 00  ..p..{....&.....
0000ABB0  22 20 23 00 90 06 90 0C  DF 7B 00 00 F0 FA 49 01  " #......{....I.
0000ABC0  C4 01 00 00 22 20 23 00  F0 07 30 07 DF 7B 00 00  ...." #...0..{..
0000ABD0  17 F9 D6 06 ED 01 00 00  22 20 23 00 D0 07 F0 0D  ........" #.....
0000ABE0  DF 7B 00 00 85 FC B8 00  AC FD 00 00 22 20 23 00  .{.........." #.
0000ABF0  F0 07 30 07 DF 7B 00 00  E9 06 D6 06 ED 01 00 00  ..0..{..........
0000AC00  22 20 23 00 90 06 90 0C  DF 7B 00 00 10 05 49 01  " #......{....I.
0000AC10  C4 01 00 00 22 20 23 00  D0 07 F0 0D DF 7B 00 00  ...." #......{..
0000AC20  65 03 CD 00 F7 FD 00 00  22 20 23 00 90 05 70 0B  e......." #...p.
0000AC30  DF 7B 00 00 F9 FA 26 02  8D 03 00 00 22 20 23 00  .{....&....." #.
0000AC40  F0 07 30 07 DF 7B 00 00  17 F9 D6 06 ED 01 00 00  ..0..{..........
0000AC50  22 20 23 00 90 06 90 0C  DF 7B 00 00 F0 FA 49 01  " #......{....I.
0000AC60  C4 01 00 00 22 20 23 00  90 06 00 10 DF 7B 00 00  ...." #......{..
0000AC70  00 00 F8 FD E9 FE 00 00  22 20 23 00 D0 04 F0 0E  ........" #.....
0000AC80  DF 7B 00 00 B9 02 07 FE  4B 03 00 00 22 20 23 00  .{......K..." #.
0000AC90  30 04 B0 0F DF 7B 00 00  C2 00 B5 FC 97 04 00 00  0....{..........
0000ACA0  22 20 23 00 D0 07 F0 0D  DF 7B 00 00 65 03 CD 00  " #......{..e...
0000ACB0  F7 FD 00 00 22 20 23 00  90 06 90 0C DF 7B 00 00  ...." #......{..
0000ACC0  10 05 49 01 C4 01 00 00  22 20 23 00 90 06 00 10  ..I....." #.....
0000ACD0  DF 7B 00 00 00 00 F8 FD  E9 FE 00 00 22 20 23 00  .{.........." #.
0000ACE0  90 00 10 0C DF 7B 00 00  B1 00 35 01 C3 07 00 00  .....{....5.....
0000ACF0  22 20 23 00 10 00 10 0C  DF 7B 00 00 00 00 27 01  " #......{....'.
0000AD00  19 09 00 00 22 20 23 00  10 00 90 0C DF 7B 00 00  ...." #......{..
0000AD10  00 00 D2 00 48 08 00 00  22 20 23 00 50 0B D0 0E  ....H..." #.P...
0000AD20  DF 7B 00 00 CF 01 08 00  BF 04 00 00 22 20 23 00  .{.........." #.
0000AD30  53 0A AB 0F DF 7B 00 00  5A 01 8F FF 97 06 00 00  S....{..Z.......
0000AD40  22 20 23 00 53 0A 70 0E  DF 7B 00 00 9D 01 F0 FF  " #.S.p..{......
0000AD50  9A 06 00 00 22 20 23 00  50 01 B0 0D DF 7B 00 00  ...." #.P....{..
0000AD60  5A 01 8F FF 97 06 00 00  22 20 23 00 F0 00 12 0E  Z......." #.....
0000AD70  DF 7B 00 00 F2 00 F2 FE  66 06 00 00 22 20 23 00  .{......f..." #.
0000AD80  50 03 F0 0D DF 7B 00 00  5C 02 A8 FE 6A 05 00 00  P....{..\...j...
0000AD90  22 20 23 00 F0 00 D0 0C  DF 7B 00 00 54 01 8F 00  " #......{..T...
0000ADA0  92 07 00 00 22 20 23 00  90 00 90 0C DF 7B 00 00  ...." #......{..
0000ADB0  B4 00 DE 00 F5 07 00 00  22 20 23 00 90 00 D0 0C  ........" #.....
0000ADC0  DF 7B 00 00 B6 00 83 00  FC 07 00 00 22 20 23 00  .{.........." #.
0000ADD0  50 03 F0 0D DF 7B 00 00  5C 02 A8 FE 6A 05 00 00  P....{..\...j...
0000ADE0  22 20 23 00 D0 00 F0 0F  DF 7B 00 00 C2 00 B5 FC  " #......{......
0000ADF0  97 04 00 00 22 20 23 00  10 05 90 0E DF 7B 00 00  ...." #......{..
0000AE00  B9 02 07 FE 4B 03 00 00  22 20 23 00 70 01 70 0D  ....K..." #.p.p.
0000AE10  DF 7B 00 00 9D 01 F0 FF  9A 06 00 00 22 20 23 00  .{.........." #.
0000AE20  70 04 D0 0C DF 7B 00 00  57 04 B8 00 71 05 00 00  p....{..W...q...
0000AE30  22 20 23 00 50 01 10 0D  DF 7B 00 00 85 01 35 00  " #.P....{....5.
0000AE40  E5 06 00 00 22 20 23 00  70 04 D0 0C DF 7B 00 00  ...." #.p....{..
0000AE50  A9 FB B8 00 71 05 00 00  22 20 23 00 10 05 90 0E  ....q..." #.....
0000AE60  DF 7B 00 00 47 FD 07 FE  4B 03 00 00 22 20 23 00  .{..G...K..." #.
0000AE70  50 03 F0 0D DF 7B 00 00  A4 FD A8 FE 6A 05 00 00  P....{......j...
0000AE80  22 20 23 00 90 00 10 0C  DF 7B 00 00 4F FF 35 01  " #......{..O.5.
0000AE90  C3 07 00 00 22 20 23 00  10 00 90 0C DF 7B 00 00  ...." #......{..
0000AEA0  00 00 D2 00 48 08 00 00  22 20 23 00 10 00 10 0C  ....H..." #.....
0000AEB0  DF 7B 00 00 00 00 27 01  19 09 00 00 22 20 23 00  .{....'....." #.
0000AEC0  50 01 10 0D DF 7B 00 00  7B FE 35 00 E5 06 00 00  P....{..{.5.....
0000AED0  22 20 23 00 F0 00 D0 0C  DF 7B 00 00 AC FE 8F 00  " #......{......
0000AEE0  92 07 00 00 22 20 23 00  70 04 D0 0C DF 7B 00 00  ...." #.p....{..
0000AEF0  A9 FB B8 00 71 05 00 00  22 20 23 00 58 0C AB 0F  ....q..." #.X...
0000AF00  DF 7B 00 00 00 00 4E FF  F6 06 00 00 22 20 23 00  .{....N....." #.
0000AF10  50 0B D0 0E DF 7B 00 00  31 FE 08 00 BF 04 00 00  P....{..1.......
0000AF20  22 20 23 00 51 0B AB 0F  DF 7B 00 00 30 FF 58 FF  " #.Q....{..0.X.
0000AF30  DE 06 00 00 22 20 23 00  F0 00 12 0E DF 7B 00 00  ...." #......{..
0000AF40  0E FF F2 FE 66 06 00 00  22 20 23 00 50 03 F0 0D  ....f..." #.P...
0000AF50  DF 7B 00 00 A4 FD A8 FE  6A 05 00 00 22 20 23 00  .{......j..." #.
0000AF60  F0 00 30 0F DF 7B 00 00  28 FF 2F FD A0 05 00 00  ..0..{..(./.....
0000AF70  22 20 23 00 50 03 F0 0D  DF 7B 00 00 A4 FD A8 FE  " #.P....{......
0000AF80  6A 05 00 00 22 20 23 00  D0 00 F0 0F DF 7B 00 00  j..." #......{..
0000AF90  3E FF B5 FC 97 04 00 00  22 20 23 00 F0 00 30 0F  >......." #...0.
0000AFA0  DF 7B 00 00 28 FF 2F FD  A0 05 00 00 22 20 23 00  .{..(./....." #.
0000AFB0  70 01 70 0D DF 7B 00 00  63 FE F0 FF 9A 06 00 00  p.p..{..c.......
0000AFC0  22 20 23 00 50 01 10 0D  DF 7B 00 00 7B FE 35 00  " #.P....{..{.5.
0000AFD0  E5 06 00 00 22 20 23 00  70 04 D0 0C DF 7B 00 00  ...." #.p....{..
0000AFE0  A9 FB B8 00 71 05 00 00  22 20 23 00 30 06 F0 0D  ....q..." #.0...
0000AFF0  DF 7B 00 00 7C FB 78 FF  E6 01 00 00 22 20 23 00  .{..|.x....." #.
0000B000  90 06 00 10 DF 7B 00 00  00 00 F8 FD E9 FE 00 00  .....{..........
0000B010  22 20 23 00 D0 04 F0 0E  DF 7B 00 00 47 FD 07 FE  " #......{..G...
0000B020  4B 03 00 00 22 20 23 00  F0 07 00 10 DF 7B 00 00  K..." #......{..
0000B030  01 00 26 01 FE FA 00 00  22 20 23 00 D0 07 F0 0D  ..&....." #.....
0000B040  DF 7B 00 00 65 03 CD 00  F7 FD 00 00 22 20 23 00  .{..e......." #.
0000B050  90 06 00 10 DF 7B 00 00  00 00 F8 FD E9 FE 00 00  .....{..........
0000B060  22 20 23 00 90 06 00 10  DF 7B 00 00 00 00 F8 FD  " #......{......
0000B070  E9 FE 00 00 22 20 23 00  D0 07 F0 0D DF 7B 00 00  ...." #......{..
0000B080  85 FC B8 00 AC FD 00 00  22 20 23 00 F0 07 00 10  ........" #.....
0000B090  DF 7B 00 00 01 00 26 01  FE FA 00 00 22 20 23 00  .{....&....." #.
0000B0A0  70 04 D0 0C DF 7B 00 00  57 04 B8 00 71 05 00 00  p....{..W...q...
0000B0B0  22 20 23 00 50 03 F0 0D  DF 7B 00 00 5C 02 A8 FE  " #.P....{..\...
0000B0C0  6A 05 00 00 22 20 23 00  10 05 90 0E DF 7B 00 00  j..." #......{..
0000B0D0  B9 02 07 FE 4B 03 00 00  22 20 23 00 70 04 D0 0C  ....K..." #.p...
0000B0E0  DF 7B 00 00 A9 FB B8 00  71 05 00 00 22 20 23 00  .{......q..." #.
0000B0F0  30 06 F0 0D DF 7B 00 00  7C FB 78 FF E6 01 00 00  0....{..|.x.....
0000B100  22 20 23 00 10 05 90 0E  DF 7B 00 00 47 FD 07 FE  " #......{..G...
0000B110  4B 03 00 00 22 20 23 00  70 04 D0 0C DF 7B 00 00  K..." #.p....{..
0000B120  A9 FB B8 00 71 05 00 00  22 20 23 00 90 06 90 0C  ....q..." #.....
0000B130  DF 7B 00 00 F0 FA 49 01  C4 01 00 00 22 20 23 00  .{....I....." #.
0000B140  30 06 F0 0D DF 7B 00 00  7C FB 78 FF E6 01 00 00  0....{..|.x.....
0000B150  22 20 23 00 90 06 00 10  DF 7B 00 00 00 00 F8 FD  " #......{......
0000B160  E9 FE 00 00 22 20 23 00  30 04 B0 0F DF 7B 00 00  ...." #.0....{..
0000B170  3E FF B5 FC 97 04 00 00  22 20 23 00 D0 04 F0 0E  >......." #.....
0000B180  DF 7B 00 00 47 FD 07 FE  4B 03 00 00 22 20 23 00  .{..G...K..." #.
0000B190  90 06 00 10 DF 7B 00 00  00 00 F8 FD E9 FE 00 00  .....{..........
0000B1A0  22 20 23 00 30 04 B0 0F  DF 7B 00 00 C2 00 B5 FC  " #.0....{......
0000B1B0  97 04 00 00 22 20 23 00  30 04 70 10 DF 7B 00 00  ...." #.0.p..{..
0000B1C0  3E FF B5 FC 97 04 00 00  22 20 23 00 F0 00 30 0F  >......." #...0.
0000B1D0  DF 7B 00 00 28 FF 2F FD  A0 05 00 00 22 20 23 00  .{..(./....." #.
0000B1E0  00 00 12 0E DF 7B 00 00  00 00 E3 FE A6 06 00 00  .....{..........
0000B1F0  22 20 23 00 F0 00 12 0E  DF 7B 00 00 0E FF F2 FE  " #......{......
0000B200  66 06 00 00 22 20 23 00  F0 00 30 0F DF 7B 00 00  f..." #...0..{..
0000B210  D8 00 2F FD A0 05 00 00  22 20 23 00 00 00 12 0E  ../....." #.....
0000B220  DF 7B 00 00 00 00 E3 FE  A6 06 00 00 22 20 23 00  .{.........." #.
0000B230  10 FF 30 0F DF 7B 00 00  28 FF 2F FD A0 05 00 00  ..0..{..(./.....
0000B240  22 20 23 00 70 04 D0 0C  DF 7B 00 00 57 04 B8 00  " #.p....{..W...
0000B250  71 05 00 00 22 20 23 00  90 05 70 0B DF 7B 00 00  q..." #...p..{..
0000B260  07 05 26 02 8D 03 00 00  22 20 23 00 90 04 50 0A  ..&....." #...P.
0000B270  DF 7B 00 00 75 04 03 03  56 05 00 00 22 20 23 00  .{..u...V..." #.
0000B280  70 04 D0 0C DF 7B 00 00  57 04 B8 00 71 05 00 00  p....{..W...q...
0000B290  22 20 23 00 10 05 90 0E  DF 7B 00 00 B9 02 07 FE  " #......{......
0000B2A0  4B 03 00 00 22 20 23 00  30 06 F0 0D DF 7B 00 00  K..." #.0....{..
0000B2B0  84 04 78 FF E6 01 00 00  22 20 23 00 90 04 50 0A  ..x....." #...P.
0000B2C0  DF 7B 00 00 75 04 03 03  56 05 00 00 22 20 23 00  .{..u...V..." #.
0000B2D0  90 02 50 0B DF 7B 00 00  7D 02 F1 01 A9 06 00 00  ..P..{..}.......
0000B2E0  22 20 23 00 70 04 D0 0C  DF 7B 00 00 57 04 B8 00  " #.p....{..W...
0000B2F0  71 05 00 00 22 20 23 00  90 02 50 0B DF 7B 00 00  q..." #...P..{..
0000B300  83 FD F1 01 A9 06 00 00  22 20 23 00 90 04 50 0A  ........" #...P.
0000B310  DF 7B 00 00 8B FB 03 03  56 05 00 00 22 20 23 00  .{......V..." #.
0000B320  70 04 D0 0C DF 7B 00 00  A9 FB B8 00 71 05 00 00  p....{......q...
0000B330  22 20 23 00 90 00 10 0C  DF 7B 00 00 B1 00 35 01  " #......{....5.
0000B340  C3 07 00 00 22 20 23 00  10 00 90 0C DF 7B 00 00  ...." #......{..
0000B350  00 00 D2 00 48 08 00 00  22 20 23 00 90 00 90 0C  ....H..." #.....
0000B360  DF 7B 00 00 B4 00 DE 00  F5 07 00 00 22 20 23 00  .{.........." #.
0000B370  90 00 10 0C DF 7B 00 00  4F FF 35 01 C3 07 00 00  .....{..O.5.....
0000B380  22 20 23 00 90 00 90 0C  DF 7B 00 00 4C FF DE 00  " #......{..L...
0000B390  F5 07 00 00 22 20 23 00  10 00 90 0C DF 7B 00 00  ...." #......{..
0000B3A0  00 00 D2 00 48 08 00 00  22 20 23 00 F0 00 30 0F  ....H..." #...0.
0000B3B0  DF 7B 00 00 D8 00 2F FD  A0 05 00 00 22 20 23 00  .{..../....." #.
0000B3C0  F0 00 12 0E DF 7B 00 00  F2 00 F2 FE 66 06 00 00  .....{......f...
0000B3D0  22 20 23 00 00 00 12 0E  DF 7B 00 00 00 00 E3 FE  " #......{......
0000B3E0  A6 06 00 00 22 20 23 00  F0 00 90 0D DF 7B 00 00  ...." #......{..
0000B3F0  30 FF 58 FF DE 06 00 00  22 20 23 00 F0 00 12 0E  0.X....." #.....
0000B400  DF 7B 00 00 0E FF F2 FE  66 06 00 00 22 20 23 00  .{......f..." #.
0000B410  B2 00 D9 0D DF 7B 00 00  75 FF EC FE DE 06 00 00  .....{..u.......
0000B420  22 20 23 00 50 01 10 0D  DF 7B 00 00 85 01 35 00  " #.P....{....5.
0000B430  E5 06 00 00 22 20 23 00  70 04 D0 0C DF 7B 00 00  ...." #.p....{..
0000B440  57 04 B8 00 71 05 00 00  22 20 23 00 F0 00 D0 0C  W...q..." #.....
0000B450  DF 7B 00 00 54 01 8F 00  92 07 00 00 22 20 23 00  .{..T......." #.
0000B460  50 03 F0 0D DF 7B 00 00  5C 02 A8 FE 6A 05 00 00  P....{..\...j...
0000B470  22 20 23 00 F0 00 30 0F  DF 7B 00 00 D8 00 2F FD  " #...0..{..../.
0000B480  A0 05 00 00 22 20 23 00  D0 00 F0 0F DF 7B 00 00  ...." #......{..
0000B490  C2 00 B5 FC 97 04 00 00  22 20 23 00 50 03 F0 0D  ........" #.P...
0000B4A0  DF 7B 00 00 A4 FD A8 FE  6A 05 00 00 22 20 23 00  .{......j..." #.
0000B4B0  10 05 90 0E DF 7B 00 00  47 FD 07 FE 4B 03 00 00  .....{..G...K...
0000B4C0  22 20 23 00 D0 00 F0 0F  DF 7B 00 00 3E FF B5 FC  " #......{..>...
0000B4D0  97 04 00 00 22 20 23 00  90 06 90 0C DF 7B 00 00  ...." #......{..
0000B4E0  F0 FA 49 01 C4 01 00 00  22 20 23 00 90 06 00 10  ..I....." #.....
0000B4F0  DF 7B 00 00 00 00 F8 FD  E9 FE 00 00 22 20 23 00  .{.........." #.
0000B500  30 06 F0 0D DF 7B 00 00  7C FB 78 FF E6 01 00 00  0....{..|.x.....
0000B510  22 20 23 00 D0 04 F0 0E  DF 7B 00 00 B9 02 07 FE  " #......{......
0000B520  4B 03 00 00 22 20 23 00  90 06 00 10 DF 7B 00 00  K..." #......{..
0000B530  00 00 F8 FD E9 FE 00 00  22 20 23 00 30 06 F0 0D  ........" #.0...
0000B540  DF 7B 00 00 84 04 78 FF  E6 01 00 00 22 20 23 00  .{....x....." #.
0000B550  70 04 D0 0C DF 7B 00 00  A9 FB B8 00 71 05 00 00  p....{......q...
0000B560  22 20 23 00 90 05 70 0B  DF 7B 00 00 F9 FA 26 02  " #...p..{....&.
0000B570  8D 03 00 00 22 20 23 00  90 06 90 0C DF 7B 00 00  ...." #......{..
0000B580  F0 FA 49 01 C4 01 00 00  22 20 23 00 70 04 D0 0C  ..I....." #.p...
0000B590  DF 7B 00 00 57 04 B8 00  71 05 00 00 22 20 23 00  .{..W...q..." #.
0000B5A0  30 06 F0 0D DF 7B 00 00  84 04 78 FF E6 01 00 00  0....{....x.....
0000B5B0  22 20 23 00 90 06 90 0C  DF 7B 00 00 10 05 49 01  " #......{....I.
0000B5C0  C4 01 00 00 22 20 23 00  90 02 50 0B DF 7B 00 00  ...." #...P..{..
0000B5D0  83 FD F1 01 A9 06 00 00  22 20 23 00 F0 00 D0 0C  ........" #.....
0000B5E0  DF 7B 00 00 AC FE 8F 00  92 07 00 00 22 20 23 00  .{.........." #.
0000B5F0  90 00 10 0C DF 7B 00 00  4F FF 35 01 C3 07 00 00  .....{..O.5.....
0000B600  22 20 23 00 58 0C 90 0E  DF 7B 00 00 00 00 8C 00  " #.X....{......
0000B610  82 05 00 00 22 20 23 00  58 0C AB 0F DF 7B 00 00  ...." #.X....{..
0000B620  00 00 4E FF F6 06 00 00  22 20 23 00 50 0B D0 0E  ..N....." #.P...
0000B630  DF 7B 00 00 CF 01 08 00  BF 04 00 00 22 20 23 00  .{.........." #.
0000B640  70 01 70 0D DF 7B 00 00  9D 01 F0 FF 9A 06 00 00  p.p..{..........
0000B650  22 20 23 00 50 03 F0 0D  DF 7B 00 00 5C 02 A8 FE  " #.P....{..\...
0000B660  6A 05 00 00 22 20 23 00  70 04 D0 0C DF 7B 00 00  j..." #.p....{..
0000B670  57 04 B8 00 71 05 00 00  22 20 23 00 50 01 B0 0D  W...q..." #.P...
0000B680  DF 7B 00 00 5A 01 8F FF  97 06 00 00 22 20 23 00  .{..Z......." #.
0000B690  50 03 F0 0D DF 7B 00 00  5C 02 A8 FE 6A 05 00 00  P....{..\...j...
0000B6A0  22 20 23 00 70 01 70 0D  DF 7B 00 00 9D 01 F0 FF  " #.p.p..{......
0000B6B0  9A 06 00 00 22 20 23 00  50 03 F0 0D DF 7B 00 00  ...." #.P....{..
0000B6C0  A4 FD A8 FE 6A 05 00 00  22 20 23 00 70 01 70 0D  ....j..." #.p.p.
0000B6D0  DF 7B 00 00 63 FE F0 FF  9A 06 00 00 22 20 23 00  .{..c......." #.
0000B6E0  70 04 D0 0C DF 7B 00 00  A9 FB B8 00 71 05 00 00  p....{......q...
0000B6F0  22 20 23 00 53 0A AB 0F  DF 7B 00 00 A6 FE 8F FF  " #.S....{......
0000B700  97 06 00 00 22 20 23 00  50 0B D0 0E DF 7B 00 00  ...." #.P....{..
0000B710  31 FE 08 00 BF 04 00 00  22 20 23 00 53 0A 70 0E  1......." #.S.p.
0000B720  DF 7B 00 00 63 FE F0 FF  9A 06 00 00 22 20 23 00  .{..c......." #.
0000B730  50 01 B0 0D DF 7B 00 00  A6 FE 8F FF 97 06 00 00  P....{..........
0000B740  22 20 23 00 70 01 70 0D  DF 7B 00 00 63 FE F0 FF  " #.p.p..{..c...
0000B750  9A 06 00 00 22 20 23 00  50 03 F0 0D DF 7B 00 00  ...." #.P....{..
0000B760  A4 FD A8 FE 6A 05 00 00  22 20 23 00 50 0B D0 0E  ....j..." #.P...
0000B770  DF 7B 00 00 CF 01 08 00  BF 04 00 00 22 20 23 00  .{.........." #.
0000B780  53 0A 70 0E DF 7B 00 00  9D 01 F0 FF 9A 06 00 00  S.p..{..........
0000B790  22 20 23 00 50 0B D0 0D  DF 7B 00 00 DD 01 74 01  " #.P....{....t.
0000B7A0  61 05 00 00 22 20 23 00  50 0B D0 0D DF 7B 00 00  a..." #.P....{..
0000B7B0  DD 01 74 01 61 05 00 00  22 20 23 00 50 0B 58 0D  ..t.a..." #.P.X.
0000B7C0  DF 7B 00 00 54 01 8F 00  92 07 00 00 22 20 23 00  .{..T......." #.
0000B7D0  58 0C 0B 0E DF 7B 00 00  00 00 60 01 3C 05 00 00  X....{....`.<...
0000B7E0  22 20 23 00 58 0C 90 0E  DF 7B 00 00 00 00 8C 00  " #.X....{......
0000B7F0  82 05 00 00 22 20 23 00  50 0B D0 0E DF 7B 00 00  ...." #.P....{..
0000B800  31 FE 08 00 BF 04 00 00  22 20 23 00 58 0C AB 0F  1......." #.X...
0000B810  DF 7B 00 00 00 00 4E FF  F6 06 00 00 22 20 23 00  .{....N....." #.
0000B820  50 0B D0 0E DF 7B 00 00  CF 01 08 00 BF 04 00 00  P....{..........
0000B830  22 20 23 00 58 0C AB 0F  DF 7B 00 00 00 00 4E FF  " #.X....{....N.
0000B840  F6 06 00 00 22 20 23 00  51 0B AB 0F DF 7B 00 00  ...." #.Q....{..
0000B850  D0 00 58 FF DE 06 00 00  22 20 23 00 90 02 50 0B  ..X....." #...P.
0000B860  DF 7B 00 00 7D 02 F1 01  A9 06 00 00 22 20 23 00  .{..}......." #.
0000B870  90 00 10 0C DF 7B 00 00  B1 00 35 01 C3 07 00 00  .....{....5.....
0000B880  22 20 23 00 F0 00 D0 0C  DF 7B 00 00 54 01 8F 00  " #......{..T...
0000B890  92 07 00 00 22 20 23 00  90 00 90 0C DF 7B 00 00  ...." #......{..
0000B8A0  4C FF DE 00 F5 07 00 00  22 20 23 00 F0 00 D0 0C  L......." #.....
0000B8B0  DF 7B 00 00 AC FE 8F 00  92 07 00 00 22 20 23 00  .{.........." #.
0000B8C0  90 00 D0 0C DF 7B 00 00  4A FF 83 00 FC 07 00 00  .....{..J.......
0000B8D0  22 20 23 00 F0 00 D0 0C  DF 7B 00 00 54 01 8F 00  " #......{..T...
0000B8E0  92 07 00 00 22 20 23 00  90 00 10 0C DF 7B 00 00  ...." #......{..
0000B8F0  B1 00 35 01 C3 07 00 00  22 20 23 00 90 00 90 0C  ..5....." #.....
0000B900  DF 7B 00 00 B4 00 DE 00  F5 07 00 00 22 20 23 00  .{.........." #.
0000B910  90 00 10 0C DF 7B 00 00  4F FF 35 01 C3 07 00 00  .....{..O.5.....
0000B920  22 20 23 00 F0 00 D0 0C  DF 7B 00 00 AC FE 8F 00  " #......{......
0000B930  92 07 00 00 22 20 23 00  90 00 90 0C DF 7B 00 00  ...." #......{..
0000B940  4C FF DE 00 F5 07 00 00  22 20 23 00 51 0B AB 0F  L......." #.Q...
0000B950  DF 7B 00 00 30 FF 58 FF  DE 06 00 00 22 20 23 00  .{..0.X....." #.
0000B960  50 0B D0 0E DF 7B 00 00  31 FE 08 00 BF 04 00 00  P....{..1.......
0000B970  22 20 23 00 53 0A AB 0F  DF 7B 00 00 A6 FE 8F FF  " #.S....{......
0000B980  97 06 00 00 22 20 23 00  51 0B AB 0F DF 7B 00 00  ...." #.Q....{..
0000B990  D0 00 58 FF DE 06 00 00  22 20 23 00 53 0A AB 0F  ..X....." #.S...
0000B9A0  DF 7B 00 00 5A 01 8F FF  97 06 00 00 22 20 23 00  .{..Z......." #.
0000B9B0  50 0B D0 0E DF 7B 00 00  CF 01 08 00 BF 04 00 00  P....{..........
0000B9C0  22 20 23 00 50 0B 58 0D  DF 7B 00 00 AC FE 8F 00  " #.P.X..{......
0000B9D0  92 07 00 00 22 20 23 00  58 0C 0B 0E DF 7B 00 00  ...." #.X....{..
0000B9E0  00 00 60 01 3C 05 00 00  22 20 23 00 F0 0B 58 0D  ..`.<..." #...X.
0000B9F0  DF 7B 00 00 4A FF 83 00  FC 07 00 00 22 20 23 00  .{..J......." #.
0000BA00  53 0A 58 0D DF 7B 00 00  7B FE 35 00 E5 06 00 00  S.X..{..{.5.....
0000BA10  22 20 23 00 50 0B D0 0D  DF 7B 00 00 23 FE 74 01  " #.P....{..#.t.
0000BA20  61 05 00 00 22 20 23 00  50 0B 58 0D DF 7B 00 00  a..." #.P.X..{..
0000BA30  AC FE 8F 00 92 07 00 00  22 20 23 00 53 0A 70 0E  ........" #.S.p.
0000BA40  DF 7B 00 00 63 FE F0 FF  9A 06 00 00 22 20 23 00  .{..c......." #.
0000BA50  50 0B D0 0D DF 7B 00 00  23 FE 74 01 61 05 00 00  P....{..#.t.a...
0000BA60  22 20 23 00 53 0A 58 0D  DF 7B 00 00 7B FE 35 00  " #.S.X..{..{.5.
0000BA70  E5 06 00 00 22 20 23 00  50 0B D0 0D DF 7B 00 00  ...." #.P....{..
0000BA80  DD 01 74 01 61 05 00 00  22 20 23 00 53 0A 58 0D  ..t.a..." #.S.X.
0000BA90  DF 7B 00 00 85 01 35 00  E5 06 00 00 22 20 23 00  .{....5....." #.
0000BAA0  50 0B 58 0D DF 7B 00 00  54 01 8F 00 92 07 00 00  P.X..{..T.......
0000BAB0  22 20 23 00 58 0C 58 0D  DF 7B 00 00 00 00 8C 00  " #.X.X..{......
0000BAC0  50 08 00 00 22 20 23 00  58 0C 0B 0E DF 7B 00 00  P..." #.X....{..
0000BAD0  00 00 60 01 3C 05 00 00  22 20 23 00 F0 0B 58 0D  ..`.<..." #...X.
0000BAE0  DF 7B 00 00 B6 00 83 00  FC 07 00 00 22 20 23 00  .{.........." #.
0000BAF0  F0 0B 58 0D DF 7B 00 00  4A FF 83 00 FC 07 00 00  ..X..{..J.......
0000BB00  22 20 23 00 58 0C 0B 0E  DF 7B 00 00 00 00 60 01  " #.X....{....`.
0000BB10  3C 05 00 00 22 20 23 00  58 0C 58 0D DF 7B 00 00  <..." #.X.X..{..
0000BB20  00 00 8C 00 50 08 00 00  22 20 23 00 58 0C 0B 0E  ....P..." #.X...
0000BB30  DF 7B 00 00 00 00 60 01  3C 05 00 00 22 20 23 00  .{....`.<..." #.
0000BB40  50 0B 58 0D DF 7B 00 00  54 01 8F 00 92 07 00 00  P.X..{..T.......
0000BB50  22 20 23 00 F0 0B 58 0D  DF 7B 00 00 B6 00 83 00  " #...X..{......
0000BB60  FC 07 00 00 22 20 23 00  50 0B D0 0D DF 7B 00 00  ...." #.P....{..
0000BB70  23 FE 74 01 61 05 00 00  22 20 23 00 58 0C 0B 0E  #.t.a..." #.X...
0000BB80  DF 7B 00 00 00 00 60 01  3C 05 00 00 22 20 23 00  .{....`.<..." #.
0000BB90  50 0B 58 0D DF 7B 00 00  AC FE 8F 00 92 07 00 00  P.X..{..........
0000BBA0  22 20 23 00 50 0B D0 0E  DF 7B 00 00 31 FE 08 00  " #.P....{..1...
0000BBB0  BF 04 00 00 22 20 23 00  50 0B D0 0D DF 7B 00 00  ...." #.P....{..
0000BBC0  23 FE 74 01 61 05 00 00  22 20 23 00 53 0A 70 0E  #.t.a..." #.S.p.
0000BBD0  DF 7B 00 00 63 FE F0 FF  9A 06 00 00 22 20 23 00  .{..c......." #.
0000BBE0  50 0B D0 0D DF 7B 00 00  DD 01 74 01 61 05 00 00  P....{....t.a...
0000BBF0  22 20 23 00 53 0A 70 0E  DF 7B 00 00 9D 01 F0 FF  " #.S.p..{......
0000BC00  9A 06 00 00 22 20 23 00  53 0A 58 0D DF 7B 00 00  ...." #.S.X..{..
0000BC10  85 01 35 00 E5 06 00 00  22 20 23 00 B2 00 D9 0D  ..5....." #.....
0000BC20  DF 7B 00 00 8B 00 EC FE  DE 06 00 00 22 20 23 00  .{.........." #.
0000BC30  F0 00 12 0E DF 7B 00 00  F2 00 F2 FE 66 06 00 00  .....{......f...
0000BC40  22 20 23 00 F0 00 90 0D  DF 7B 00 00 D0 00 58 FF  " #......{....X.
0000BC50  DE 06 00 00 22 20 23 00  50 03 F0 0D DF 7B 00 00  ...." #.P....{..
0000BC60  5C 02 A8 FE 6A 05 00 00  22 20 23 00 F0 00 12 0E  \...j..." #.....
0000BC70  DF 7B 00 00 F2 00 F2 FE  66 06 00 00 22 20 23 00  .{......f..." #.
0000BC80  F0 00 30 0F DF 7B 00 00  D8 00 2F FD A0 05 00 00  ..0..{..../.....
0000BC90  22 20 23 00 50 01 B0 0D  DF 7B 00 00 A6 FE 8F FF  " #.P....{......
0000BCA0  97 06 00 00 22 20 23 00  F0 00 12 0E DF 7B 00 00  ...." #......{..
0000BCB0  0E FF F2 FE 66 06 00 00  22 20 23 00 F0 00 90 0D  ....f..." #.....
0000BCC0  DF 7B 00 00 30 FF 58 FF  DE 06 00 00 22 20 23 00  .{..0.X....." #.
0000BCD0  F0 00 D0 0C DF 7B 00 00  54 01 8F 00 92 07 00 00  .....{..T.......
0000BCE0  22 20 23 00 70 04 D0 0C  DF 7B 00 00 57 04 B8 00  " #.p....{..W...
0000BCF0  71 05 00 00 22 20 23 00  90 02 50 0B DF 7B 00 00  q..." #...P..{..
0000BD00  7D 02 F1 01 A9 06 00 00  22 20 23 00 70 04 D0 0C  }......." #.p...
0000BD10  DF 7B 00 00 A9 FB B8 00  71 05 00 00 22 20 23 00  .{......q..." #.
0000BD20  F0 00 D0 0C DF 7B 00 00  AC FE 8F 00 92 07 00 00  .....{..........
0000BD30  22 20 23 00 90 02 50 0B  DF 7B 00 00 83 FD F1 01  " #...P..{......
0000BD40  A9 06 00 00 22 20 23 00  50 01 B0 0D DF 7B 00 00  ...." #.P....{..
0000BD50  5A 01 8F FF 97 06 00 00  22 20 23 00 F0 00 90 0D  Z......." #.....
0000BD60  DF 7B 00 00 D0 00 58 FF  DE 06 00 00 22 20 23 00  .{....X....." #.
0000BD70  F0 00 12 0E DF 7B 00 00  F2 00 F2 FE 66 06 00 00  .....{......f...
0000BD80  22 20 23 00 50 01 B0 0D  DF 7B 00 00 A6 FE 8F FF  " #.P....{......
0000BD90  97 06 00 00 22 20 23 00  50 03 F0 0D DF 7B 00 00  ...." #.P....{..
0000BDA0  A4 FD A8 FE 6A 05 00 00  22 20 23 00 F0 00 12 0E  ....j..." #.....
0000BDB0  DF 7B 00 00 0E FF F2 FE  66 06 00 00 22 20 23 00  .{......f..." #.
0000BDC0  70 04 D0 0C DF 7B 00 00  57 04 B8 00 71 05 00 00  p....{..W...q...
0000BDD0  22 20 23 00 90 06 90 0C  DF 7B 00 00 10 05 49 01  " #......{....I.
0000BDE0  C4 01 00 00 22 20 23 00  90 05 70 0B DF 7B 00 00  ...." #...p..{..
0000BDF0  07 05 26 02 8D 03 00 00  22 20 23 00 F0 07 30 07  ..&....." #...0.
0000BE00  DF 7B 00 00 E9 06 D6 06  ED 01 00 00 22 20 23 00  .{.........." #.
0000BE10  90 05 70 0B DF 7B 00 00  07 05 26 02 8D 03 00 00  ..p..{....&.....
0000BE20  22 20 23 00 90 06 90 0C  DF 7B 00 00 10 05 49 01  " #......{....I.
0000BE30  C4 01 00 00 22 20 23 00  70 04 D0 0C DF 7B 00 00  ...." #.p....{..
0000BE40  A9 FB B8 00 71 05 00 00  22 20 23 00 90 04 50 0A  ....q..." #...P.
0000BE50  DF 7B 00 00 8B FB 03 03  56 05 00 00 22 20 23 00  .{......V..." #.
0000BE60  90 05 70 0B DF 7B 00 00  F9 FA 26 02 8D 03 00 00  ..p..{....&.....
0000BE70  22 20 23 00 90 04 50 0A  DF 7B 00 00 8B FB 03 03  " #...P..{......
0000BE80  56 05 00 00 22 20 23 00  F0 07 30 07 DF 7B 00 00  V..." #...0..{..
0000BE90  17 F9 D6 06 ED 01 00 00  22 20 23 00 90 05 70 0B  ........" #...p.
0000BEA0  DF 7B 00 00 F9 FA 26 02  8D 03 00 00 22 20 23 00  .{....&....." #.
0000BEB0  D0 07 F0 0D DF 7B 00 00  85 FC B8 00 AC FD 00 00  .....{..........
0000BEC0  22 20 23 00 90 06 00 10  DF 7B 00 00 00 00 F8 FD  " #......{......
0000BED0  E9 FE 00 00 22 20 23 00  90 06 90 0C DF 7B 00 00  ...." #......{..
0000BEE0  F0 FA 49 01 C4 01 00 00  22 20 23 00 90 06 00 10  ..I....." #.....
0000BEF0  DF 7B 00 00 00 00 F8 FD  E9 FE 00 00 22 20 23 00  .{.........." #.
0000BF00  90 06 90 0C DF 7B 00 00  10 05 49 01 C4 01 00 00  .....{....I.....
0000BF10  22 20 23 00 30 06 F0 0D  DF 7B 00 00 84 04 78 FF  " #.0....{....x.
0000BF20  E6 01 00 00 04 00 00 00  F0 07 00 00 64 00 14 2D  ............d..-
0000BF30  00 00 00 00 00 00 00 00  00 00 00 00 00 00 00 00  ................
0000BF40  00 00 00 00 22 20 23 00  D6 09 6F 0E EF 3D 00 00  ...." #...o..=..
0000BF50  C3 01 8A 00 71 05 00 00  22 20 23 00 1D 09 6F 0E  ....q..." #...o.
0000BF60  DF 7B 00 00 33 01 3D 00  FD 06 00 00 22 20 23 00  .{..3.=....." #.
0000BF70  1D 09 01 0F 39 67 00 00  06 01 BB 00 89 06 00 00  ....9g..........
0000BF80  22 20 23 00 D6 09 E6 0E  EF 3D 00 00 63 01 D8 00  " #......=..c...
0000BF90  7C 05 00 00 22 20 23 00  D6 09 E6 0E EF 3D 00 00  |..." #......=..
0000BFA0  9D FE D8 00 7C 05 00 00  22 20 23 00 1D 09 E6 0E  ....|..." #.....
0000BFB0  39 67 00 00 FA FE BB 00  89 06 00 00 22 20 23 00  9g.........." #.
0000BFC0  1D 09 6F 0E DF 7B 00 00  CD FE 3D 00 FD 06 00 00  ..o..{....=.....
0000BFD0  22 20 23 00 D6 09 6F 0E  EF 3D 00 00 3D FE 8A 00  " #...o..=..=...
0000BFE0  71 05 00 00 22 20 23 00  D6 09 6F 0E EF 3D 00 00  q..." #...o..=..
0000BFF0  C3 01 8A 00 71 05 00 00  22 20 23 00 D6 09 E6 0E  ....q..." #.....
0000C000  EF 3D 00 00 ED 01 D8 00  7C 05 00 00 22 20 23 00  .=......|..." #.
0000C010  1D 09 01 0F 39 67 00 00  6D 01 98 00 2E 07 00 00  ....9g..m.......
0000C020  22 20 23 00 1D 09 6F 0E  DF 7B 00 00 33 01 3D 00  " #...o..{..3.=.
0000C030  FD 06 00 00 22 20 23 00  D6 09 E6 0E EF 3D 00 00  ...." #......=..
0000C040  13 FE D8 00 7C 05 00 00  22 20 23 00 D6 09 6F 0E  ....|..." #...o.
0000C050  EF 3D 00 00 3D FE 8A 00  71 05 00 00 22 20 23 00  .=..=...q..." #.
0000C060  1D 09 6F 0E DF 7B 00 00  CD FE 3D 00 FD 06 00 00  ..o..{....=.....
0000C070  22 20 23 00 1D 09 E6 0E  39 67 00 00 93 FE 98 00  " #.....9g......
0000C080  2E 07 00 00 22 20 23 00  37 0A EE 0E DF 7B 00 00  ...." #.7....{..
0000C090  0D 00 2E FF BA 06 00 00  22 20 23 00 09 08 EE 0E  ........" #.....
0000C0A0  DF 7B 00 00 8E 01 60 FF  4A 06 00 00 22 20 23 00  .{....`.J..." #.
0000C0B0  09 08 4E 0F DF 7B 00 00  6E 01 98 FF 72 06 00 00  ..N..{..n...r...
0000C0C0  22 20 23 00 37 0A 4E 0F  DF 7B 00 00 0D 00 78 FF  " #.7.N..{....x.
0000C0D0  E5 06 00 00 22 20 23 00  37 0A 4E 0F DF 7B 00 00  ...." #.7.N..{..
0000C0E0  0D 00 78 FF E5 06 00 00  22 20 23 00 09 08 4E 0F  ..x....." #...N.
0000C0F0  DF 7B 00 00 6E 01 98 FF  72 06 00 00 22 20 23 00  .{..n...r..." #.
0000C100  09 08 AE 0F DF 7B 00 00  1C 01 B0 FF 55 06 00 00  .....{......U...
0000C110  22 20 23 00 37 0A AE 0F  DF 7B 00 00 0D 00 A0 FF  " #.7....{......
0000C120  BB 06 00 00 22 20 23 00  37 0A EE 0F DF 7B 00 00  ...." #.7....{..
0000C130  ED FF 8F FF 66 06 00 00  22 20 23 00 37 0A AE 0F  ....f..." #.7...
0000C140  DF 7B 00 00 0D 00 A0 FF  BB 06 00 00 22 20 23 00  .{.........." #.
0000C150  09 08 AE 0F DF 7B 00 00  1C 01 B0 FF 55 06 00 00  .....{......U...
0000C160  22 20 23 00 09 08 EE 0F  DF 7B 00 00 FE 00 A4 FF  " #......{......
0000C170  0D 06 00 00 22 20 23 00  09 08 EE 0E EF 3D 00 00  ...." #......=..
0000C180  60 FE B5 FF 63 05 00 00  22 20 23 00 37 0A EE 0E  `...c..." #.7...
0000C190  DF 7B 00 00 8E FE 60 FF  4A 06 00 00 22 20 23 00  .{....`.J..." #.
0000C1A0  37 0A 4E 0F DF 7B 00 00  AE FE 98 FF 72 06 00 00  7.N..{......r...
0000C1B0  22 20 23 00 09 08 4E 0F  EF 3D 00 00 6F FE 02 00  " #...N..=..o...
0000C1C0  6B 05 00 00 22 20 23 00  09 08 4E 0F DF 7B 00 00  k..." #...N..{..
0000C1D0  AE FE 98 FF 72 06 00 00  22 20 23 00 37 0A 4E 0F  ....r..." #.7.N.
0000C1E0  DF 7B 00 00 0D 00 78 FF  E5 06 00 00 22 20 23 00  .{....x....." #.
0000C1F0  37 0A AE 0F DF 7B 00 00  0D 00 A0 FF BB 06 00 00  7....{..........
0000C200  22 20 23 00 09 08 AE 0F  DF 7B 00 00 FF FE B0 FF  " #......{......
0000C210  55 06 00 00 22 20 23 00  09 08 EE 0E DF 7B 00 00  U..." #......{..
0000C220  8E FE 60 FF 4A 06 00 00  22 20 23 00 37 0A EE 0E  ..`.J..." #.7...
0000C230  DF 7B 00 00 0D 00 2E FF  BA 06 00 00 22 20 23 00  .{.........." #.
0000C240  37 0A 4E 0F DF 7B 00 00  0D 00 78 FF E5 06 00 00  7.N..{....x.....
0000C250  22 20 23 00 09 08 4E 0F  DF 7B 00 00 AE FE 98 FF  " #...N..{......
0000C260  72 06 00 00 22 20 23 00  09 08 EE 0F DF 7B 00 00  r..." #......{..
0000C270  1B FF A4 FF 0D 06 00 00  22 20 23 00 09 08 AE 0F  ........" #.....
0000C280  DF 7B 00 00 FF FE B0 FF  55 06 00 00 22 20 23 00  .{......U..." #.
0000C290  37 0A AE 0F DF 7B 00 00  0D 00 A0 FF BB 06 00 00  7....{..........
0000C2A0  22 20 23 00 37 0A EE 0F  DF 7B 00 00 ED FF 8F FF  " #.7....{......
0000C2B0  66 06 00 00 22 20 23 00  37 0A EE 0F DF 7B 00 00  f..." #.7....{..
0000C2C0  FE 00 A4 FF 0D 06 00 00  22 20 23 00 37 0A AE 0F  ........" #.7...
0000C2D0  DF 7B 00 00 1C 01 B0 FF  55 06 00 00 22 20 23 00  .{......U..." #.
0000C2E0  09 08 AE 0F EF 3D 00 00  36 01 06 00 6C 05 00 00  .....=..6...l...
0000C2F0  22 20 23 00 09 08 EE 0F  EF 3D 00 00 19 01 DD FF  " #......=......
0000C300  67 05 00 00 22 20 23 00  37 0A 4E 0F DF 7B 00 00  g..." #.7.N..{..
0000C310  6E 01 98 FF 72 06 00 00  22 20 23 00 09 08 4E 0F  n...r..." #...N.
0000C320  EF 3D 00 00 AC 01 02 00  6B 05 00 00 22 20 23 00  .=......k..." #.
0000C330  09 08 AE 0F EF 3D 00 00  36 01 06 00 6C 05 00 00  .....=..6...l...
0000C340  22 20 23 00 37 0A AE 0F  DF 7B 00 00 1C 01 B0 FF  " #.7....{......
0000C350  55 06 00 00 22 20 23 00  37 0A EE 0E DF 7B 00 00  U..." #.7....{..
0000C360  8E 01 60 FF 4A 06 00 00  22 20 23 00 09 08 EE 0E  ..`.J..." #.....
0000C370  EF 3D 00 00 BC 01 B5 FF  63 05 00 00 22 20 23 00  .=......c..." #.
0000C380  09 08 4E 0F EF 3D 00 00  AC 01 02 00 6B 05 00 00  ..N..=......k...
0000C390  22 20 23 00 37 0A 4E 0F  DF 7B 00 00 6E 01 98 FF  " #.7.N..{..n...
0000C3A0  72 06 00 00 22 20 23 00  37 0A AE 0F DF 7B 00 00  r..." #.7....{..
0000C3B0  FF FE B0 FF 55 06 00 00  22 20 23 00 09 08 AE 0F  ....U..." #.....
0000C3C0  EF 3D 00 00 E5 FE 06 00  6C 05 00 00 22 20 23 00  .=......l..." #.
0000C3D0  09 08 4E 0F EF 3D 00 00  6F FE 02 00 6B 05 00 00  ..N..=..o...k...
0000C3E0  22 20 23 00 37 0A 4E 0F  DF 7B 00 00 AE FE 98 FF  " #.7.N..{......
0000C3F0  72 06 00 00 22 20 23 00  37 0A AE 0F DF 7B 00 00  r..." #.7....{..
0000C400  FF FE B0 FF 55 06 00 00  22 20 23 00 37 0A EE 0F  ....U..." #.7...
0000C410  DF 7B 00 00 1B FF A4 FF  0D 06 00 00 22 20 23 00  .{.........." #.
0000C420  09 08 EE 0F EF 3D 00 00  02 FF DD FF 67 05 00 00  .....=......g...
0000C430  22 20 23 00 09 08 AE 0F  EF 3D 00 00 E5 FE 06 00  " #......=......
0000C440  6C 05 00 00 22 20 23 00  D0 00 F0 0F DF 7B 00 00  l..." #......{..
0000C450  C2 00 B5 FC 97 04 00 00  22 20 23 00 F0 00 30 0F  ........" #...0.
0000C460  DF 7B 00 00 D8 00 2F FD  A0 05 00 00 22 20 23 00  .{..../....." #.
0000C470  10 FF 30 0F DF 7B 00 00  28 FF 2F FD A0 05 00 00  ..0..{..(./.....
0000C480  22 20 23 00 30 FF F0 0F  DF 7B 00 00 3E FF B5 FC  " #.0....{..>...
0000C490  97 04 00 00 22 20 23 00  10 00 D0 0C DF 7B 00 00  ...." #......{..
0000C4A0  00 00 8C 00 50 08 00 00  22 20 23 00 90 00 D0 0C  ....P..." #.....
0000C4B0  DF 7B 00 00 B6 00 83 00  FC 07 00 00 22 20 23 00  .{.........." #.
0000C4C0  90 00 90 0C DF 7B 00 00  B4 00 DE 00 F5 07 00 00  .....{..........
0000C4D0  22 20 23 00 10 00 90 0C  DF 7B 00 00 00 00 D2 00  " #......{......
0000C4E0  48 08 00 00 22 20 23 00  90 00 90 0C DF 7B 00 00  H..." #......{..
0000C4F0  4C FF DE 00 F5 07 00 00  22 20 23 00 90 00 D0 0C  L......." #.....
0000C500  DF 7B 00 00 4A FF 83 00  FC 07 00 00 22 20 23 00  .{..J......." #.
0000C510  10 00 D0 0C DF 7B 00 00  00 00 8C 00 50 08 00 00  .....{......P...
0000C520  22 20 23 00 10 00 90 0C  DF 7B 00 00 00 00 D2 00  " #......{......
0000C530  48 08 00 00 22 20 23 00  50 0B D0 0D DF 7B 00 00  H..." #.P....{..
0000C540  23 FE 74 01 61 05 00 00  22 20 23 00 50 0B D0 0E  #.t.a..." #.P...
0000C550  DF 7B 00 00 31 FE 08 00  BF 04 00 00 22 20 23 00  .{..1......." #.
0000C560  58 0C 90 0E DF 7B 00 00  00 00 8C 00 82 05 00 00  X....{..........
0000C570  22 20 23 00 58 0C 0B 0E  DF 7B 00 00 00 00 60 01  " #.X....{....`.
0000C580  3C 05 00 00 22 20 23 00  58 0C 0B 0E DF 7B 00 00  <..." #.X....{..
0000C590  00 00 60 01 3C 05 00 00  22 20 23 00 58 0C 90 0E  ..`.<..." #.X...
0000C5A0  DF 7B 00 00 00 00 8C 00  82 05 00 00 22 20 23 00  .{.........." #.
0000C5B0  50 0B D0 0E DF 7B 00 00  CF 01 08 00 BF 04 00 00  P....{..........
0000C5C0  22 20 23 00 50 0B D0 0D  DF 7B 00 00 DD 01 74 01  " #.P....{....t.
0000C5D0  61 05 00 00 22 20 23 00  00 00 D9 0D DF 7B 00 00  a..." #......{..
0000C5E0  00 00 E4 FE F2 06 00 00  22 20 23 00 B2 00 D9 0D  ........" #.....
0000C5F0  DF 7B 00 00 8B 00 EC FE  DE 06 00 00 22 20 23 00  .{.........." #.
0000C600  F0 00 90 0D DF 7B 00 00  D0 00 58 FF DE 06 00 00  .....{....X.....
0000C610  22 20 23 00 00 00 67 0D  DF 7B 00 00 00 00 4E FF  " #...g..{....N.
0000C620  F6 06 00 00 22 20 23 00  B2 00 D9 0D DF 7B 00 00  ...." #......{..
0000C630  75 FF EC FE DE 06 00 00  22 20 23 00 00 00 D9 0D  u......." #.....
0000C640  DF 7B 00 00 00 00 E4 FE  F2 06 00 00 22 20 23 00  .{.........." #.
0000C650  00 00 67 0D DF 7B 00 00  00 00 4E FF F6 06 00 00  ..g..{....N.....
0000C660  22 20 23 00 F0 00 90 0D  DF 7B 00 00 30 FF 58 FF  " #......{..0.X.
0000C670  DE 06 00 00 22 20 23 00  F0 00 12 0E DF 7B 00 00  ...." #......{..
0000C680  F2 00 F2 FE 66 06 00 00  22 20 23 00 B2 00 D9 0D  ....f..." #.....
0000C690  DF 7B 00 00 8B 00 EC FE  DE 06 00 00 22 20 23 00  .{.........." #.
0000C6A0  00 00 D9 0D DF 7B 00 00  00 00 E4 FE F2 06 00 00  .....{..........
0000C6B0  22 20 23 00 00 00 12 0E  DF 7B 00 00 00 00 E3 FE  " #......{......
0000C6C0  A6 06 00 00 22 20 23 00  F0 00 12 0E DF 7B 00 00  ...." #......{..
0000C6D0  0E FF F2 FE 66 06 00 00  22 20 23 00 00 00 12 0E  ....f..." #.....
0000C6E0  DF 7B 00 00 00 00 E3 FE  A6 06 00 00 22 20 23 00  .{.........." #.
0000C6F0  00 00 D9 0D DF 7B 00 00  00 00 E4 FE F2 06 00 00  .....{..........
0000C700  22 20 23 00 B2 00 D9 0D  DF 7B 00 00 75 FF EC FE  " #......{..u...
0000C710  DE 06 00 00 01 00 00 00  08 00 00 00 02 00 0F 7C  ...............|
0000C720  08 00 00 00 03 00 00 00  D0 13 00 00 FC 00 14 2D  ...............-
0000C730  00 00 00 00 00 00 00 00  00 00 00 00 00 00 00 00  ................
0000C740  00 00 00 00 22 20 23 00  1D 09 6F 0E DF 7B 00 00  ...." #...o..{..
0000C750  CD FE 70 00 2D 07 00 00  22 20 23 00 09 08 E6 0E  ..p.-..." #.....
0000C760  DF 7B 00 00 00 00 C5 00  3B 07 00 00 22 20 23 00  .{......;..." #.
0000C770  09 08 6F 0E DF 7B 00 00  00 00 6A 00 B2 07 00 00  ..o..{....j.....
0000C780  22 20 23 00 09 08 6F 0E  DF 7B 00 00 00 00 6A 00  " #...o..{....j.
0000C790  B2 07 00 00 22 20 23 00  09 08 E6 0E DF 7B 00 00  ...." #......{..
0000C7A0  00 00 C5 00 3B 07 00 00  22 20 23 00 1D 09 6F 0E  ....;..." #...o.
0000C7B0  DF 7B 00 00 33 01 70 00  2D 07 00 00 22 20 23 00  .{..3.p.-..." #.
0000C7C0  09 08 E6 0E DF 7B 00 00  00 00 C5 00 3B 07 00 00  .....{......;...
0000C7D0  22 20 23 00 1D 09 01 0F  39 67 00 00 06 01 42 01  " #.....9g....B.
0000C7E0  85 06 00 00 22 20 23 00  1D 09 6F 0E DF 7B 00 00  ...." #...o..{..
0000C7F0  33 01 70 00 2D 07 00 00  22 20 23 00 1D 09 6F 0E  3.p.-..." #...o.
0000C800  DF 7B 00 00 CD FE 70 00  2D 07 00 00 22 20 23 00  .{....p.-..." #.
0000C810  1D 09 E6 0E 39 67 00 00  FA FE 42 01 85 06 00 00  ....9g....B.....
0000C820  22 20 23 00 09 08 E6 0E  DF 7B 00 00 00 00 C5 00  " #......{......
0000C830  3B 07 00 00 22 20 23 00  1D 09 6F 0E DF 7B 00 00  ;..." #...o..{..
0000C840  CD FE 70 00 2D 07 00 00  22 20 23 00 09 08 6F 0E  ..p.-..." #...o.
0000C850  DF 7B 00 00 00 00 6A 00  B2 07 00 00 22 20 23 00  .{....j....." #.
0000C860  09 08 E6 0E DF 7B 00 00  00 00 F3 00 EB 07 00 00  .....{..........
0000C870  22 20 23 00 09 08 6F 0E  DF 7B 00 00 00 00 6A 00  " #...o..{....j.
0000C880  B2 07 00 00 22 20 23 00  1D 09 6F 0E DF 7B 00 00  ...." #...o..{..
0000C890  33 01 70 00 2D 07 00 00  22 20 23 00 09 08 E6 0E  3.p.-..." #.....
0000C8A0  DF 7B 00 00 00 00 F3 00  EB 07 00 00 22 20 23 00  .{.........." #.
0000C8B0  09 08 E6 0E DF 7B 00 00  00 00 F3 00 EB 07 00 00  .....{..........
0000C8C0  22 20 23 00 1D 09 6F 0E  DF 7B 00 00 33 01 70 00  " #...o..{..3.p.
0000C8D0  2D 07 00 00 22 20 23 00  1D 09 01 0F 39 67 00 00  -..." #.....9g..
0000C8E0  6D 01 1E 01 29 07 00 00  22 20 23 00 1D 09 6F 0E  m...)..." #...o.
0000C8F0  DF 7B 00 00 CD FE 70 00  2D 07 00 00 22 20 23 00  .{....p.-..." #.
0000C900  09 08 E6 0E DF 7B 00 00  00 00 F3 00 EB 07 00 00  .....{..........
0000C910  22 20 23 00 1D 09 E6 0E  39 67 00 00 93 FE 1E 01  " #.....9g......
0000C920  29 07 00 00 22 20 23 00  F0 07 30 07 DF 7B 00 00  )..." #...0..{..
0000C930  E9 06 D6 06 ED 01 00 00  22 20 23 00 90 04 50 0A  ........" #...P.
0000C940  DF 7B 00 00 75 04 03 03  56 05 00 00 22 20 23 00  .{..u...V..." #.
0000C950  90 06 90 0C DF 7B 00 00  10 05 49 01 C4 01 00 00  .....{....I.....
0000C960  22 20 23 00 90 06 90 0C  DF 7B 00 00 F0 FA 49 01  " #......{....I.
0000C970  C4 01 00 00 22 20 23 00  F0 07 30 07 DF 7B 00 00  ...." #...0..{..
0000C980  17 F9 D6 06 ED 01 00 00  22 20 23 00 D0 07 F0 0D  ........" #.....
0000C990  DF 7B 00 00 85 FC B8 00  AC FD 00 00 22 20 23 00  .{.........." #.
0000C9A0  F0 07 30 07 DF 7B 00 00  E9 06 D6 06 ED 01 00 00  ..0..{..........
0000C9B0  22 20 23 00 90 06 90 0C  DF 7B 00 00 10 05 49 01  " #......{....I.
0000C9C0  C4 01 00 00 22 20 23 00  D0 07 F0 0D DF 7B 00 00  ...." #......{..
0000C9D0  65 03 CD 00 F7 FD 00 00  22 20 23 00 90 04 50 0A  e......." #...P.
0000C9E0  DF 7B 00 00 8B FB 03 03  56 05 00 00 22 20 23 00  .{......V..." #.
0000C9F0  F0 07 30 07 DF 7B 00 00  17 F9 D6 06 ED 01 00 00  ..0..{..........
0000CA00  22 20 23 00 90 06 90 0C  DF 7B 00 00 F0 FA 49 01  " #......{....I.
0000CA10  C4 01 00 00 22 20 23 00  90 06 00 10 DF 7B 00 00  ...." #......{..
0000CA20  00 00 F8 FD E9 FE 00 00  22 20 23 00 D0 04 F0 0E  ........" #.....
0000CA30  DF 7B 00 00 A0 02 FE FC  54 02 00 00 22 20 23 00  .{......T..." #.
0000CA40  30 04 B0 0F DF 7B 00 00  C2 00 85 FB 62 03 00 00  0....{......b...
0000CA50  22 20 23 00 D0 07 F0 0D  DF 7B 00 00 65 03 CD 00  " #......{..e...
0000CA60  F7 FD 00 00 22 20 23 00  90 06 90 0C DF 7B 00 00  ...." #......{..
0000CA70  10 05 49 01 C4 01 00 00  22 20 23 00 90 06 00 10  ..I....." #.....
0000CA80  DF 7B 00 00 00 00 F8 FD  E9 FE 00 00 22 20 23 00  .{.........." #.
0000CA90  90 00 10 0C DF 7B 00 00  B1 00 35 01 C3 07 00 00  .....{....5.....
0000CAA0  22 20 23 00 10 00 10 0C  DF 7B 00 00 00 00 27 01  " #......{....'.
0000CAB0  19 09 00 00 22 20 23 00  10 00 90 0C DF 7B 00 00  ...." #......{..
0000CAC0  00 00 CF 00 49 08 00 00  22 20 23 00 CF 0A 90 0E  ....I..." #.....
0000CAD0  DF 7B 00 00 CF 01 99 FE  83 03 00 00 22 20 23 00  .{.........." #.
0000CAE0  53 0A C2 0F DF 7B 00 00  F9 01 01 FE 39 05 00 00  S....{......9...
0000CAF0  22 20 23 00 53 0A 70 0E  DF 7B 00 00 31 02 66 FF  " #.S.p..{..1.f.
0000CB00  B0 05 00 00 22 20 23 00  F0 00 30 0F DF 7B 00 00  ...." #...0..{..
0000CB10  D8 00 23 FC B9 04 00 00  22 20 23 00 B0 01 B0 0D  ..#....." #.....
0000CB20  DF 7B 00 00 F9 01 01 FE  39 05 00 00 22 20 23 00  .{......9..." #.
0000CB30  2C 01 94 0D DF 7B 00 00  52 01 8F FD 81 05 00 00  ,....{..R.......
0000CB40  22 20 23 00 B0 01 70 0C  DF 7B 00 00 74 01 2C 01  " #...p..{..t.,.
0000CB50  5F 07 00 00 22 20 23 00  AE 00 76 0C DF 7B 00 00  _..." #...v..{..
0000CB60  BE 00 EE 00 E6 07 00 00  22 20 23 00 CC 00 97 0C  ........" #.....
0000CB70  DF 7B 00 00 C1 00 C8 00  F4 07 00 00 22 20 23 00  .{.........." #.
0000CB80  B0 01 B0 0D DF 7B 00 00  F9 01 01 FE 39 05 00 00  .....{......9...
0000CB90  22 20 23 00 F0 00 30 0F  DF 7B 00 00 D8 00 23 FC  " #...0..{....#.
0000CBA0  B9 04 00 00 22 20 23 00  97 03 21 0E DF 7B 00 00  ...." #...!..{..
0000CBB0  7E 02 EC FD F5 04 00 00  22 20 23 00 97 03 21 0E  ~......." #...!.
0000CBC0  DF 7B 00 00 7E 02 EC FD  F5 04 00 00 22 20 23 00  .{..~......." #.
0000CBD0  D0 00 F0 0F DF 7B 00 00  C2 00 85 FB 62 03 00 00  .....{......b...
0000CBE0  22 20 23 00 10 05 90 0E  DF 7B 00 00 A0 02 FE FC  " #......{......
0000CBF0  54 02 00 00 22 20 23 00  30 02 30 0D DF 7B 00 00  T..." #.0.0..{..
0000CC00  31 02 66 FF B0 05 00 00  22 20 23 00 70 04 D0 0C  1.f....." #.p...
0000CC10  DF 7B 00 00 66 04 15 00  63 05 00 00 22 20 23 00  .{..f...c..." #.
0000CC20  10 02 90 0C DF 7B 00 00  0D 02 D4 00 01 07 00 00  .....{..........
0000CC30  22 20 23 00 70 04 D0 0C  DF 7B 00 00 9A FB 15 00  " #.p....{......
0000CC40  63 05 00 00 22 20 23 00  10 05 90 0E DF 7B 00 00  c..." #......{..
0000CC50  60 FD FE FC 54 02 00 00  22 20 23 00 97 03 21 0E  `...T..." #...!.
0000CC60  DF 7B 00 00 82 FD EC FD  F5 04 00 00 22 20 23 00  .{.........." #.
0000CC70  90 00 10 0C DF 7B 00 00  4F FF 35 01 C3 07 00 00  .....{..O.5.....
0000CC80  22 20 23 00 10 00 90 0C  DF 7B 00 00 00 00 CF 00  " #......{......
0000CC90  49 08 00 00 22 20 23 00  10 00 10 0C DF 7B 00 00  I..." #......{..
0000CCA0  00 00 27 01 19 09 00 00  22 20 23 00 B0 01 70 0C  ..'....." #...p.
0000CCB0  DF 7B 00 00 8C FE 2C 01  5F 07 00 00 22 20 23 00  .{....,._..." #.
0000CCC0  90 02 50 0B DF 7B 00 00  83 FD F1 01 A9 06 00 00  ..P..{..........
0000CCD0  22 20 23 00 10 02 90 0C  DF 7B 00 00 F3 FD D4 00  " #......{......
0000CCE0  01 07 00 00 22 20 23 00  58 0C B7 0F DF 7B 00 00  ...." #.X....{..
0000CCF0  00 00 89 FD AF 05 00 00  22 20 23 00 CF 0A 90 0E  ........" #.....
0000CD00  DF 7B 00 00 31 FE 99 FE  83 03 00 00 22 20 23 00  .{..1......." #.
0000CD10  01 0B C2 0F DF 7B 00 00  AE FE 8F FD 81 05 00 00  .....{..........
0000CD20  22 20 23 00 B0 01 B0 0D  DF 7B 00 00 07 FE 01 FE  " #......{......
0000CD30  39 05 00 00 22 20 23 00  97 03 21 0E DF 7B 00 00  9..." #...!..{..
0000CD40  82 FD EC FD F5 04 00 00  22 20 23 00 F0 00 30 0F  ........" #...0.
0000CD50  DF 7B 00 00 28 FF 23 FC  B9 04 00 00 22 20 23 00  .{..(.#....." #.
0000CD60  97 03 21 0E DF 7B 00 00  82 FD EC FD F5 04 00 00  ..!..{..........
0000CD70  22 20 23 00 D0 00 F0 0F  DF 7B 00 00 3E FF 85 FB  " #......{..>...
0000CD80  62 03 00 00 22 20 23 00  F0 00 30 0F DF 7B 00 00  b..." #...0..{..
0000CD90  28 FF 23 FC B9 04 00 00  22 20 23 00 30 02 30 0D  (.#....." #.0.0.
0000CDA0  DF 7B 00 00 CF FD 66 FF  B0 05 00 00 22 20 23 00  .{....f....." #.
0000CDB0  10 02 90 0C DF 7B 00 00  F3 FD D4 00 01 07 00 00  .....{..........
0000CDC0  22 20 23 00 70 04 D0 0C  DF 7B 00 00 9A FB 15 00  " #.p....{......
0000CDD0  63 05 00 00 22 20 23 00  30 06 F0 0D DF 7B 00 00  c..." #.0....{..
0000CDE0  BC FB 8D FE 4A 01 00 00  22 20 23 00 90 06 00 10  ....J..." #.....
0000CDF0  DF 7B 00 00 00 00 F8 FD  E9 FE 00 00 22 20 23 00  .{.........." #.
0000CE00  D0 04 F0 0E DF 7B 00 00  60 FD FE FC 54 02 00 00  .....{..`...T...
0000CE10  22 20 23 00 F0 07 00 10  DF 7B 00 00 01 00 26 01  " #......{....&.
0000CE20  FE FA 00 00 22 20 23 00  D0 07 F0 0D DF 7B 00 00  ...." #......{..
0000CE30  65 03 CD 00 F7 FD 00 00  22 20 23 00 90 06 00 10  e......." #.....
0000CE40  DF 7B 00 00 00 00 F8 FD  E9 FE 00 00 22 20 23 00  .{.........." #.
0000CE50  90 06 00 10 DF 7B 00 00  00 00 F8 FD E9 FE 00 00  .....{..........
0000CE60  22 20 23 00 D0 07 F0 0D  DF 7B 00 00 85 FC B8 00  " #......{......
0000CE70  AC FD 00 00 22 20 23 00  F0 07 00 10 DF 7B 00 00  ...." #......{..
0000CE80  01 00 26 01 FE FA 00 00  22 20 23 00 70 04 D0 0C  ..&....." #.p...
0000CE90  DF 7B 00 00 66 04 15 00  63 05 00 00 22 20 23 00  .{..f...c..." #.
0000CEA0  97 03 21 0E DF 7B 00 00  7E 02 EC FD F5 04 00 00  ..!..{..~.......
0000CEB0  22 20 23 00 10 05 90 0E  DF 7B 00 00 A0 02 FE FC  " #......{......
0000CEC0  54 02 00 00 22 20 23 00  70 04 D0 0C DF 7B 00 00  T..." #.p....{..
0000CED0  9A FB 15 00 63 05 00 00  22 20 23 00 30 06 F0 0D  ....c..." #.0...
0000CEE0  DF 7B 00 00 BC FB 8D FE  4A 01 00 00 22 20 23 00  .{......J..." #.
0000CEF0  10 05 90 0E DF 7B 00 00  60 FD FE FC 54 02 00 00  .....{..`...T...
0000CF00  22 20 23 00 70 04 D0 0C  DF 7B 00 00 9A FB 15 00  " #.p....{......
0000CF10  63 05 00 00 22 20 23 00  90 06 90 0C DF 7B 00 00  c..." #......{..
0000CF20  F0 FA 49 01 C4 01 00 00  22 20 23 00 30 06 F0 0D  ..I....." #.0...
0000CF30  DF 7B 00 00 BC FB 8D FE  4A 01 00 00 22 20 23 00  .{......J..." #.
0000CF40  90 06 00 10 DF 7B 00 00  00 00 F8 FD E9 FE 00 00  .....{..........
0000CF50  22 20 23 00 30 04 B0 0F  DF 7B 00 00 3E FF 85 FB  " #.0....{..>...
0000CF60  62 03 00 00 22 20 23 00  D0 04 F0 0E DF 7B 00 00  b..." #......{..
0000CF70  60 FD FE FC 54 02 00 00  22 20 23 00 90 06 00 10  `...T..." #.....
0000CF80  DF 7B 00 00 00 00 F8 FD  E9 FE 00 00 22 20 23 00  .{.........." #.
0000CF90  30 04 B0 0F DF 7B 00 00  C2 00 85 FB 62 03 00 00  0....{......b...
0000CFA0  22 20 23 00 30 04 70 10  DF 7B 00 00 3E FF 85 FB  " #.0.p..{..>...
0000CFB0  62 03 00 00 22 20 23 00  F0 00 30 0F DF 7B 00 00  b..." #...0..{..
0000CFC0  28 FF 23 FC B9 04 00 00  22 20 23 00 00 00 67 0D  (.#....." #...g.
0000CFD0  DF 7B 00 00 00 00 89 FD  AF 05 00 00 22 20 23 00  .{.........." #.
0000CFE0  2C 01 94 0D DF 7B 00 00  AE FE 8F FD 81 05 00 00  ,....{..........
0000CFF0  22 20 23 00 F0 00 30 0F  DF 7B 00 00 D8 00 23 FC  " #...0..{....#.
0000D000  B9 04 00 00 22 20 23 00  00 00 67 0D DF 7B 00 00  ...." #...g..{..
0000D010  00 00 89 FD AF 05 00 00  22 20 23 00 10 FF 30 0F  ........" #...0.
0000D020  DF 7B 00 00 28 FF 23 FC  B9 04 00 00 22 20 23 00  .{..(.#....." #.
0000D030  70 04 D0 0C DF 7B 00 00  66 04 15 00 63 05 00 00  p....{..f...c...
0000D040  22 20 23 00 90 06 90 0C  DF 7B 00 00 10 05 49 01  " #......{....I.
0000D050  C4 01 00 00 22 20 23 00  90 04 50 0A DF 7B 00 00  ...." #...P..{..
0000D060  75 04 03 03 56 05 00 00  22 20 23 00 70 04 D0 0C  u...V..." #.p...
0000D070  DF 7B 00 00 66 04 15 00  63 05 00 00 22 20 23 00  .{..f...c..." #.
0000D080  10 05 90 0E DF 7B 00 00  A0 02 FE FC 54 02 00 00  .....{......T...
0000D090  22 20 23 00 30 06 F0 0D  DF 7B 00 00 44 04 8D FE  " #.0....{..D...
0000D0A0  4A 01 00 00 22 20 23 00  90 04 50 0A DF 7B 00 00  J..." #...P..{..
0000D0B0  75 04 03 03 56 05 00 00  22 20 23 00 90 02 50 0B  u...V..." #...P.
0000D0C0  DF 7B 00 00 7D 02 F1 01  A9 06 00 00 22 20 23 00  .{..}......." #.
0000D0D0  70 04 D0 0C DF 7B 00 00  66 04 15 00 63 05 00 00  p....{..f...c...
0000D0E0  22 20 23 00 90 02 50 0B  DF 7B 00 00 83 FD F1 01  " #...P..{......
0000D0F0  A9 06 00 00 22 20 23 00  90 04 50 0A DF 7B 00 00  ...." #...P..{..
0000D100  8B FB 03 03 56 05 00 00  22 20 23 00 70 04 D0 0C  ....V..." #.p...
0000D110  DF 7B 00 00 9A FB 15 00  63 05 00 00 22 20 23 00  .{......c..." #.
0000D120  90 00 10 0C DF 7B 00 00  B1 00 35 01 C3 07 00 00  .....{....5.....
0000D130  22 20 23 00 10 00 90 0C  DF 7B 00 00 00 00 CF 00  " #......{......
0000D140  49 08 00 00 22 20 23 00  AE 00 76 0C DF 7B 00 00  I..." #...v..{..
0000D150  BE 00 EE 00 E6 07 00 00  22 20 23 00 90 00 10 0C  ........" #.....
0000D160  DF 7B 00 00 4F FF 35 01  C3 07 00 00 22 20 23 00  .{..O.5....." #.
0000D170  A9 00 82 0C DF 7B 00 00  42 FF EE 00 E6 07 00 00  .....{..B.......
0000D180  22 20 23 00 10 00 90 0C  DF 7B 00 00 00 00 CF 00  " #......{......
0000D190  49 08 00 00 22 20 23 00  F0 00 30 0F DF 7B 00 00  I..." #...0..{..
0000D1A0  D8 00 23 FC B9 04 00 00  22 20 23 00 2C 01 94 0D  ..#....." #.,...
0000D1B0  DF 7B 00 00 52 01 8F FD  81 05 00 00 22 20 23 00  .{..R......." #.
0000D1C0  00 00 67 0D DF 7B 00 00  00 00 89 FD AF 05 00 00  ..g..{..........
0000D1D0  22 20 23 00 F0 00 30 0F  DF 7B 00 00 28 FF 23 FC  " #...0..{..(.#.
0000D1E0  B9 04 00 00 22 20 23 00  2C 01 94 0D DF 7B 00 00  ...." #.,....{..
0000D1F0  AE FE 8F FD 81 05 00 00  22 20 23 00 B0 01 B0 0D  ........" #.....
0000D200  DF 7B 00 00 07 FE 01 FE  39 05 00 00 22 20 23 00  .{......9..." #.
0000D210  90 02 50 0B DF 7B 00 00  7D 02 F1 01 A9 06 00 00  ..P..{..}.......
0000D220  22 20 23 00 10 02 90 0C  DF 7B 00 00 0D 02 D4 00  " #......{......
0000D230  01 07 00 00 22 20 23 00  70 04 D0 0C DF 7B 00 00  ...." #.p....{..
0000D240  66 04 15 00 63 05 00 00  22 20 23 00 10 02 90 0C  f...c..." #.....
0000D250  DF 7B 00 00 F3 FD D4 00  01 07 00 00 22 20 23 00  .{.........." #.
0000D260  90 02 50 0B DF 7B 00 00  83 FD F1 01 A9 06 00 00  ..P..{..........
0000D270  22 20 23 00 70 04 D0 0C  DF 7B 00 00 9A FB 15 00  " #.p....{......
0000D280  63 05 00 00 22 20 23 00  97 03 21 0E DF 7B 00 00  c..." #...!..{..
0000D290  7E 02 EC FD F5 04 00 00  22 20 23 00 F0 00 30 0F  ~......." #...0.
0000D2A0  DF 7B 00 00 D8 00 23 FC  B9 04 00 00 22 20 23 00  .{....#....." #.
0000D2B0  D0 00 F0 0F DF 7B 00 00  C2 00 85 FB 62 03 00 00  .....{......b...
0000D2C0  22 20 23 00 97 03 21 0E  DF 7B 00 00 82 FD EC FD  " #...!..{......
0000D2D0  F5 04 00 00 22 20 23 00  10 05 90 0E DF 7B 00 00  ...." #......{..
0000D2E0  60 FD FE FC 54 02 00 00  22 20 23 00 D0 00 F0 0F  `...T..." #.....
0000D2F0  DF 7B 00 00 3E FF 85 FB  62 03 00 00 22 20 23 00  .{..>...b..." #.
0000D300  90 06 90 0C DF 7B 00 00  F0 FA 49 01 C4 01 00 00  .....{....I.....
0000D310  22 20 23 00 90 06 00 10  DF 7B 00 00 00 00 F8 FD  " #......{......
0000D320  E9 FE 00 00 22 20 23 00  30 06 F0 0D DF 7B 00 00  ...." #.0....{..
0000D330  BC FB 8D FE 4A 01 00 00  22 20 23 00 D0 04 F0 0E  ....J..." #.....
0000D340  DF 7B 00 00 A0 02 FE FC  54 02 00 00 22 20 23 00  .{......T..." #.
0000D350  90 06 00 10 DF 7B 00 00  00 00 F8 FD E9 FE 00 00  .....{..........
0000D360  22 20 23 00 30 06 F0 0D  DF 7B 00 00 44 04 8D FE  " #.0....{..D...
0000D370  4A 01 00 00 22 20 23 00  70 04 D0 0C DF 7B 00 00  J..." #.p....{..
0000D380  9A FB 15 00 63 05 00 00  22 20 23 00 90 04 50 0A  ....c..." #...P.
0000D390  DF 7B 00 00 8B FB 03 03  56 05 00 00 22 20 23 00  .{......V..." #.
0000D3A0  90 06 90 0C DF 7B 00 00  F0 FA 49 01 C4 01 00 00  .....{....I.....
0000D3B0  22 20 23 00 70 04 D0 0C  DF 7B 00 00 66 04 15 00  " #.p....{..f...
0000D3C0  63 05 00 00 22 20 23 00  30 06 F0 0D DF 7B 00 00  c..." #.0....{..
0000D3D0  44 04 8D FE 4A 01 00 00  22 20 23 00 90 06 90 0C  D...J..." #.....
0000D3E0  DF 7B 00 00 10 05 49 01  C4 01 00 00 22 20 23 00  .{....I....." #.
0000D3F0  10 02 90 0C DF 7B 00 00  0D 02 D4 00 01 07 00 00  .....{..........
0000D400  22 20 23 00 90 02 50 0B  DF 7B 00 00 7D 02 F1 01  " #...P..{..}...
0000D410  A9 06 00 00 22 20 23 00  B0 01 70 0C DF 7B 00 00  ...." #...p..{..
0000D420  74 01 2C 01 5F 07 00 00  22 20 23 00 90 02 50 0B  t.,._..." #...P.
0000D430  DF 7B 00 00 83 FD F1 01  A9 06 00 00 22 20 23 00  .{.........." #.
0000D440  B0 01 70 0C DF 7B 00 00  8C FE 2C 01 5F 07 00 00  ..p..{....,._...
0000D450  22 20 23 00 90 00 10 0C  DF 7B 00 00 4F FF 35 01  " #......{..O.5.
0000D460  C3 07 00 00 22 20 23 00  58 0C 90 0E DF 7B 00 00  ...." #.X....{..
0000D470  00 00 4B FF 03 04 00 00  22 20 23 00 58 0C B7 0F  ..K....." #.X...
0000D480  DF 7B 00 00 00 00 89 FD  AF 05 00 00 22 20 23 00  .{.........." #.
0000D490  CF 0A 90 0E DF 7B 00 00  CF 01 99 FE 83 03 00 00  .....{..........
0000D4A0  22 20 23 00 30 02 30 0D  DF 7B 00 00 31 02 66 FF  " #.0.0..{..1.f.
0000D4B0  B0 05 00 00 22 20 23 00  97 03 21 0E DF 7B 00 00  ...." #...!..{..
0000D4C0  7E 02 EC FD F5 04 00 00  22 20 23 00 70 04 D0 0C  ~......." #.p...
0000D4D0  DF 7B 00 00 66 04 15 00  63 05 00 00 22 20 23 00  .{..f...c..." #.
0000D4E0  B0 01 B0 0D DF 7B 00 00  F9 01 01 FE 39 05 00 00  .....{......9...
0000D4F0  22 20 23 00 97 03 21 0E  DF 7B 00 00 7E 02 EC FD  " #...!..{..~...
0000D500  F5 04 00 00 22 20 23 00  30 02 30 0D DF 7B 00 00  ...." #.0.0..{..
0000D510  31 02 66 FF B0 05 00 00  22 20 23 00 97 03 21 0E  1.f....." #...!.
0000D520  DF 7B 00 00 82 FD EC FD  F5 04 00 00 22 20 23 00  .{.........." #.
0000D530  30 02 30 0D DF 7B 00 00  CF FD 66 FF B0 05 00 00  0.0..{....f.....
0000D540  22 20 23 00 70 04 D0 0C  DF 7B 00 00 9A FB 15 00  " #.p....{......
0000D550  63 05 00 00 22 20 23 00  53 0A C2 0F DF 7B 00 00  c..." #.S....{..
0000D560  07 FE 01 FE 39 05 00 00  22 20 23 00 CF 0A 90 0E  ....9..." #.....
0000D570  DF 7B 00 00 31 FE 99 FE  83 03 00 00 22 20 23 00  .{..1......." #.
0000D580  53 0A 70 0E DF 7B 00 00  CF FD 66 FF B0 05 00 00  S.p..{....f.....
0000D590  22 20 23 00 B0 01 B0 0D  DF 7B 00 00 07 FE 01 FE  " #......{......
0000D5A0  39 05 00 00 22 20 23 00  30 02 30 0D DF 7B 00 00  9..." #.0.0..{..
0000D5B0  CF FD 66 FF B0 05 00 00  22 20 23 00 97 03 21 0E  ..f....." #...!.
0000D5C0  DF 7B 00 00 82 FD EC FD  F5 04 00 00 22 20 23 00  .{.........." #.
0000D5D0  CF 0A 90 0E DF 7B 00 00  CF 01 99 FE 83 03 00 00  .....{..........
0000D5E0  22 20 23 00 53 0A 70 0E  DF 7B 00 00 31 02 66 FF  " #.S.p..{..1.f.
0000D5F0  B0 05 00 00 22 20 23 00  CF 0A D0 0D DF 7B 00 00  ...." #......{..
0000D600  DD 01 70 01 34 05 00 00  22 20 23 00 CF 0A D0 0D  ..p.4..." #.....
0000D610  DF 7B 00 00 DD 01 70 01  34 05 00 00 22 20 23 00  .{....p.4..." #.
0000D620  01 0B 58 0D DF 7B 00 00  74 01 2C 01 5F 07 00 00  ..X..{..t.,._...
0000D630  22 20 23 00 58 0C CE 0D  DF 7B 00 00 00 00 5C 01  " #.X....{....\.
0000D640  0E 05 00 00 22 20 23 00  58 0C 90 0E DF 7B 00 00  ...." #.X....{..
0000D650  00 00 4B FF 03 04 00 00  22 20 23 00 CF 0A 90 0E  ..K....." #.....
0000D660  DF 7B 00 00 31 FE 99 FE  83 03 00 00 22 20 23 00  .{..1......." #.
0000D670  58 0C B7 0F DF 7B 00 00  00 00 89 FD AF 05 00 00  X....{..........
0000D680  22 20 23 00 CF 0A 90 0E  DF 7B 00 00 CF 01 99 FE  " #......{......
0000D690  83 03 00 00 22 20 23 00  58 0C B7 0F DF 7B 00 00  ...." #.X....{..
0000D6A0  00 00 89 FD AF 05 00 00  22 20 23 00 01 0B C2 0F  ........" #.....
0000D6B0  DF 7B 00 00 52 01 8F FD  81 05 00 00 22 20 23 00  .{..R......." #.
0000D6C0  90 02 50 0B DF 7B 00 00  7D 02 F1 01 A9 06 00 00  ..P..{..}.......
0000D6D0  22 20 23 00 90 00 10 0C  DF 7B 00 00 B1 00 35 01  " #......{....5.
0000D6E0  C3 07 00 00 22 20 23 00  B0 01 70 0C DF 7B 00 00  ...." #...p..{..
0000D6F0  74 01 2C 01 5F 07 00 00  22 20 23 00 A9 00 82 0C  t.,._..." #.....
0000D700  DF 7B 00 00 42 FF EE 00  E6 07 00 00 22 20 23 00  .{..B......." #.
0000D710  B0 01 70 0C DF 7B 00 00  8C FE 2C 01 5F 07 00 00  ..p..{....,._...
0000D720  22 20 23 00 D4 00 AC 0C  DF 7B 00 00 3F FF C8 00  " #......{..?...
0000D730  F4 07 00 00 22 20 23 00  B0 01 70 0C DF 7B 00 00  ...." #...p..{..
0000D740  74 01 2C 01 5F 07 00 00  22 20 23 00 90 00 10 0C  t.,._..." #.....
0000D750  DF 7B 00 00 B1 00 35 01  C3 07 00 00 22 20 23 00  .{....5....." #.
0000D760  AE 00 76 0C DF 7B 00 00  BE 00 EE 00 E6 07 00 00  ..v..{..........
0000D770  22 20 23 00 90 00 10 0C  DF 7B 00 00 4F FF 35 01  " #......{..O.5.
0000D780  C3 07 00 00 22 20 23 00  B0 01 70 0C DF 7B 00 00  ...." #...p..{..
0000D790  8C FE 2C 01 5F 07 00 00  22 20 23 00 A9 00 82 0C  ..,._..." #.....
0000D7A0  DF 7B 00 00 42 FF EE 00  E6 07 00 00 22 20 23 00  .{..B......." #.
0000D7B0  01 0B C2 0F DF 7B 00 00  AE FE 8F FD 81 05 00 00  .....{..........
0000D7C0  22 20 23 00 CF 0A 90 0E  DF 7B 00 00 31 FE 99 FE  " #......{..1...
0000D7D0  83 03 00 00 22 20 23 00  53 0A C2 0F DF 7B 00 00  ...." #.S....{..
0000D7E0  07 FE 01 FE 39 05 00 00  22 20 23 00 01 0B C2 0F  ....9..." #.....
0000D7F0  DF 7B 00 00 52 01 8F FD  81 05 00 00 22 20 23 00  .{..R......." #.
0000D800  53 0A C2 0F DF 7B 00 00  F9 01 01 FE 39 05 00 00  S....{......9...
0000D810  22 20 23 00 CF 0A 90 0E  DF 7B 00 00 CF 01 99 FE  " #......{......
0000D820  83 03 00 00 22 20 23 00  01 0B 58 0D DF 7B 00 00  ...." #...X..{..
0000D830  8C FE 2C 01 5F 07 00 00  22 20 23 00 58 0C CE 0D  ..,._..." #.X...
0000D840  DF 7B 00 00 00 00 5C 01  0E 05 00 00 22 20 23 00  .{....\....." #.
0000D850  99 0B 58 0D DF 7B 00 00  3F FF C8 00 F4 07 00 00  ..X..{..?.......
0000D860  22 20 23 00 53 0A 53 0D  DF 7B 00 00 F3 FD D4 00  " #.S.S..{......
0000D870  01 07 00 00 22 20 23 00  CF 0A D0 0D DF 7B 00 00  ...." #......{..
0000D880  23 FE 70 01 34 05 00 00  22 20 23 00 01 0B 58 0D  #.p.4..." #...X.
0000D890  DF 7B 00 00 8C FE 2C 01  5F 07 00 00 22 20 23 00  .{....,._..." #.
0000D8A0  53 0A 70 0E DF 7B 00 00  CF FD 66 FF B0 05 00 00  S.p..{....f.....
0000D8B0  22 20 23 00 CF 0A D0 0D  DF 7B 00 00 23 FE 70 01  " #......{..#.p.
0000D8C0  34 05 00 00 22 20 23 00  53 0A 53 0D DF 7B 00 00  4..." #.S.S..{..
0000D8D0  F3 FD D4 00 01 07 00 00  22 20 23 00 CF 0A D0 0D  ........" #.....
0000D8E0  DF 7B 00 00 DD 01 70 01  34 05 00 00 22 20 23 00  .{....p.4..." #.
0000D8F0  53 0A 53 0D DF 7B 00 00  0D 02 D4 00 01 07 00 00  S.S..{..........
0000D900  22 20 23 00 01 0B 58 0D  DF 7B 00 00 74 01 2C 01  " #...X..{..t.,.
0000D910  5F 07 00 00 22 20 23 00  58 0C 58 0D DF 7B 00 00  _..." #.X.X..{..
0000D920  00 00 BB 00 52 08 00 00  22 20 23 00 58 0C CE 0D  ....R..." #.X...
0000D930  DF 7B 00 00 00 00 5C 01  0E 05 00 00 22 20 23 00  .{....\....." #.
0000D940  99 0B 58 0D DF 7B 00 00  C1 00 C8 00 F4 07 00 00  ..X..{..........
0000D950  22 20 23 00 99 0B 58 0D  DF 7B 00 00 3F FF C8 00  " #...X..{..?...
0000D960  F4 07 00 00 22 20 23 00  58 0C CE 0D DF 7B 00 00  ...." #.X....{..
0000D970  00 00 5C 01 0E 05 00 00  22 20 23 00 58 0C 58 0D  ..\....." #.X.X.
0000D980  DF 7B 00 00 00 00 BB 00  52 08 00 00 22 20 23 00  .{......R..." #.
0000D990  58 0C CE 0D DF 7B 00 00  00 00 5C 01 0E 05 00 00  X....{....\.....
0000D9A0  22 20 23 00 01 0B 58 0D  DF 7B 00 00 74 01 2C 01  " #...X..{..t.,.
0000D9B0  5F 07 00 00 22 20 23 00  99 0B 58 0D DF 7B 00 00  _..." #...X..{..
0000D9C0  C1 00 C8 00 F4 07 00 00  22 20 23 00 CF 0A D0 0D  ........" #.....
0000D9D0  DF 7B 00 00 23 FE 70 01  34 05 00 00 22 20 23 00  .{..#.p.4..." #.
0000D9E0  58 0C CE 0D DF 7B 00 00  00 00 5C 01 0E 05 00 00  X....{....\.....
0000D9F0  22 20 23 00 01 0B 58 0D  DF 7B 00 00 8C FE 2C 01  " #...X..{....,.
0000DA00  5F 07 00 00 22 20 23 00  CF 0A 90 0E DF 7B 00 00  _..." #......{..
0000DA10  31 FE 99 FE 83 03 00 00  22 20 23 00 CF 0A D0 0D  1......." #.....
0000DA20  DF 7B 00 00 23 FE 70 01  34 05 00 00 22 20 23 00  .{..#.p.4..." #.
0000DA30  53 0A 70 0E DF 7B 00 00  CF FD 66 FF B0 05 00 00  S.p..{....f.....
0000DA40  22 20 23 00 CF 0A D0 0D  DF 7B 00 00 DD 01 70 01  " #......{....p.
0000DA50  34 05 00 00 22 20 23 00  53 0A 70 0E DF 7B 00 00  4..." #.S.p..{..
0000DA60  31 02 66 FF B0 05 00 00  22 20 23 00 53 0A 53 0D  1.f....." #.S.S.
0000DA70  DF 7B 00 00 0D 02 D4 00  01 07 00 00 22 20 23 00  .{.........." #.
0000DA80  D0 07 F0 0D DF 7B 00 00  85 FC B8 00 AC FD 00 00  .....{..........
0000DA90  22 20 23 00 90 06 00 10  DF 7B 00 00 00 00 F8 FD  " #......{......
0000DAA0  E9 FE 00 00 22 20 23 00  90 06 90 0C DF 7B 00 00  ...." #......{..
0000DAB0  F0 FA 49 01 C4 01 00 00  22 20 23 00 90 06 00 10  ..I....." #.....
0000DAC0  DF 7B 00 00 00 00 F8 FD  E9 FE 00 00 22 20 23 00  .{.........." #.
0000DAD0  90 06 90 0C DF 7B 00 00  10 05 49 01 C4 01 00 00  .....{....I.....
0000DAE0  22 20 23 00 30 06 F0 0D  DF 7B 00 00 44 04 8D FE  " #.0....{..D...
0000DAF0  4A 01 00 00 04 00 00 00  B0 06 00 00 54 00 14 2D  J...........T..-
0000DB00  00 00 00 00 00 00 00 00  00 00 00 00 00 00 00 00  ................
0000DB10  00 00 00 00 22 20 23 00  D6 09 6F 0E EF 3D 00 00  ...." #...o..=..
0000DB20  C3 01 BD 00 6D 05 00 00  22 20 23 00 1D 09 6F 0E  ....m..." #...o.
0000DB30  DF 7B 00 00 33 01 70 00  2D 07 00 00 22 20 23 00  .{..3.p.-..." #.
0000DB40  1D 09 01 0F 39 67 00 00  06 01 42 01 85 06 00 00  ....9g....B.....
0000DB50  22 20 23 00 D6 09 E6 0E  EF 3D 00 00 63 01 5E 01  " #......=..c.^.
0000DB60  78 05 00 00 22 20 23 00  D6 09 E6 0E EF 3D 00 00  x..." #......=..
0000DB70  9D FE 5E 01 78 05 00 00  22 20 23 00 1D 09 E6 0E  ..^.x..." #.....
0000DB80  39 67 00 00 FA FE 42 01  85 06 00 00 22 20 23 00  9g....B....." #.
0000DB90  1D 09 6F 0E DF 7B 00 00  CD FE 70 00 2D 07 00 00  ..o..{....p.-...
0000DBA0  22 20 23 00 D6 09 6F 0E  EF 3D 00 00 3D FE BD 00  " #...o..=..=...
0000DBB0  6D 05 00 00 22 20 23 00  D6 09 6F 0E EF 3D 00 00  m..." #...o..=..
0000DBC0  C3 01 BD 00 6D 05 00 00  22 20 23 00 D6 09 E6 0E  ....m..." #.....
0000DBD0  EF 3D 00 00 ED 01 5E 01  78 05 00 00 22 20 23 00  .=....^.x..." #.
0000DBE0  1D 09 01 0F 39 67 00 00  6D 01 1E 01 29 07 00 00  ....9g..m...)...
0000DBF0  22 20 23 00 1D 09 6F 0E  DF 7B 00 00 33 01 70 00  " #...o..{..3.p.
0000DC00  2D 07 00 00 22 20 23 00  D6 09 E6 0E EF 3D 00 00  -..." #......=..
0000DC10  13 FE 5E 01 78 05 00 00  22 20 23 00 D6 09 6F 0E  ..^.x..." #...o.
0000DC20  EF 3D 00 00 3D FE BD 00  6D 05 00 00 22 20 23 00  .=..=...m..." #.
0000DC30  1D 09 6F 0E DF 7B 00 00  CD FE 70 00 2D 07 00 00  ..o..{....p.-...
0000DC40  22 20 23 00 1D 09 E6 0E  39 67 00 00 93 FE 1E 01  " #.....9g......
0000DC50  29 07 00 00 22 20 23 00  37 0A EE 0E DF 7B 00 00  )..." #.7....{..
0000DC60  0D 00 66 FD 67 05 00 00  22 20 23 00 09 08 EE 0E  ..f.g..." #.....
0000DC70  DF 7B 00 00 E5 01 A7 FD  C5 04 00 00 22 20 23 00  .{.........." #.
0000DC80  09 08 4E 0F DF 7B 00 00  BD 01 0D FE 06 05 00 00  ..N..{..........
0000DC90  22 20 23 00 37 0A 4E 0F  DF 7B 00 00 0D 00 E0 FD  " #.7.N..{......
0000DCA0  AD 05 00 00 22 20 23 00  37 0A 4E 0F DF 7B 00 00  ...." #.7.N..{..
0000DCB0  0D 00 E0 FD AD 05 00 00  22 20 23 00 09 08 4E 0F  ........" #...N.
0000DCC0  DF 7B 00 00 BD 01 0D FE  06 05 00 00 22 20 23 00  .{.........." #.
0000DCD0  09 08 AE 0F DF 7B 00 00  59 01 2E FE EA 04 00 00  .....{..Y.......
0000DCE0  22 20 23 00 37 0A AE 0F  DF 7B 00 00 0D 00 15 FE  " #.7....{......
0000DCF0  86 05 00 00 22 20 23 00  37 0A EE 0F DF 7B 00 00  ...." #.7....{..
0000DD00  E5 FF E2 FD 1C 05 00 00  22 20 23 00 37 0A AE 0F  ........" #.7...
0000DD10  DF 7B 00 00 0D 00 15 FE  86 05 00 00 22 20 23 00  .{.........." #.
0000DD20  09 08 AE 0F DF 7B 00 00  59 01 2E FE EA 04 00 00  .....{..Y.......
0000DD30  22 20 23 00 09 08 EE 0F  DF 7B 00 00 34 01 FF FD  " #......{..4...
0000DD40  8F 04 00 00 22 20 23 00  09 08 EE 0E EF 3D 00 00  ...." #......=..
0000DD50  FE FD 8A FE CE 03 00 00  22 20 23 00 37 0A EE 0E  ........" #.7...
0000DD60  DF 7B 00 00 37 FE A7 FD  C5 04 00 00 22 20 23 00  .{..7......." #.
0000DD70  37 0A 4E 0F DF 7B 00 00  5E FE 0D FE 06 05 00 00  7.N..{..^.......
0000DD80  22 20 23 00 09 08 4E 0F  EF 3D 00 00 11 FE 0F FF  " #...N..=......
0000DD90  EE 03 00 00 22 20 23 00  09 08 4E 0F DF 7B 00 00  ...." #...N..{..
0000DDA0  5E FE 0D FE 06 05 00 00  22 20 23 00 37 0A 4E 0F  ^......." #.7.N.
0000DDB0  DF 7B 00 00 0D 00 E0 FD  AD 05 00 00 22 20 23 00  .{.........." #.
0000DDC0  37 0A AE 0F DF 7B 00 00  0D 00 15 FE 86 05 00 00  7....{..........
0000DDD0  22 20 23 00 09 08 AE 0F  DF 7B 00 00 C2 FE 2E FE  " #......{......
0000DDE0  EA 04 00 00 22 20 23 00  09 08 EE 0E DF 7B 00 00  ...." #......{..
0000DDF0  37 FE A7 FD C5 04 00 00  22 20 23 00 37 0A EE 0E  7......." #.7...
0000DE00  DF 7B 00 00 0D 00 66 FD  67 05 00 00 22 20 23 00  .{....f.g..." #.
0000DE10  37 0A 4E 0F DF 7B 00 00  0D 00 E0 FD AD 05 00 00  7.N..{..........
0000DE20  22 20 23 00 09 08 4E 0F  DF 7B 00 00 5E FE 0D FE  " #...N..{..^...
0000DE30  06 05 00 00 22 20 23 00  09 08 EE 0F DF 7B 00 00  ...." #......{..
0000DE40  E4 FE FF FD 8F 04 00 00  22 20 23 00 09 08 AE 0F  ........" #.....
0000DE50  DF 7B 00 00 C2 FE 2E FE  EA 04 00 00 22 20 23 00  .{.........." #.
0000DE60  37 0A AE 0F DF 7B 00 00  0D 00 15 FE 86 05 00 00  7....{..........
0000DE70  22 20 23 00 37 0A EE 0F  DF 7B 00 00 E5 FF E2 FD  " #.7....{......
0000DE80  1C 05 00 00 22 20 23 00  37 0A EE 0F DF 7B 00 00  ...." #.7....{..
0000DE90  34 01 FF FD 8F 04 00 00  22 20 23 00 37 0A AE 0F  4......." #.7...
0000DEA0  DF 7B 00 00 59 01 2E FE  EA 04 00 00 22 20 23 00  .{..Y......." #.
0000DEB0  09 08 AE 0F EF 3D 00 00  7A 01 13 FF EF 03 00 00  .....=..z.......
0000DEC0  22 20 23 00 09 08 EE 0F  EF 3D 00 00 56 01 B6 FE  " #......=..V...
0000DED0  DA 03 00 00 22 20 23 00  37 0A 4E 0F DF 7B 00 00  ...." #.7.N..{..
0000DEE0  BD 01 0D FE 06 05 00 00  22 20 23 00 09 08 4E 0F  ........" #...N.
0000DEF0  EF 3D 00 00 0A 02 0F FF  EE 03 00 00 22 20 23 00  .=.........." #.
0000DF00  09 08 AE 0F EF 3D 00 00  7A 01 13 FF EF 03 00 00  .....=..z.......
0000DF10  22 20 23 00 37 0A AE 0F  DF 7B 00 00 59 01 2E FE  " #.7....{..Y...
0000DF20  EA 04 00 00 22 20 23 00  37 0A EE 0E DF 7B 00 00  ...." #.7....{..
0000DF30  E5 01 A7 FD C5 04 00 00  22 20 23 00 09 08 EE 0E  ........" #.....
0000DF40  EF 3D 00 00 1D 02 8A FE  CE 03 00 00 22 20 23 00  .=.........." #.
0000DF50  09 08 4E 0F EF 3D 00 00  0A 02 0F FF EE 03 00 00  ..N..=..........
0000DF60  22 20 23 00 37 0A 4E 0F  DF 7B 00 00 BD 01 0D FE  " #.7.N..{......
0000DF70  06 05 00 00 22 20 23 00  37 0A AE 0F DF 7B 00 00  ...." #.7....{..
0000DF80  C2 FE 2E FE EA 04 00 00  22 20 23 00 09 08 AE 0F  ........" #.....
0000DF90  EF 3D 00 00 A2 FE 13 FF  EF 03 00 00 22 20 23 00  .=.........." #.
0000DFA0  09 08 4E 0F EF 3D 00 00  11 FE 0F FF EE 03 00 00  ..N..=..........
0000DFB0  22 20 23 00 37 0A 4E 0F  DF 7B 00 00 5E FE 0D FE  " #.7.N..{..^...
0000DFC0  06 05 00 00 22 20 23 00  37 0A AE 0F DF 7B 00 00  ...." #.7....{..
0000DFD0  C2 FE 2E FE EA 04 00 00  22 20 23 00 37 0A EE 0F  ........" #.7...
0000DFE0  DF 7B 00 00 E4 FE FF FD  8F 04 00 00 22 20 23 00  .{.........." #.
0000DFF0  09 08 EE 0F EF 3D 00 00  C6 FE B6 FE DA 03 00 00  .....=..........
0000E000  22 20 23 00 09 08 AE 0F  EF 3D 00 00 A2 FE 13 FF  " #......=......
0000E010  EF 03 00 00 22 20 23 00  D0 00 F0 0F DF 7B 00 00  ...." #......{..
0000E020  C2 00 85 FB 62 03 00 00  22 20 23 00 F0 00 30 0F  ....b..." #...0.
0000E030  DF 7B 00 00 D8 00 23 FC  B9 04 00 00 22 20 23 00  .{....#....." #.
0000E040  10 FF 30 0F DF 7B 00 00  28 FF 23 FC B9 04 00 00  ..0..{..(.#.....
0000E050  22 20 23 00 30 FF F0 0F  DF 7B 00 00 3E FF 85 FB  " #.0....{..>...
0000E060  62 03 00 00 22 20 23 00  10 00 D0 0C DF 7B 00 00  b..." #......{..
0000E070  00 00 BB 00 52 08 00 00  22 20 23 00 CC 00 97 0C  ....R..." #.....
0000E080  DF 7B 00 00 C1 00 C8 00  F4 07 00 00 22 20 23 00  .{.........." #.
0000E090  AE 00 76 0C DF 7B 00 00  BE 00 EE 00 E6 07 00 00  ..v..{..........
0000E0A0  22 20 23 00 10 00 90 0C  DF 7B 00 00 00 00 CF 00  " #......{......
0000E0B0  49 08 00 00 22 20 23 00  A9 00 82 0C DF 7B 00 00  I..." #......{..
0000E0C0  42 FF EE 00 E6 07 00 00  22 20 23 00 D4 00 AC 0C  B......." #.....
0000E0D0  DF 7B 00 00 3F FF C8 00  F4 07 00 00 22 20 23 00  .{..?......." #.
0000E0E0  10 00 D0 0C DF 7B 00 00  00 00 BB 00 52 08 00 00  .....{......R...
0000E0F0  22 20 23 00 10 00 90 0C  DF 7B 00 00 00 00 CF 00  " #......{......
0000E100  49 08 00 00 22 20 23 00  CF 0A D0 0D DF 7B 00 00  I..." #......{..
0000E110  23 FE 70 01 34 05 00 00  22 20 23 00 CF 0A 90 0E  #.p.4..." #.....
0000E120  DF 7B 00 00 31 FE 99 FE  83 03 00 00 22 20 23 00  .{..1......." #.
0000E130  58 0C 90 0E DF 7B 00 00  00 00 4B FF 03 04 00 00  X....{....K.....
0000E140  22 20 23 00 58 0C CE 0D  DF 7B 00 00 00 00 5C 01  " #.X....{....\.
0000E150  0E 05 00 00 22 20 23 00  58 0C CE 0D DF 7B 00 00  ...." #.X....{..
0000E160  00 00 5C 01 0E 05 00 00  22 20 23 00 58 0C 90 0E  ..\....." #.X...
0000E170  DF 7B 00 00 00 00 4B FF  03 04 00 00 22 20 23 00  .{....K....." #.
0000E180  CF 0A 90 0E DF 7B 00 00  CF 01 99 FE 83 03 00 00  .....{..........
0000E190  22 20 23 00 CF 0A D0 0D  DF 7B 00 00 DD 01 70 01  " #......{....p.
0000E1A0  34 05 00 00 01 00 00 00  08 00 00 00 02 00 10 7C  4..............|
0000E1B0  08 00 00 00 03 00 00 00  00 0E 00 00 DE 00 10 29  ...............)
0000E1C0  00 00 00 00 00 00 00 00  00 00 00 00 00 00 00 00  ................
0000E1D0  00 00 00 00 22 23 00 00  F0 07 30 07 E9 06 D6 06  ...."#....0.....
0000E1E0  ED 01 00 00 22 23 00 00  90 04 50 0A 75 04 03 03  ...."#....P.u...
0000E1F0  56 05 00 00 22 23 00 00  90 06 90 0C 10 05 49 01  V..."#........I.
0000E200  C4 01 00 00 22 23 00 00  90 06 90 0C F0 FA 49 01  ...."#........I.
0000E210  C4 01 00 00 22 23 00 00  F0 07 30 07 17 F9 D6 06  ...."#....0.....
0000E220  ED 01 00 00 22 23 00 00  D0 07 F0 0D 85 FC B8 00  ...."#..........
0000E230  AC FD 00 00 22 23 00 00  F0 07 30 07 E9 06 D6 06  ...."#....0.....
0000E240  ED 01 00 00 22 23 00 00  90 06 90 0C 10 05 49 01  ...."#........I.
0000E250  C4 01 00 00 22 23 00 00  D0 07 F0 0D 65 03 CD 00  ...."#......e...
0000E260  F7 FD 00 00 22 23 00 00  90 04 50 0A 8B FB 03 03  ...."#....P.....
0000E270  56 05 00 00 22 23 00 00  F0 07 30 07 17 F9 D6 06  V..."#....0.....
0000E280  ED 01 00 00 22 23 00 00  90 06 90 0C F0 FA 49 01  ...."#........I.
0000E290  C4 01 00 00 22 23 00 00  90 06 00 10 00 00 F8 FD  ...."#..........
0000E2A0  E9 FE 00 00 22 23 00 00  D0 04 F0 0E B9 02 19 FE  ...."#..........
0000E2B0  3C 03 00 00 22 23 00 00  D0 04 B0 0F C2 00 C9 FC  <..."#..........
0000E2C0  E9 04 00 00 22 23 00 00  D0 07 F0 0D 65 03 CD 00  ...."#......e...
0000E2D0  F7 FD 00 00 22 23 00 00  90 06 90 0C 10 05 49 01  ...."#........I.
0000E2E0  C4 01 00 00 22 23 00 00  90 06 00 10 00 00 F8 FD  ...."#..........
0000E2F0  E9 FE 00 00 22 23 00 00  D0 09 B0 0D B1 00 35 01  ...."#........5.
0000E300  C3 07 00 00 22 23 00 00  D0 09 50 0C 00 00 27 01  ...."#....P...'.
0000E310  19 09 00 00 22 23 00 00  10 09 B0 0D 00 00 C1 00  ...."#..........
0000E320  12 08 00 00 22 23 00 00  D0 00 F0 0F C2 00 C9 FC  ...."#..........
0000E330  E9 04 00 00 22 23 00 00  D0 00 30 0F D8 00 67 FD  ...."#....0...g.
0000E340  0F 06 00 00 22 23 00 00  00 00 30 0F 00 00 60 FD  ...."#....0...`.
0000E350  3F 06 00 00 22 23 00 00  85 0A F0 06 00 00 81 FF  ?..."#..........
0000E360  EF 06 00 00 22 23 00 00  30 09 90 06 21 01 EA FF  ...."#..0...!...
0000E370  19 07 00 00 22 23 00 00  85 0A 90 06 00 00 C7 FF  ...."#..........
0000E380  6E 07 00 00 22 23 00 00  B0 07 D0 06 8C 02 C0 FE  n..."#..........
0000E390  C5 05 00 00 22 23 00 00  50 09 F0 06 14 01 A2 FF  ...."#..P.......
0000E3A0  BE 06 00 00 22 23 00 00  B0 09 10 08 D8 00 67 FD  ...."#........g.
0000E3B0  0F 06 00 00 22 23 00 00  B0 00 D0 0B B1 00 35 01  ...."#........5.
0000E3C0  C3 07 00 00 22 23 00 00  30 01 70 0C 28 01 DE 00  ...."#..0.p.(...
0000E3D0  7A 07 00 00 22 23 00 00  90 02 50 0B 7D 02 F1 01  z..."#....P.}...
0000E3E0  A9 06 00 00 22 23 00 00  90 0A 90 05 00 00 69 00  ...."#........i.
0000E3F0  81 07 00 00 22 23 00 00  30 09 90 06 21 01 EA FF  ...."#..0...!...
0000E400  19 07 00 00 22 23 00 00  30 09 90 05 3F 01 A8 00  ...."#..0...?...
0000E410  2D 07 00 00 22 23 00 00  10 05 90 0E B9 02 19 FE  -..."#..........
0000E420  3C 03 00 00 22 23 00 00  D0 02 F0 0D 8C 02 C0 FE  <..."#..........
0000E430  C5 05 00 00 22 23 00 00  D0 00 F0 0F C2 00 C9 FC  ...."#..........
0000E440  E9 04 00 00 22 23 00 00  D0 02 F0 0C 9E 02 98 00  ...."#..........
0000E450  51 06 00 00 22 23 00 00  E5 03 30 0D EA 03 00 00  Q..."#....0.....
0000E460  9B 05 00 00 22 23 00 00  70 04 D0 0C 33 04 97 00  ...."#..p...3...
0000E470  89 05 00 00 22 23 00 00  10 05 90 0E 47 FD 19 FE  ...."#......G...
0000E480  3C 03 00 00 22 23 00 00  D0 02 F0 0D 74 FD C0 FE  <..."#......t...
0000E490  C5 05 00 00 22 23 00 00  E5 03 30 0D 16 FC 00 00  ...."#....0.....
0000E4A0  9B 05 00 00 22 23 00 00  D0 09 B0 0D 4F FF 35 01  ...."#......O.5.
0000E4B0  C3 07 00 00 22 23 00 00  10 09 B0 0D 00 00 C1 00  ...."#..........
0000E4C0  12 08 00 00 22 23 00 00  D0 09 50 0C 00 00 27 01  ...."#....P...'.
0000E4D0  19 09 00 00 22 23 00 00  85 0A 90 06 00 00 C7 FF  ...."#..........
0000E4E0  6E 07 00 00 22 23 00 00  30 09 90 06 06 FF B9 FF  n..."#..0.......
0000E4F0  4E 07 00 00 22 23 00 00  85 0A F0 06 00 00 81 FF  N..."#..........
0000E500  EF 06 00 00 22 23 00 00  10 08 50 09 6D FD 5E 00  ...."#....P.m.^.
0000E510  6D 06 00 00 22 23 00 00  90 09 10 09 01 FF 74 00  m..."#........t.
0000E520  5B 07 00 00 22 23 00 00  50 08 B0 07 83 FD F1 01  [..."#..P.......
0000E530  A9 06 00 00 22 23 00 00  30 09 90 05 01 FF 74 00  ...."#..0.....t.
0000E540  5B 07 00 00 22 23 00 00  90 0A 90 05 00 00 69 00  [..."#........i.
0000E550  81 07 00 00 22 23 00 00  50 09 10 05 18 FF BA 00  ...."#..P.......
0000E560  A1 07 00 00 22 23 00 00  50 09 F0 06 04 FF 79 FF  ...."#..P.....y.
0000E570  A3 06 00 00 22 23 00 00  B0 07 D0 06 74 FD C0 FE  ...."#......t...
0000E580  C5 05 00 00 22 23 00 00  B0 09 10 08 28 FF 67 FD  ...."#......(.g.
0000E590  0F 06 00 00 22 23 00 00  D0 02 F0 0D 74 FD C0 FE  ...."#......t...
0000E5A0  C5 05 00 00 22 23 00 00  D0 00 F0 0F 3E FF C9 FC  ...."#......>...
0000E5B0  E9 04 00 00 22 23 00 00  D0 00 30 0F 28 FF 67 FD  ...."#....0.(.g.
0000E5C0  0F 06 00 00 22 23 00 00  30 09 90 06 06 FF B9 FF  ...."#..0.......
0000E5D0  4E 07 00 00 22 23 00 00  30 09 90 05 01 FF 74 00  N..."#..0.....t.
0000E5E0  5B 07 00 00 22 23 00 00  B0 07 D0 05 6D FD 5E 00  [..."#......m.^.
0000E5F0  6D 06 00 00 22 23 00 00  30 06 F0 0D 7C FB 97 FF  m..."#..0...|...
0000E600  10 02 00 00 22 23 00 00  90 06 00 10 00 00 F8 FD  ...."#..........
0000E610  E9 FE 00 00 22 23 00 00  D0 04 F0 0E 47 FD 19 FE  ...."#......G...
0000E620  3C 03 00 00 22 23 00 00  F0 07 00 10 01 00 26 01  <..."#........&.
0000E630  FE FA 00 00 22 23 00 00  D0 07 F0 0D 65 03 CD 00  ...."#......e...
0000E640  F7 FD 00 00 22 23 00 00  90 06 00 10 00 00 F8 FD  ...."#..........
0000E650  E9 FE 00 00 22 23 00 00  90 06 00 10 00 00 F8 FD  ...."#..........
0000E660  E9 FE 00 00 22 23 00 00  D0 07 F0 0D 85 FC B8 00  ...."#..........
0000E670  AC FD 00 00 22 23 00 00  F0 07 00 10 01 00 26 01  ...."#........&.
0000E680  FE FA 00 00 22 23 00 00  70 04 D0 0C 33 04 97 00  ...."#..p...3...
0000E690  89 05 00 00 22 23 00 00  E5 03 30 0D EA 03 00 00  ...."#....0.....
0000E6A0  9B 05 00 00 22 23 00 00  30 06 F0 0D 84 04 97 FF  ...."#..0.......
0000E6B0  10 02 00 00 22 23 00 00  70 04 D0 0C CD FB 97 00  ...."#..p.......
0000E6C0  89 05 00 00 22 23 00 00  90 06 90 0C F0 FA 49 01  ...."#........I.
0000E6D0  C4 01 00 00 22 23 00 00  30 06 F0 0D 7C FB 97 FF  ...."#..0...|...
0000E6E0  10 02 00 00 22 23 00 00  90 06 00 10 00 00 F8 FD  ...."#..........
0000E6F0  E9 FE 00 00 22 23 00 00  D0 04 B0 0F 3E FF C9 FC  ...."#......>...
0000E700  E9 04 00 00 22 23 00 00  D0 04 F0 0E 47 FD 19 FE  ...."#......G...
0000E710  3C 03 00 00 22 23 00 00  90 06 00 10 00 00 F8 FD  <..."#..........
0000E720  E9 FE 00 00 22 23 00 00  D0 04 B0 0F C2 00 C9 FC  ...."#..........
0000E730  E9 04 00 00 22 23 00 00  D0 04 70 10 3E FF C9 FC  ...."#....p.>...
0000E740  E9 04 00 00 22 23 00 00  B0 09 10 08 28 FF 67 FD  ...."#......(.g.
0000E750  0F 06 00 00 22 23 00 00  85 0A F0 06 00 00 81 FF  ...."#..........
0000E760  EF 06 00 00 22 23 00 00  50 09 F0 06 04 FF 79 FF  ...."#..P.....y.
0000E770  A3 06 00 00 22 23 00 00  B0 09 10 08 D8 00 67 FD  ...."#........g.
0000E780  0F 06 00 00 22 23 00 00  85 0A F0 06 00 00 81 FF  ...."#..........
0000E790  EF 06 00 00 22 23 00 00  85 0A 10 08 00 00 60 FD  ...."#........`.
0000E7A0  3F 06 00 00 22 23 00 00  70 04 D0 0C 33 04 97 00  ?..."#..p...3...
0000E7B0  89 05 00 00 22 23 00 00  90 06 90 0C 10 05 49 01  ...."#........I.
0000E7C0  C4 01 00 00 22 23 00 00  90 04 50 0A 75 04 03 03  ...."#....P.u...
0000E7D0  56 05 00 00 22 23 00 00  90 04 50 0A 75 04 03 03  V..."#....P.u...
0000E7E0  56 05 00 00 22 23 00 00  90 02 50 0B 7D 02 F1 01  V..."#....P.}...
0000E7F0  A9 06 00 00 22 23 00 00  70 04 D0 0C 33 04 97 00  ...."#..p...3...
0000E800  89 05 00 00 22 23 00 00  90 02 50 0B 83 FD F1 01  ...."#....P.....
0000E810  A9 06 00 00 22 23 00 00  90 04 50 0A 8B FB 03 03  ...."#....P.....
0000E820  56 05 00 00 22 23 00 00  70 04 D0 0C CD FB 97 00  V..."#..p.......
0000E830  89 05 00 00 22 23 00 00  B0 00 D0 0B B1 00 35 01  ...."#........5.
0000E840  C3 07 00 00 22 23 00 00  10 00 30 0C 00 00 C1 00  ...."#....0.....
0000E850  12 08 00 00 22 23 00 00  30 01 70 0C 28 01 DE 00  ...."#..0.p.(...
0000E860  7A 07 00 00 22 23 00 00  B0 00 D0 0B 4F FF 35 01  z..."#......O.5.
0000E870  C3 07 00 00 22 23 00 00  30 01 70 0C 18 FF BA 00  ...."#..0.p.....
0000E880  A1 07 00 00 22 23 00 00  10 00 30 0C 00 00 C1 00  ...."#....0.....
0000E890  12 08 00 00 22 23 00 00  B0 09 10 08 D8 00 67 FD  ...."#........g.
0000E8A0  0F 06 00 00 22 23 00 00  50 09 F0 06 14 01 A2 FF  ...."#..P.......
0000E8B0  BE 06 00 00 22 23 00 00  85 0A F0 06 00 00 81 FF  ...."#..........
0000E8C0  EF 06 00 00 22 23 00 00  90 02 50 0B 7D 02 F1 01  ...."#....P.}...
0000E8D0  A9 06 00 00 22 23 00 00  D0 02 F0 0C 9E 02 98 00  ...."#..........
0000E8E0  51 06 00 00 22 23 00 00  70 04 D0 0C 33 04 97 00  Q..."#..p...3...
0000E8F0  89 05 00 00 22 23 00 00  90 02 50 0B 83 FD F1 01  ...."#....P.....
0000E900  A9 06 00 00 22 23 00 00  30 01 70 0C 18 FF BA 00  ...."#..0.p.....
0000E910  A1 07 00 00 22 23 00 00  B0 00 D0 0B 4F FF 35 01  ...."#......O.5.
0000E920  C3 07 00 00 22 23 00 00  90 06 90 0C F0 FA 49 01  ...."#........I.
0000E930  C4 01 00 00 22 23 00 00  90 06 00 10 00 00 F8 FD  ...."#..........
0000E940  E9 FE 00 00 22 23 00 00  30 06 F0 0D 7C FB 97 FF  ...."#..0...|...
0000E950  10 02 00 00 22 23 00 00  D0 04 F0 0E B9 02 19 FE  ...."#..........
0000E960  3C 03 00 00 22 23 00 00  90 06 00 10 00 00 F8 FD  <..."#..........
0000E970  E9 FE 00 00 22 23 00 00  30 06 F0 0D 84 04 97 FF  ...."#..0.......
0000E980  10 02 00 00 22 23 00 00  70 04 D0 0C CD FB 97 00  ...."#..p.......
0000E990  89 05 00 00 22 23 00 00  90 04 50 0A 8B FB 03 03  ...."#....P.....
0000E9A0  56 05 00 00 22 23 00 00  90 06 90 0C F0 FA 49 01  V..."#........I.
0000E9B0  C4 01 00 00 22 23 00 00  70 04 D0 0C 33 04 97 00  ...."#..p...3...
0000E9C0  89 05 00 00 22 23 00 00  30 06 F0 0D 84 04 97 FF  ...."#..0.......
0000E9D0  10 02 00 00 22 23 00 00  90 06 90 0C 10 05 49 01  ...."#........I.
0000E9E0  C4 01 00 00 22 23 00 00  90 0A 90 05 00 00 69 00  ...."#........i.
0000E9F0  81 07 00 00 22 23 00 00  85 0A 90 06 00 00 C7 FF  ...."#..........
0000EA00  6E 07 00 00 22 23 00 00  30 09 90 06 21 01 EA FF  n..."#..0...!...
0000EA10  19 07 00 00 22 23 00 00  30 09 90 06 06 FF B9 FF  ...."#..0.......
0000EA20  4E 07 00 00 22 23 00 00  85 0A 90 06 00 00 C7 FF  N..."#..........
0000EA30  6E 07 00 00 22 23 00 00  90 0A 90 05 00 00 69 00  n..."#........i.
0000EA40  81 07 00 00 22 23 00 00  90 0A 90 05 00 00 69 00  ...."#........i.
0000EA50  81 07 00 00 22 23 00 00  30 09 90 05 3F 01 A8 00  ...."#..0...?...
0000EA60  2D 07 00 00 22 23 00 00  50 09 50 05 28 01 DE 00  -..."#..P.P.(...
0000EA70  7A 07 00 00 22 23 00 00  90 0A 90 05 00 00 69 00  z..."#........i.
0000EA80  81 07 00 00 22 23 00 00  30 09 90 05 01 FF 74 00  ...."#..0.....t.
0000EA90  5B 07 00 00 22 23 00 00  30 09 90 06 06 FF B9 FF  [..."#..0.......
0000EAA0  4E 07 00 00 22 23 00 00  50 09 50 05 28 01 DE 00  N..."#..P.P.(...
0000EAB0  7A 07 00 00 22 23 00 00  30 09 90 05 3F 01 A8 00  z..."#..0...?...
0000EAC0  2D 07 00 00 22 23 00 00  F0 07 30 04 7D 02 F1 01  -..."#....0.}...
0000EAD0  A9 06 00 00 22 23 00 00  30 09 90 06 21 01 EA FF  ...."#..0...!...
0000EAE0  19 07 00 00 22 23 00 00  B0 07 D0 05 9E 02 98 00  ...."#..........
0000EAF0  51 06 00 00 22 23 00 00  30 09 90 05 3F 01 A8 00  Q..."#..0...?...
0000EB00  2D 07 00 00 22 23 00 00  D0 02 F0 0C 6D FD 5E 00  -..."#......m.^.
0000EB10  6D 06 00 00 22 23 00 00  90 02 50 0B 83 FD F1 01  m..."#....P.....
0000EB20  A9 06 00 00 22 23 00 00  70 04 D0 0C CD FB 97 00  ...."#..p.......
0000EB30  89 05 00 00 22 23 00 00  D0 02 F0 0D 74 FD C0 FE  ...."#......t...
0000EB40  C5 05 00 00 22 23 00 00  D0 02 F0 0C 6D FD 5E 00  ...."#......m.^.
0000EB50  6D 06 00 00 22 23 00 00  E5 03 30 0D 16 FC 00 00  m..."#....0.....
0000EB60  9B 05 00 00 22 23 00 00  00 00 30 0F 00 00 60 FD  ...."#....0...`.
0000EB70  3F 06 00 00 22 23 00 00  00 00 10 0E 00 00 81 FF  ?..."#..........
0000EB80  EF 06 00 00 22 23 00 00  30 FF 30 0F 28 FF 67 FD  ...."#..0.0.(.g.
0000EB90  0F 06 00 00 22 23 00 00  D0 00 F0 0F C2 00 C9 FC  ...."#..........
0000EBA0  E9 04 00 00 22 23 00 00  00 00 30 0F 00 00 60 FD  ...."#....0...`.
0000EBB0  3F 06 00 00 22 23 00 00  30 FF F0 0F 3E FF C9 FC  ?..."#..0...>...
0000EBC0  E9 04 00 00 22 23 00 00  30 FF F0 0F 3E FF C9 FC  ...."#..0...>...
0000EBD0  E9 04 00 00 22 23 00 00  00 00 30 0F 00 00 60 FD  ...."#....0...`.
0000EBE0  3F 06 00 00 22 23 00 00  30 FF 30 0F 28 FF 67 FD  ?..."#..0.0.(.g.
0000EBF0  0F 06 00 00 22 23 00 00  50 08 B0 07 83 FD F1 01  ...."#..P.......
0000EC00  A9 06 00 00 22 23 00 00  90 09 10 09 01 FF 74 00  ...."#........t.
0000EC10  5B 07 00 00 22 23 00 00  B0 09 90 08 18 FF BA 00  [..."#..........
0000EC20  A1 07 00 00 22 23 00 00  30 09 90 06 21 01 EA FF  ...."#..0...!...
0000EC30  19 07 00 00 22 23 00 00  50 09 F0 06 14 01 A2 FF  ...."#..P.......
0000EC40  BE 06 00 00 22 23 00 00  B0 07 D0 05 9E 02 98 00  ...."#..........
0000EC50  51 06 00 00 22 23 00 00  B0 07 D0 06 74 FD C0 FE  Q..."#......t...
0000EC60  C5 05 00 00 22 23 00 00  50 09 F0 06 04 FF 79 FF  ...."#..P.....y.
0000EC70  A3 06 00 00 22 23 00 00  B0 07 D0 05 6D FD 5E 00  ...."#......m.^.
0000EC80  6D 06 00 00 22 23 00 00  85 0A F0 06 00 00 81 FF  m..."#..........
0000EC90  EF 06 00 00 22 23 00 00  30 09 90 06 06 FF B9 FF  ...."#..0.......
0000ECA0  4E 07 00 00 22 23 00 00  50 09 F0 06 04 FF 79 FF  N..."#..P.....y.
0000ECB0  A3 06 00 00 22 23 00 00  50 09 F0 06 14 01 A2 FF  ...."#..P.......
0000ECC0  BE 06 00 00 22 23 00 00  30 09 90 06 21 01 EA FF  ...."#..0...!...
0000ECD0  19 07 00 00 22 23 00 00  85 0A F0 06 00 00 81 FF  ...."#..........
0000ECE0  EF 06 00 00 22 23 00 00  B0 07 D0 05 6D FD 5E 00  ...."#......m.^.
0000ECF0  6D 06 00 00 22 23 00 00  50 09 F0 06 04 FF 79 FF  m..."#..P.....y.
0000ED00  A3 06 00 00 22 23 00 00  30 09 90 06 06 FF B9 FF  ...."#..0.......
0000ED10  4E 07 00 00 22 23 00 00  B0 07 D0 05 9E 02 98 00  N..."#..........
0000ED20  51 06 00 00 22 23 00 00  50 09 F0 06 14 01 A2 FF  Q..."#..P.......
0000ED30  BE 06 00 00 22 23 00 00  B0 07 D0 06 8C 02 C0 FE  ...."#..........
0000ED40  C5 05 00 00 22 23 00 00  F0 07 30 04 7D 02 F1 01  ...."#....0.}...
0000ED50  A9 06 00 00 22 23 00 00  30 09 90 05 3F 01 A8 00  ...."#..0...?...
0000ED60  2D 07 00 00 22 23 00 00  B0 07 D0 05 9E 02 98 00  -..."#..........
0000ED70  51 06 00 00 22 23 00 00  E5 03 30 0D 16 FC 00 00  Q..."#....0.....
0000ED80  9B 05 00 00 22 23 00 00  D0 02 F0 0C 6D FD 5E 00  ...."#......m.^.
0000ED90  6D 06 00 00 22 23 00 00  70 04 D0 0C CD FB 97 00  m..."#..p.......
0000EDA0  89 05 00 00 22 23 00 00  D0 02 F0 0C 9E 02 98 00  ...."#..........
0000EDB0  51 06 00 00 22 23 00 00  D0 02 F0 0D 8C 02 C0 FE  Q..."#..........
0000EDC0  C5 05 00 00 22 23 00 00  E5 03 30 0D EA 03 00 00  ...."#....0.....
0000EDD0  9B 05 00 00 22 23 00 00  30 06 F0 0D 84 04 97 FF  ...."#..0.......
0000EDE0  10 02 00 00 22 23 00 00  E5 03 30 0D EA 03 00 00  ...."#....0.....
0000EDF0  9B 05 00 00 22 23 00 00  10 05 90 0E B9 02 19 FE  ...."#..........
0000EE00  3C 03 00 00 22 23 00 00  30 06 F0 0D 7C FB 97 FF  <..."#..0...|...
0000EE10  10 02 00 00 22 23 00 00  E5 03 30 0D 16 FC 00 00  ...."#....0.....
0000EE20  9B 05 00 00 22 23 00 00  70 04 D0 0C CD FB 97 00  ...."#..p.......
0000EE30  89 05 00 00 22 23 00 00  D0 07 F0 0D 85 FC B8 00  ...."#..........
0000EE40  AC FD 00 00 22 23 00 00  90 06 00 10 00 00 F8 FD  ...."#..........
0000EE50  E9 FE 00 00 22 23 00 00  90 06 90 0C F0 FA 49 01  ...."#........I.
0000EE60  C4 01 00 00 22 23 00 00  90 06 00 10 00 00 F8 FD  ...."#..........
0000EE70  E9 FE 00 00 22 23 00 00  90 06 90 0C 10 05 49 01  ...."#........I.
0000EE80  C4 01 00 00 22 23 00 00  30 06 F0 0D 84 04 97 FF  ...."#..0.......
0000EE90  10 02 00 00 22 23 00 00  90 0A 90 05 00 00 69 00  ...."#........i.
0000EEA0  81 07 00 00 22 23 00 00  50 09 50 05 28 01 DE 00  ...."#..P.P.(...
0000EEB0  7A 07 00 00 22 23 00 00  70 0A 10 05 00 00 C1 00  z..."#..p.......
0000EEC0  12 08 00 00 22 23 00 00  50 09 10 05 18 FF BA 00  ...."#..P.......
0000EED0  A1 07 00 00 22 23 00 00  90 0A 90 05 00 00 69 00  ...."#........i.
0000EEE0  81 07 00 00 22 23 00 00  70 0A 10 05 00 00 C1 00  ...."#..p.......
0000EEF0  12 08 00 00 22 23 00 00  10 05 90 0E 47 FD 19 FE  ...."#......G...
0000EF00  3C 03 00 00 22 23 00 00  D0 00 F0 0F 3E FF C9 FC  <..."#......>...
0000EF10  E9 04 00 00 22 23 00 00  D0 02 F0 0D 74 FD C0 FE  ...."#......t...
0000EF20  C5 05 00 00 22 23 00 00  D0 00 F0 0F C2 00 C9 FC  ...."#..........
0000EF30  E9 04 00 00 22 23 00 00  D0 02 F0 0D 8C 02 C0 FE  ...."#..........
0000EF40  C5 05 00 00 22 23 00 00  D0 00 30 0F D8 00 67 FD  ...."#....0...g.
0000EF50  0F 06 00 00 22 23 00 00  10 05 90 0E B9 02 19 FE  ...."#..........
0000EF60  3C 03 00 00 22 23 00 00  E5 03 30 0D EA 03 00 00  <..."#....0.....
0000EF70  9B 05 00 00 22 23 00 00  D0 02 F0 0D 8C 02 C0 FE  ...."#..........
0000EF80  C5 05 00 00 22 23 00 00  10 05 90 0E 47 FD 19 FE  ...."#......G...
0000EF90  3C 03 00 00 22 23 00 00  E5 03 30 0D 16 FC 00 00  <..."#....0.....
0000EFA0  9B 05 00 00 22 23 00 00  30 06 F0 0D 7C FB 97 FF  ...."#..0...|...
0000EFB0  10 02 00 00 01 00 00 00  08 00 00 00 02 00 0B 7C  ...............|
0000EFC0  08 00 00 00 03 00 00 00  00 02 00 00 1E 00 10 29  ...............)
0000EFD0  00 00 00 00 00 00 00 00  00 00 00 00 00 00 00 00  ................
0000EFE0  00 00 00 00 22 23 00 00  30 0E B0 0E 9E FE F6 FF  ...."#..0.......
0000EFF0  B0 06 00 00 22 23 00 00  00 10 B0 0E 00 00 15 00  ...."#..........
0000F000  15 07 00 00 22 23 00 00  B0 0E 10 0D F3 FE CD 00  ...."#..........
0000F010  8A 07 00 00 22 23 00 00  00 10 B0 0E 00 00 15 00  ...."#..........
0000F020  15 07 00 00 22 23 00 00  D0 11 B0 0E 62 01 F6 FF  ...."#......b...
0000F030  B0 06 00 00 22 23 00 00  50 11 10 0D 0D 01 CD 00  ...."#..P.......
0000F040  8A 07 00 00 22 23 00 00  D0 11 B0 0E 62 01 F6 FF  ...."#......b...
0000F050  B0 06 00 00 22 23 00 00  10 12 10 0D 9D 01 F2 00  ...."#..........
0000F060  23 07 00 00 22 23 00 00  50 11 10 0D 0D 01 CD 00  #..."#..P.......
0000F070  8A 07 00 00 22 23 00 00  30 0E F0 0F A9 FE 17 FF  ...."#..0.......
0000F080  57 06 00 00 22 23 00 00  00 10 F0 0F 00 00 3E FF  W..."#........>.
0000F090  C6 06 00 00 22 23 00 00  30 0E B0 0E 9E FE F6 FF  ...."#..0.......
0000F0A0  B0 06 00 00 22 23 00 00  00 10 F0 0F 00 00 3E FF  ...."#........>.
0000F0B0  C6 06 00 00 22 23 00 00  D0 11 F0 0F 57 01 17 FF  ...."#......W...
0000F0C0  57 06 00 00 22 23 00 00  D0 11 B0 0E 62 01 F6 FF  W..."#......b...
0000F0D0  B0 06 00 00 22 23 00 00  00 10 F0 0F 00 00 3E FF  ...."#........>.
0000F0E0  C6 06 00 00 22 23 00 00  D0 11 B0 0E 62 01 F6 FF  ...."#......b...
0000F0F0  B0 06 00 00 22 23 00 00  00 10 B0 0E 00 00 15 00  ...."#..........
0000F100  15 07 00 00 22 23 00 00  30 0E B0 0E 9E FE F6 FF  ...."#..0.......
0000F110  B0 06 00 00 22 23 00 00  00 10 F0 0F 00 00 3E FF  ...."#........>.
0000F120  C6 06 00 00 22 23 00 00  00 10 B0 0E 00 00 15 00  ...."#..........
0000F130  15 07 00 00 22 23 00 00  F0 0D 10 0D 63 FE F2 00  ...."#......c...
0000F140  23 07 00 00 22 23 00 00  30 0E B0 0E 9E FE F6 FF  #..."#..0.......
0000F150  B0 06 00 00 22 23 00 00  B0 0E 10 0D F3 FE CD 00  ...."#..........
0000F160  8A 07 00 00 22 23 00 00  00 10 B0 0E 00 00 15 00  ...."#..........
0000F170  15 07 00 00 22 23 00 00  50 11 10 0D 0D 01 CD 00  ...."#..P.......
0000F180  8A 07 00 00 22 23 00 00  00 10 10 0D 00 00 DB 00  ...."#..........
0000F190  DC 07 00 00 22 23 00 00  B0 0E 10 0D F3 FE CD 00  ...."#..........
0000F1A0  8A 07 00 00 22 23 00 00  00 10 B0 0E 00 00 15 00  ...."#..........
0000F1B0  15 07 00 00 22 23 00 00  00 10 10 0D 00 00 DB 00  ...."#..........
0000F1C0  DC 07 00 00 04 00 00 00  20 02 00 00 20 00 10 29  ........ ... ..)
0000F1D0  00 00 00 00 00 00 00 00  00 00 00 00 00 00 00 00  ................
0000F1E0  00 00 00 00 22 23 00 00  90 13 10 0D 7A 02 CC 00  ...."#......z...
0000F1F0  90 05 00 00 22 23 00 00  D0 12 10 0D 25 02 FC 00  ...."#......%...
0000F200  A3 06 00 00 22 23 00 00  D0 12 B0 0E FD 01 F9 FF  ...."#..........
0000F210  27 06 00 00 22 23 00 00  90 13 B0 0E 58 02 25 00  '..."#......X.%.
0000F220  24 05 00 00 22 23 00 00  30 0E B0 0E 9E FE F6 FF  $..."#..0.......
0000F230  B0 06 00 00 22 23 00 00  F0 0D 10 0D 63 FE F2 00  ...."#......c...
0000F240  23 07 00 00 22 23 00 00  30 0D 10 0D DB FD FC 00  #..."#..0.......
0000F250  A3 06 00 00 22 23 00 00  30 0D B0 0E 03 FE F9 FF  ...."#..0.......
0000F260  27 06 00 00 22 23 00 00  30 0E F0 0F A9 FE 17 FF  '..."#..0.......
0000F270  57 06 00 00 22 23 00 00  30 0E B0 0E 9E FE F6 FF  W..."#..0.......
0000F280  B0 06 00 00 22 23 00 00  30 0D B0 0E 03 FE F9 FF  ...."#..0.......
0000F290  27 06 00 00 22 23 00 00  30 0D F0 0F 0D FE 2C FF  '..."#..0.....,.
0000F2A0  DD 05 00 00 22 23 00 00  D0 12 F0 0F F3 01 2C FF  ...."#........,.
0000F2B0  DD 05 00 00 22 23 00 00  90 13 F0 0F 52 02 54 FF  ...."#......R.T.
0000F2C0  DD 04 00 00 22 23 00 00  90 13 B0 0E 58 02 25 00  ...."#......X.%.
0000F2D0  24 05 00 00 22 23 00 00  D0 12 B0 0E FD 01 F9 FF  $..."#..........
0000F2E0  27 06 00 00 22 23 00 00  D0 12 10 0D 25 02 FC 00  '..."#......%...
0000F2F0  A3 06 00 00 22 23 00 00  10 12 10 0D 9D 01 F2 00  ...."#..........
0000F300  23 07 00 00 22 23 00 00  D0 11 B0 0E 62 01 F6 FF  #..."#......b...
0000F310  B0 06 00 00 22 23 00 00  D0 12 B0 0E FD 01 F9 FF  ...."#..........
0000F320  27 06 00 00 22 23 00 00  D0 11 F0 0F 57 01 17 FF  '..."#......W...
0000F330  57 06 00 00 22 23 00 00  D0 12 F0 0F F3 01 2C FF  W..."#........,.
0000F340  DD 05 00 00 22 23 00 00  D0 12 B0 0E FD 01 F9 FF  ...."#..........
0000F350  27 06 00 00 22 23 00 00  D0 11 B0 0E 62 01 F6 FF  '..."#......b...
0000F360  B0 06 00 00 22 23 00 00  30 0D B0 0E 03 FE F9 FF  ...."#..0.......
0000F370  27 06 00 00 22 23 00 00  30 0D 10 0D DB FD FC 00  '..."#..0.......
0000F380  A3 06 00 00 22 23 00 00  70 0C 10 0D 86 FD CC 00  ...."#..p.......
0000F390  90 05 00 00 22 23 00 00  70 0C B0 0E A8 FD 25 00  ...."#..p.....%.
0000F3A0  24 05 00 00 22 23 00 00  30 0D F0 0F 0D FE 2C FF  $..."#..0.....,.
0000F3B0  DD 05 00 00 22 23 00 00  30 0D B0 0E 03 FE F9 FF  ...."#..0.......
0000F3C0  27 06 00 00 22 23 00 00  70 0C B0 0E A8 FD 25 00  '..."#..p.....%.
0000F3D0  24 05 00 00 22 23 00 00  70 0C F0 0F AE FD 54 FF  $..."#..p.....T.
0000F3E0  DD 04 00 00 01 00 00 00  08 00 00 00 02 00 00 7C  ...............|
0000F3F0  08 00 00 00 03 00 00 00  60 02 00 00 24 00 10 29  ........`...$..)
0000F400  00 00 00 00 00 00 00 00  00 00 00 00 00 00 00 00  ................
0000F410  00 00 00 00 22 23 00 00  30 01 F0 07 E3 FC AD 00  ...."#..0.......
0000F420  FB FF 00 00 22 23 00 00  0F 03 F0 07 EA FC 3F FD  ...."#........?.
0000F430  1C 01 00 00 22 23 00 00  0F 03 30 06 3F FE 5D FE  ...."#....0.?.].
0000F440  FF 02 00 00 22 23 00 00  0F 03 30 06 3F FE 5D FE  ...."#....0.?.].
0000F450  FF 02 00 00 22 23 00 00  0F 03 F0 07 EA FC 3F FD  ...."#........?.
0000F460  1C 01 00 00 22 23 00 00  50 04 30 07 5B FE A5 FA  ...."#..P.0.[...
0000F470  11 02 00 00 22 23 00 00  B0 FF 10 07 62 00 AD 03  ...."#......b...
0000F480  58 FF 00 00 22 23 00 00  30 01 F0 07 E3 FC AD 00  X..."#..0.......
0000F490  FB FF 00 00 22 23 00 00  30 01 30 06 67 FF F4 01  ...."#..0.0.g...
0000F4A0  D9 02 00 00 22 23 00 00  30 01 F0 07 E3 FC AD 00  ...."#..0.......
0000F4B0  FB FF 00 00 22 23 00 00  0F 03 30 06 3F FE 5D FE  ...."#....0.?.].
0000F4C0  FF 02 00 00 22 23 00 00  30 01 30 06 67 FF F4 01  ...."#..0.0.g...
0000F4D0  D9 02 00 00 22 23 00 00  30 01 F0 07 E3 FC AD 00  ...."#..0.......
0000F4E0  FB FF 00 00 22 23 00 00  30 01 10 07 8A FF CC 00  ...."#..0.......
0000F4F0  8B 00 00 00 22 23 00 00  0F 03 10 07 A8 FE 9A FD  ...."#..........
0000F500  50 01 00 00 22 23 00 00  30 01 F0 07 E3 FC AD 00  P..."#..0.......
0000F510  FB FF 00 00 22 23 00 00  0F 03 10 07 A8 FE 9A FD  ...."#..........
0000F520  50 01 00 00 22 23 00 00  0F 03 F0 07 EA FC 3F FD  P..."#........?.
0000F530  1C 01 00 00 22 23 00 00  0F 03 10 07 A8 FE 9A FD  ...."#..........
0000F540  50 01 00 00 22 23 00 00  50 04 30 07 5B FE A5 FA  P..."#..P.0.[...
0000F550  11 02 00 00 22 23 00 00  0F 03 F0 07 EA FC 3F FD  ...."#........?.
0000F560  1C 01 00 00 22 23 00 00  B0 FF 10 07 62 00 AD 03  ...."#......b...
0000F570  58 FF 00 00 22 23 00 00  30 01 10 07 8A FF CC 00  X..."#..0.......
0000F580  8B 00 00 00 22 23 00 00  30 01 F0 07 E3 FC AD 00  ...."#..0.......
0000F590  FB FF 00 00 22 23 00 00  0F 03 30 06 3F FE 5D FE  ...."#....0.?.].
0000F5A0  FF 02 00 00 22 23 00 00  50 04 30 07 5B FE A5 FA  ...."#..P.0.[...
0000F5B0  11 02 00 00 22 23 00 00  0F 03 10 07 A8 FE 9A FD  ...."#..........
0000F5C0  50 01 00 00 22 23 00 00  30 01 10 07 8A FF CC 00  P..."#..0.......
0000F5D0  8B 00 00 00 22 23 00 00  30 01 30 06 67 FF F4 01  ...."#..0.0.g...
0000F5E0  D9 02 00 00 22 23 00 00  0F 03 30 06 3F FE 5D FE  ...."#....0.?.].
0000F5F0  FF 02 00 00 22 23 00 00  30 01 10 07 8A FF CC 00  ...."#..0.......
0000F600  8B 00 00 00 22 23 00 00  0F 03 30 06 3F FE 5D FE  ...."#....0.?.].
0000F610  FF 02 00 00 22 23 00 00  0F 03 10 07 A8 FE 9A FD  ...."#..........
0000F620  50 01 00 00 22 23 00 00  B0 FF 10 07 62 00 AD 03  P..."#......b...
0000F630  58 FF 00 00 22 23 00 00  30 01 30 06 67 FF F4 01  X..."#..0.0.g...
0000F640  D9 02 00 00 22 23 00 00  30 01 10 07 8A FF CC 00  ...."#..0.......
0000F650  8B 00 00 00 01 00 00 00  08 00 00 00 02 00 00 7C  ...............|
0000F660  08 00 00 00 03 00 00 00  60 02 00 00 24 00 10 29  ........`...$..)
0000F670  00 00 00 00 00 00 00 00  00 00 00 00 00 00 00 00  ................
0000F680  00 00 00 00 22 23 00 00  0F 03 F0 07 20 FB 78 FE  ...."#...... .x.
0000F690  0F 01 00 00 22 23 00 00  50 04 30 07 60 FD 38 FB  ...."#..P.0.`.8.
0000F6A0  BE 01 00 00 22 23 00 00  0F 03 30 06 98 FD A4 FE  ...."#....0.....
0000F6B0  6A 02 00 00 22 23 00 00  30 01 30 06 D6 FE 4C 02  j..."#..0.0...L.
0000F6C0  DA 01 00 00 22 23 00 00  30 01 F0 07 36 FB F2 01  ...."#..0...6...
0000F6D0  E8 FF 00 00 22 23 00 00  0F 03 F0 07 20 FB 78 FE  ...."#...... .x.
0000F6E0  0F 01 00 00 22 23 00 00  30 01 30 06 D6 FE 4C 02  ...."#..0.0...L.
0000F6F0  DA 01 00 00 22 23 00 00  0F 03 F0 07 20 FB 78 FE  ...."#...... .x.
0000F700  0F 01 00 00 22 23 00 00  0F 03 30 06 98 FD A4 FE  ...."#....0.....
0000F710  6A 02 00 00 22 23 00 00  B0 FF 10 07 3F FE 9D 03  j..."#......?...
0000F720  EF FD 00 00 22 23 00 00  30 01 F0 07 36 FB F2 01  ...."#..0...6...
0000F730  E8 FF 00 00 22 23 00 00  30 01 30 06 D6 FE 4C 02  ...."#..0.0...L.
0000F740  DA 01 00 00 22 23 00 00  0F 03 F0 07 20 FB 78 FE  ...."#...... .x.
0000F750  0F 01 00 00 22 23 00 00  0F 03 10 07 14 FD 22 FE  ...."#........".
0000F760  D0 00 00 00 22 23 00 00  50 04 30 07 60 FD 38 FB  ...."#..P.0.`.8.
0000F770  BE 01 00 00 22 23 00 00  30 01 10 07 CC FD 49 01  ...."#..0.....I.
0000F780  79 FF 00 00 22 23 00 00  0F 03 10 07 14 FD 22 FE  y..."#........".
0000F790  D0 00 00 00 22 23 00 00  0F 03 F0 07 20 FB 78 FE  ...."#...... .x.
0000F7A0  0F 01 00 00 22 23 00 00  30 01 10 07 CC FD 49 01  ...."#..0.....I.
0000F7B0  79 FF 00 00 22 23 00 00  0F 03 F0 07 20 FB 78 FE  y..."#...... .x.
0000F7C0  0F 01 00 00 22 23 00 00  30 01 F0 07 36 FB F2 01  ...."#..0...6...
0000F7D0  E8 FF 00 00 22 23 00 00  B0 FF 10 07 3F FE 9D 03  ...."#......?...
0000F7E0  EF FD 00 00 22 23 00 00  30 01 10 07 CC FD 49 01  ...."#..0.....I.
0000F7F0  79 FF 00 00 22 23 00 00  30 01 F0 07 36 FB F2 01  y..."#..0...6...
0000F800  E8 FF 00 00 22 23 00 00  0F 03 10 07 14 FD 22 FE  ...."#........".
0000F810  D0 00 00 00 22 23 00 00  0F 03 30 06 98 FD A4 FE  ...."#....0.....
0000F820  6A 02 00 00 22 23 00 00  50 04 30 07 60 FD 38 FB  j..."#..P.0.`.8.
0000F830  BE 01 00 00 22 23 00 00  30 01 30 06 D6 FE 4C 02  ...."#..0.0...L.
0000F840  DA 01 00 00 22 23 00 00  0F 03 30 06 98 FD A4 FE  ...."#....0.....
0000F850  6A 02 00 00 22 23 00 00  0F 03 10 07 14 FD 22 FE  j..."#........".
0000F860  D0 00 00 00 22 23 00 00  30 01 30 06 D6 FE 4C 02  ...."#..0.0...L.
0000F870  DA 01 00 00 22 23 00 00  0F 03 10 07 14 FD 22 FE  ...."#........".
0000F880  D0 00 00 00 22 23 00 00  30 01 10 07 CC FD 49 01  ...."#..0.....I.
0000F890  79 FF 00 00 22 23 00 00  B0 FF 10 07 3F FE 9D 03  y..."#......?...
0000F8A0  EF FD 00 00 22 23 00 00  30 01 30 06 D6 FE 4C 02  ...."#..0.0...L.
0000F8B0  DA 01 00 00 22 23 00 00  30 01 10 07 CC FD 49 01  ...."#..0.....I.
0000F8C0  79 FF 00 00 01 00 00 00  08 00 00 00 02 00 00 7C  y..............|
0000F8D0  08 00 00 00 03 00 00 00  C0 02 00 00 2A 00 10 29  ............*..)
0000F8E0  00 00 00 00 00 00 00 00  00 00 00 00 00 00 00 00  ................
0000F8F0  00 00 00 00 22 23 00 00  30 01 10 07 3F FE 83 03  ...."#..0...?...
0000F900  BF 02 00 00 22 23 00 00  0F 03 10 07 36 FD 1F 00  ...."#......6...
0000F910  1D 04 00 00 22 23 00 00  0F 03 30 06 95 FE 4A FF  ...."#....0...J.
0000F920  3D 03 00 00 22 23 00 00  30 01 10 07 3F FE 83 03  =..."#..0...?...
0000F930  BF 02 00 00 22 23 00 00  0F 03 30 06 95 FE 4A FF  ...."#....0...J.
0000F940  3D 03 00 00 22 23 00 00  30 01 30 06 B4 00 69 02  =..."#..0.0...i.
0000F950  D5 00 00 00 22 23 00 00  50 04 30 07 07 FD 3F FB  ...."#..P.0...?.
0000F960  D3 03 00 00 22 23 00 00  0F 03 30 06 95 FE 4A FF  ...."#....0...J.
0000F970  3D 03 00 00 22 23 00 00  0F 03 10 07 36 FD 1F 00  =..."#......6...
0000F980  1D 04 00 00 22 23 00 00  B0 FF 10 07 74 FE 08 04  ...."#......t...
0000F990  21 00 00 00 22 23 00 00  30 01 10 07 3F FE 83 03  !..."#..0...?...
0000F9A0  BF 02 00 00 22 23 00 00  30 01 30 06 B4 00 69 02  ...."#..0.0...i.
0000F9B0  D5 00 00 00 22 23 00 00  50 04 10 06 2A FE 70 FB  ...."#..P...*.p.
0000F9C0  D6 03 00 00 22 23 00 00  10 02 B0 05 72 FF 03 FF  ...."#......r...
0000F9D0  60 03 00 00 22 23 00 00  10 02 10 06 95 FE 4A FF  `..."#........J.
0000F9E0  3D 03 00 00 22 23 00 00  10 02 B0 05 72 FF 03 FF  =..."#......r...
0000F9F0  60 03 00 00 22 23 00 00  F0 FF 10 06 B4 00 69 02  `..."#........i.
0000FA00  D5 00 00 00 22 23 00 00  10 02 10 06 95 FE 4A FF  ...."#........J.
0000FA10  3D 03 00 00 22 23 00 00  B0 FF 10 07 74 FE 08 04  =..."#......t...
0000FA20  21 00 00 00 22 23 00 00  30 01 F0 07 37 FC CA 02  !..."#..0...7...
0000FA30  46 01 00 00 22 23 00 00  30 01 10 07 3F FE 83 03  F..."#..0...?...
0000FA40  BF 02 00 00 22 23 00 00  30 01 F0 07 37 FC CA 02  ...."#..0...7...
0000FA50  46 01 00 00 22 23 00 00  0F 03 F0 07 D7 FB 61 FF  F..."#........a.
0000FA60  F8 02 00 00 22 23 00 00  0F 03 10 07 36 FD 1F 00  ...."#......6...
0000FA70  1D 04 00 00 22 23 00 00  50 04 30 07 07 FD 3F FB  ...."#..P.0...?.
0000FA80  D3 03 00 00 22 23 00 00  0F 03 10 07 36 FD 1F 00  ...."#......6...
0000FA90  1D 04 00 00 22 23 00 00  0F 03 F0 07 D7 FB 61 FF  ...."#........a.
0000FAA0  F8 02 00 00 22 23 00 00  30 01 F0 07 37 FC CA 02  ...."#..0...7...
0000FAB0  46 01 00 00 22 23 00 00  0F 03 10 07 36 FD 1F 00  F..."#......6...
0000FAC0  1D 04 00 00 22 23 00 00  30 01 10 07 3F FE 83 03  ...."#..0...?...
0000FAD0  BF 02 00 00 22 23 00 00  50 04 30 07 07 FD 3F FB  ...."#..P.0...?.
0000FAE0  D3 03 00 00 22 23 00 00  0F 03 F0 07 D7 FB 61 FF  ...."#........a.
0000FAF0  F8 02 00 00 22 23 00 00  0F 03 30 06 95 FE 4A FF  ...."#....0...J.
0000FB00  3D 03 00 00 22 23 00 00  30 01 30 06 B4 00 69 02  =..."#..0.0...i.
0000FB10  D5 00 00 00 22 23 00 00  30 01 F0 07 37 FC CA 02  ...."#..0...7...
0000FB20  46 01 00 00 22 23 00 00  B0 FF 10 07 74 FE 08 04  F..."#......t...
0000FB30  21 00 00 00 22 23 00 00  30 01 F0 07 37 FC CA 02  !..."#..0...7...
0000FB40  46 01 00 00 22 23 00 00  30 01 30 06 B4 00 69 02  F..."#..0.0...i.
0000FB50  D5 00 00 00 22 23 00 00  0F 03 30 06 95 FE 4A FF  ...."#....0...J.
0000FB60  3D 03 00 00 22 23 00 00  30 01 F0 07 37 FC CA 02  =..."#..0...7...
0000FB70  46 01 00 00 22 23 00 00  0F 03 30 06 95 FE 4A FF  F..."#....0...J.
0000FB80  3D 03 00 00 22 23 00 00  0F 03 F0 07 D7 FB 61 FF  =..."#........a.
0000FB90  F8 02 00 00 01 00 00 00  08 00 00 00 02 00 00 7C  ...............|
0000FBA0  08 00 00 00 03 00 00 00  60 02 00 00 24 00 10 29  ........`...$..)
0000FBB0  00 00 00 00 00 00 00 00  00 00 00 00 00 00 00 00  ................
0000FBC0  00 00 00 00 22 23 00 00  30 01 30 06 B1 02 03 02  ...."#..0.0.....
0000FBD0  EF FE 00 00 22 23 00 00  30 01 F0 07 28 00 CE 02  ...."#..0...(...
0000FBE0  D0 01 00 00 22 23 00 00  10 03 B0 07 3D 01 2E 00  ...."#......=...
0000FBF0  F8 02 00 00 22 23 00 00  30 01 30 06 B1 02 03 02  ...."#..0.0.....
0000FC00  EF FE 00 00 22 23 00 00  10 03 B0 07 3D 01 2E 00  ...."#......=...
0000FC10  F8 02 00 00 22 23 00 00  0F 03 70 06 53 03 6F FF  ...."#....p.S.o.
0000FC20  9B 00 00 00 22 23 00 00  10 03 B0 07 3D 01 2E 00  ...."#......=...
0000FC30  F8 02 00 00 22 23 00 00  50 04 30 07 B0 01 B5 FC  ...."#..P.0.....
0000FC40  E7 03 00 00 22 23 00 00  0F 03 70 06 53 03 6F FF  ...."#....p.S.o.
0000FC50  9B 00 00 00 22 23 00 00  B0 FF 10 07 77 FF 53 04  ...."#......w.S.
0000FC60  FB FD 00 00 22 23 00 00  30 01 F0 07 28 00 CE 02  ...."#..0...(...
0000FC70  D0 01 00 00 22 23 00 00  30 01 30 06 B1 02 03 02  ...."#..0.0.....
0000FC80  EF FE 00 00 22 23 00 00  30 01 10 07 17 00 9D 01  ...."#..0.......
0000FC90  E5 FF 00 00 22 23 00 00  0F 03 10 07 95 01 27 FF  ...."#........'.
0000FCA0  9B 01 00 00 22 23 00 00  10 03 B0 07 3D 01 2E 00  ...."#......=...
0000FCB0  F8 02 00 00 22 23 00 00  30 01 10 07 17 00 9D 01  ...."#..0.......
0000FCC0  E5 FF 00 00 22 23 00 00  10 03 B0 07 3D 01 2E 00  ...."#......=...
0000FCD0  F8 02 00 00 22 23 00 00  30 01 F0 07 28 00 CE 02  ...."#..0...(...
0000FCE0  D0 01 00 00 22 23 00 00  10 03 B0 07 3D 01 2E 00  ...."#......=...
0000FCF0  F8 02 00 00 22 23 00 00  0F 03 10 07 95 01 27 FF  ...."#........'.
0000FD00  9B 01 00 00 22 23 00 00  50 04 30 07 B0 01 B5 FC  ...."#..P.0.....
0000FD10  E7 03 00 00 22 23 00 00  B0 FF 10 07 77 FF 53 04  ...."#......w.S.
0000FD20  FB FD 00 00 22 23 00 00  30 01 10 07 17 00 9D 01  ...."#..0.......
0000FD30  E5 FF 00 00 22 23 00 00  30 01 F0 07 28 00 CE 02  ...."#..0...(...
0000FD40  D0 01 00 00 22 23 00 00  0F 03 10 07 95 01 27 FF  ...."#........'.
0000FD50  9B 01 00 00 22 23 00 00  0F 03 70 06 53 03 6F FF  ...."#....p.S.o.
0000FD60  9B 00 00 00 22 23 00 00  50 04 30 07 B0 01 B5 FC  ...."#..P.0.....
0000FD70  E7 03 00 00 22 23 00 00  30 01 30 06 B1 02 03 02  ...."#..0.0.....
0000FD80  EF FE 00 00 22 23 00 00  0F 03 70 06 53 03 6F FF  ...."#....p.S.o.
0000FD90  9B 00 00 00 22 23 00 00  0F 03 10 07 95 01 27 FF  ...."#........'.
0000FDA0  9B 01 00 00 22 23 00 00  30 01 30 06 B1 02 03 02  ...."#..0.0.....
0000FDB0  EF FE 00 00 22 23 00 00  0F 03 10 07 95 01 27 FF  ...."#........'.
0000FDC0  9B 01 00 00 22 23 00 00  30 01 10 07 17 00 9D 01  ...."#..0.......
0000FDD0  E5 FF 00 00 22 23 00 00  B0 FF 10 07 77 FF 53 04  ...."#......w.S.
0000FDE0  FB FD 00 00 22 23 00 00  30 01 30 06 B1 02 03 02  ...."#..0.0.....
0000FDF0  EF FE 00 00 22 23 00 00  30 01 10 07 17 00 9D 01  ...."#..0.......
0000FE00  E5 FF 00 00 01 00 00 00  08 00 00 00 02 00 00 7C  ...............|
0000FE10  08 00 00 00 03 00 00 00  60 02 00 00 24 00 10 29  ........`...$..)
0000FE20  00 00 00 00 00 00 00 00  00 00 00 00 00 00 00 00  ................
0000FE30  00 00 00 00 22 23 00 00  30 01 30 06 DE 03 4A 00  ...."#..0.0...J.
0000FE40  5F FE 00 00 22 23 00 00  30 01 F0 07 68 02 F7 01  _..."#..0...h...
0000FE50  D8 01 00 00 22 23 00 00  0F 03 F0 07 BF 02 91 FE  ...."#..........
0000FE60  DF 01 00 00 22 23 00 00  30 01 30 06 DE 03 4A 00  ...."#..0.0...J.
0000FE70  5F FE 00 00 22 23 00 00  0F 03 F0 07 BF 02 91 FE  _..."#..........
0000FE80  DF 01 00 00 22 23 00 00  0F 03 30 06 8C 03 54 FD  ...."#....0...T.
0000FE90  FC FF 00 00 22 23 00 00  0F 03 F0 07 BF 02 91 FE  ...."#..........
0000FEA0  DF 01 00 00 22 23 00 00  50 04 30 07 4F 02 E6 FA  ...."#..P.0.O...
0000FEB0  AF 01 00 00 22 23 00 00  0F 03 30 06 8C 03 54 FD  ...."#....0...T.
0000FEC0  FC FF 00 00 22 23 00 00  B0 FF 10 07 92 01 62 03  ...."#........b.
0000FED0  71 FE 00 00 22 23 00 00  30 01 F0 07 68 02 F7 01  q..."#..0...h...
0000FEE0  D8 01 00 00 22 23 00 00  30 01 30 06 DE 03 4A 00  ...."#..0.0...J.
0000FEF0  5F FE 00 00 22 23 00 00  30 01 10 07 A8 01 35 00  _..."#..0.....5.
0000FF00  F2 FF 00 00 22 23 00 00  0F 03 10 07 42 02 E8 FD  ...."#......B...
0000FF10  A1 00 00 00 22 23 00 00  0F 03 F0 07 BF 02 91 FE  ...."#..........
0000FF20  DF 01 00 00 22 23 00 00  30 01 10 07 A8 01 35 00  ...."#..0.....5.
0000FF30  F2 FF 00 00 22 23 00 00  0F 03 F0 07 BF 02 91 FE  ...."#..........
0000FF40  DF 01 00 00 22 23 00 00  30 01 F0 07 68 02 F7 01  ...."#..0...h...
0000FF50  D8 01 00 00 22 23 00 00  0F 03 F0 07 BF 02 91 FE  ...."#..........
0000FF60  DF 01 00 00 22 23 00 00  0F 03 10 07 42 02 E8 FD  ...."#......B...
0000FF70  A1 00 00 00 22 23 00 00  50 04 30 07 4F 02 E6 FA  ...."#..P.0.O...
0000FF80  AF 01 00 00 22 23 00 00  B0 FF 10 07 92 01 62 03  ...."#........b.
0000FF90  71 FE 00 00 22 23 00 00  30 01 10 07 A8 01 35 00  q..."#..0.....5.
0000FFA0  F2 FF 00 00 22 23 00 00  30 01 F0 07 68 02 F7 01  ...."#..0...h...
0000FFB0  D8 01 00 00 22 23 00 00  0F 03 10 07 42 02 E8 FD  ...."#......B...
0000FFC0  A1 00 00 00 22 23 00 00  0F 03 30 06 8C 03 54 FD  ...."#....0...T.
0000FFD0  FC FF 00 00 22 23 00 00  50 04 30 07 4F 02 E6 FA  ...."#..P.0.O...
0000FFE0  AF 01 00 00 22 23 00 00  30 01 30 06 DE 03 4A 00  ...."#..0.0...J.
0000FFF0  5F FE 00 00 22 23 00 00  0F 03 30 06 8C 03 54 FD  _..."#....0...T.
00010000  FC FF 00 00 22 23 00 00  0F 03 10 07 42 02 E8 FD  ...."#......B...
00010010  A1 00 00 00 22 23 00 00  30 01 30 06 DE 03 4A 00  ...."#..0.0...J.
00010020  5F FE 00 00 22 23 00 00  0F 03 10 07 42 02 E8 FD  _..."#......B...
00010030  A1 00 00 00 22 23 00 00  30 01 10 07 A8 01 35 00  ...."#..0.....5.
00010040  F2 FF 00 00 22 23 00 00  B0 FF 10 07 92 01 62 03  ...."#........b.
00010050  71 FE 00 00 22 23 00 00  30 01 30 06 DE 03 4A 00  q..."#..0.0...J.
00010060  5F FE 00 00 22 23 00 00  30 01 10 07 A8 01 35 00  _..."#..0.....5.
00010070  F2 FF 00 00 01 00 00 00  08 00 00 00 02 00 03 7C  ...............|
00010080  08 00 00 00 03 00 00 00  30 02 00 00 21 00 10 29  ........0...!..)
00010090  00 00 00 00 00 00 00 00  00 00 00 00 00 00 00 00  ................
000100A0  00 00 00 00 22 23 00 00  50 03 2A 05 37 0D AE FB  ...."#..P.*.7...
000100B0  00 00 00 00 22 23 00 00  A5 FF 90 04 87 04 A7 03  ...."#..........
000100C0  15 FD 00 00 22 23 00 00  A5 FF B0 05 6F 04 8F 03  ...."#......o...
000100D0  8C 02 00 00 22 23 00 00  50 03 B0 03 37 0D AE FB  ...."#..P...7...
000100E0  00 00 00 00 22 23 00 00  FA FF F0 01 61 FF F7 FF  ...."#......a...
000100F0  00 00 00 00 22 23 00 00  FA FF B0 03 87 04 A7 03  ...."#..........
00010100  15 FD 00 00 22 23 00 00  FA FF F0 01 61 FF F7 FF  ...."#......a...
00010110  00 00 00 00 22 23 00 00  50 03 B0 03 37 0D AE FB  ...."#..P...7...
00010120  00 00 00 00 22 23 00 00  FA FF B0 03 6F 04 8F 03  ...."#......o...
00010130  8C 02 00 00 22 23 00 00  8A FE F9 02 5F FF FA 04  ...."#......_...
00010140  00 00 00 00 22 23 00 00  FA FF B0 03 87 04 A7 03  ...."#..........
00010150  15 FD 00 00 22 23 00 00  FA FF F0 01 61 FF F7 FF  ...."#......a...
00010160  00 00 00 00 22 23 00 00  A5 FF 90 04 87 04 A7 03  ...."#..........
00010170  15 FD 00 00 22 23 00 00  A5 FF B0 05 6F 04 8F 03  ...."#......o...
00010180  8C 02 00 00 22 23 00 00  50 03 2A 05 37 0D AE FB  ...."#..P.*.7...
00010190  00 00 00 00 22 23 00 00  FA FF F0 01 61 FF F7 FF  ...."#......a...
000101A0  00 00 00 00 22 23 00 00  FA FF B0 03 6F 04 8F 03  ...."#......o...
000101B0  8C 02 00 00 22 23 00 00  8A FE F9 02 5F FF FA 04  ...."#......_...
000101C0  00 00 00 00 22 23 00 00  FA FF F0 01 61 FF F7 FF  ...."#......a...
000101D0  00 00 00 00 22 23 00 00  FA FF B0 03 87 04 A7 03  ...."#..........
000101E0  15 FD 00 00 22 23 00 00  50 03 B0 03 37 0D AE FB  ...."#..P...7...
000101F0  00 00 00 00 22 23 00 00  50 03 B0 03 37 0D AE FB  ...."#..P...7...
00010200  00 00 00 00 22 23 00 00  FA FF B0 03 6F 04 8F 03  ...."#......o...
00010210  8C 02 00 00 22 23 00 00  FA FF F0 01 61 FF F7 FF  ...."#......a...
00010220  00 00 00 00 22 23 00 00  FA FF B0 03 87 04 A7 03  ...."#..........
00010230  15 FD 00 00 22 23 00 00  FA FF F0 01 61 FF F7 FF  ...."#......a...
00010240  00 00 00 00 22 23 00 00  8A FE F9 02 5F FF FA 04  ...."#......_...
00010250  00 00 00 00 22 23 00 00  A5 FF B0 05 6F 04 8F 03  ...."#......o...
00010260  8C 02 00 00 22 23 00 00  A5 FF 90 04 87 04 A7 03  ...."#..........
00010270  15 FD 00 00 22 23 00 00  18 FE 2A 05 5F FF FA 04  ...."#....*._...
00010280  00 00 00 00 22 23 00 00  FA FF F0 01 61 FF F7 FF  ...."#......a...
00010290  00 00 00 00 22 23 00 00  FA FF B0 03 6F 04 8F 03  ...."#......o...
000102A0  8C 02 00 00 22 23 00 00  8A FE F9 02 5F FF FA 04  ...."#......_...
000102B0  00 00 00 00 01 00 00 00  08 00 00 00 02 00 02 7C  ...............|
000102C0  08 00 00 00 03 00 00 00  88 01 00 00 12 00 14 2D  ...............-
000102D0  00 00 00 00 00 00 00 00  00 00 00 00 00 00 00 00  ................
000102E0  00 00 00 00 22 20 23 00  8A FE F9 02 DF 7B 00 00  ...." #......{..
000102F0  5F FF FA 04 00 00 00 00  22 20 23 00 FA FF B0 03  _......." #.....
00010300  DF 7B 00 00 87 04 A7 03  15 FD 00 00 22 20 23 00  .{.........." #.
00010310  FA FF F0 01 DF 7B 00 00  61 FF F7 FF 00 00 00 00  .....{..a.......
00010320  22 20 23 00 A5 FF 8F 04  DF 7B 00 00 87 04 A7 03  " #......{......
00010330  15 FD 00 00 22 20 23 00  A5 FF AF 05 DF 7B 00 00  ...." #......{..
00010340  6F 04 8F 03 8C 02 00 00  22 20 23 00 50 03 2A 05  o......." #.P.*.
00010350  DF 7B 00 00 37 0D AE FB  00 00 00 00 22 20 23 00  .{..7......." #.
00010360  FA FF F0 01 DF 7B 00 00  61 FF F7 FF 00 00 00 00  .....{..a.......
00010370  22 20 23 00 FA FF B0 03  DF 7B 00 00 6F 04 8F 03  " #......{..o...
00010380  8C 02 00 00 22 20 23 00  8A FE F9 02 DF 7B 00 00  ...." #......{..
00010390  5F FF FA 04 00 00 00 00  22 20 23 00 FA FF F0 01  _......." #.....
000103A0  DF 7B 00 00 61 FF F7 FF  00 00 00 00 22 20 23 00  .{..a......." #.
000103B0  FA FF B0 03 DF 7B 00 00  87 04 A7 03 15 FD 00 00  .....{..........
000103C0  22 20 23 00 50 03 B0 03  DF 7B 00 00 37 0D AE FB  " #.P....{..7...
000103D0  00 00 00 00 22 20 23 00  50 03 B0 03 DF 7B 00 00  ...." #.P....{..
000103E0  37 0D AE FB 00 00 00 00  22 20 23 00 FA FF B0 03  7......." #.....
000103F0  DF 7B 00 00 6F 04 8F 03  8C 02 00 00 22 20 23 00  .{..o......." #.
00010400  FA FF F0 01 DF 7B 00 00  61 FF F7 FF 00 00 00 00  .....{..a.......
00010410  22 20 23 00 18 FE 2A 05  EF 3D 00 00 5F FF FA 04  " #...*..=.._...
00010420  00 00 00 00 22 20 23 00  A5 FF AF 05 EF 3D 00 00  ...." #......=..
00010430  6F 04 8F 03 8C 02 00 00  22 20 23 00 A5 FF 8F 04  o......." #.....
00010440  EF 3D 00 00 87 04 A7 03  15 FD 00 00 01 00 00 00  .=..............
00010450  08 00 00 00 02 00 03 7C  08 00 00 00 03 00 00 00  .......|........
00010460  70 01 00 00 15 00 10 29  00 00 00 00 00 00 00 00  p......)........
00010470  00 00 00 00 00 00 00 00  00 00 00 00 22 23 00 00  ............"#..
00010480  E8 FF 10 06 E0 02 5D 07  D6 FC 00 00 22 23 00 00  ......]....."#..
00010490  9C 01 B0 05 3F 00 28 0F  37 FF 00 00 22 23 00 00  ....?.(.7..."#..
000104A0  9C 01 10 06 98 FF 6C 0E  BC FF 00 00 22 23 00 00  ......l....."#..
000104B0  9C 01 10 06 98 FF 6C 0E  BC FF 00 00 22 23 00 00  ......l....."#..
000104C0  9C 01 B0 05 3F 00 28 0F  37 FF 00 00 22 23 00 00  ....?.(.7..."#..
000104D0  CD 03 10 06 08 FD 48 14  64 04 00 00 22 23 00 00  ......H.d..."#..
000104E0  B7 02 B0 00 02 FB BF 10  98 04 00 00 22 23 00 00  ............"#..
000104F0  00 01 10 02 15 FB 26 0A  31 07 00 00 22 23 00 00  ......&.1..."#..
00010500  C0 00 10 00 12 FE EB 0E  D7 01 00 00 22 23 00 00  ............"#..
00010510  C0 00 10 00 12 FE EB 0E  D7 01 00 00 22 23 00 00  ............"#..
00010520  00 01 10 02 58 F8 7C 0A  52 01 00 00 22 23 00 00  ....X.|.R..."#..
00010530  B7 02 B0 00 02 FB BF 10  98 04 00 00 22 23 00 00  ............"#..
00010540  11 04 10 02 08 F5 54 10  E8 0B 00 00 22 23 00 00  ......T....."#..
00010550  00 01 10 02 15 FB 26 0A  31 07 00 00 22 23 00 00  ......&.1..."#..
00010560  B7 02 B0 00 02 FB BF 10  98 04 00 00 22 23 00 00  ............"#..
00010570  B7 02 B0 00 02 FB BF 10  98 04 00 00 22 23 00 00  ............"#..
00010580  00 01 10 02 58 F8 7C 0A  52 01 00 00 22 23 00 00  ....X.|.R..."#..
00010590  11 04 10 02 08 F5 54 10  E8 0B 00 00 22 23 00 00  ......T....."#..
000105A0  CD 03 30 05 08 F5 54 10  E8 0B 00 00 22 23 00 00  ..0...T....."#..
000105B0  6F 01 90 05 58 F8 7C 0A  52 01 00 00 22 23 00 00  o...X.|.R..."#..
000105C0  6F 01 D0 04 15 FB 26 0A  31 07 00 00 04 00 00 00  o.....&.1.......
000105D0  E0 00 00 00 0C 00 10 29  00 00 00 00 00 00 00 00  .......)........
000105E0  00 00 00 00 00 00 00 00  00 00 00 00 22 23 00 00  ............"#..
000105F0  C0 00 10 00 12 FE EB 0E  D7 01 00 00 22 23 00 00  ............"#..
00010600  00 01 10 02 15 FB 26 0A  31 07 00 00 22 23 00 00  ......&.1..."#..
00010610  19 FF 10 02 8A 00 7A 03  3A 03 00 00 22 23 00 00  ......z.:..."#..
00010620  19 FF 10 00 B8 03 F1 09  DA FD 00 00 22 23 00 00  ............"#..
00010630  C0 00 10 00 12 FE EB 0E  D7 01 00 00 22 23 00 00  ............"#..
00010640  19 FF 10 00 B8 03 F1 09  DA FD 00 00 22 23 00 00  ............"#..
00010650  19 FF 10 02 02 FC 4E 04  C1 FC 00 00 22 23 00 00  ......N....."#..
00010660  00 01 10 02 58 F8 7C 0A  52 01 00 00 22 23 00 00  ....X.|.R..."#..
00010670  6F 01 90 05 58 F8 7C 0A  52 01 00 00 22 23 00 00  o...X.|.R..."#..
00010680  5A FF 90 05 02 FC 4E 04  C1 FC 00 00 22 23 00 00  Z.....N....."#..
00010690  5A FF D0 04 8A 00 7A 03  3A 03 00 00 22 23 00 00  Z.....z.:..."#..
000106A0  6F 01 D0 04 15 FB 26 0A  31 07 00 00 01 00 00 00  o.....&.1.......
000106B0  08 00 00 00 02 00 03 7C  08 00 00 00 03 00 00 00  .......|........
000106C0  D0 01 00 00 1B 00 10 29  00 00 00 00 00 00 00 00  .......)........
000106D0  00 00 00 00 00 00 00 00  00 00 00 00 22 23 00 00  ............"#..
000106E0  19 FF 10 02 E9 FC AE FE  04 01 00 00 22 23 00 00  ............"#..
000106F0  19 FF 10 00 34 FE B7 07  A9 FE 00 00 22 23 00 00  ....4......."#..
00010700  C0 00 10 00 B5 F8 AB 08  38 FF 00 00 22 23 00 00  ........8..."#..
00010710  19 FF 10 02 16 FC 7D FF  41 FA 00 00 22 23 00 00  ......}.A..."#..
00010720  00 01 10 02 18 F5 10 03  F6 FD 00 00 22 23 00 00  ............"#..
00010730  C0 00 10 00 B5 F8 AB 08  38 FF 00 00 22 23 00 00  ........8..."#..
00010740  19 FF 10 02 16 FC 7D FF  41 FA 00 00 22 23 00 00  ......}.A..."#..
00010750  C0 00 10 00 B5 F8 AB 08  38 FF 00 00 22 23 00 00  ........8..."#..
00010760  19 FF 10 00 34 FE B7 07  A9 FE 00 00 22 23 00 00  ....4......."#..
00010770  19 FF 10 02 E9 FC AE FE  04 01 00 00 22 23 00 00  ............"#..
00010780  C0 00 10 00 B5 F8 AB 08  38 FF 00 00 22 23 00 00  ........8..."#..
00010790  00 01 10 02 63 F6 60 02  F5 01 00 00 22 23 00 00  ....c.`....."#..
000107A0  00 01 10 02 63 F6 60 02  F5 01 00 00 22 23 00 00  ....c.`....."#..
000107B0  B7 02 B0 00 ED F3 73 08  BC 00 00 00 22 23 00 00  ......s....."#..
000107C0  11 04 10 02 F8 ED 4B 06  7F 04 00 00 22 23 00 00  ......K....."#..
000107D0  6F 01 90 05 18 F5 10 03  F6 FD 00 00 22 23 00 00  o..........."#..
000107E0  6F 01 D0 04 63 F6 60 02  F5 01 00 00 22 23 00 00  o...c.`....."#..
000107F0  CD 03 30 05 F8 ED 4B 06  7F 04 00 00 22 23 00 00  ..0...K....."#..
00010800  B7 02 B0 00 ED F3 73 08  BC 00 00 00 22 23 00 00  ......s....."#..
00010810  00 01 10 02 18 F5 10 03  F6 FD 00 00 22 23 00 00  ............"#..
00010820  11 04 10 02 F8 ED 4B 06  7F 04 00 00 22 23 00 00  ......K....."#..
00010830  00 01 10 02 63 F6 60 02  F5 01 00 00 22 23 00 00  ....c.`....."#..
00010840  C0 00 10 00 B5 F8 AB 08  38 FF 00 00 22 23 00 00  ........8..."#..
00010850  B7 02 B0 00 ED F3 73 08  BC 00 00 00 22 23 00 00  ......s....."#..
00010860  C0 00 10 00 B5 F8 AB 08  38 FF 00 00 22 23 00 00  ........8..."#..
00010870  00 01 10 02 18 F5 10 03  F6 FD 00 00 22 23 00 00  ............"#..
00010880  B7 02 B0 00 ED F3 73 08  BC 00 00 00 04 00 00 00  ......s.........
00010890  60 00 00 00 04 00 10 29  00 00 00 00 00 00 00 00  `......)........
000108A0  00 00 00 00 00 00 00 00  00 00 00 00 22 23 00 00  ............"#..
000108B0  5A FF D0 04 E9 FC AE FE  04 01 00 00 22 23 00 00  Z..........."#..
000108C0  6F 01 D0 04 63 F6 60 02  F5 01 00 00 22 23 00 00  o...c.`....."#..
000108D0  6F 01 90 05 18 F5 10 03  F6 FD 00 00 22 23 00 00  o..........."#..
000108E0  5A FF 90 05 16 FC 7D FF  41 FA 00 00 01 00 00 00  Z.....}.A.......
000108F0  08 00 00 00 02 00 03 7C  08 00 00 00 03 00 00 00  .......|........
00010900  D0 01 00 00 1B 00 10 29  00 00 00 00 00 00 00 00  .......)........
00010910  00 00 00 00 00 00 00 00  00 00 00 00 22 23 00 00  ............"#..
00010920  19 FF 10 00 77 01 29 05  E5 FF 00 00 22 23 00 00  ....w.)....."#..
00010930  19 FF 10 02 9B FF 8D FE  11 F8 00 00 22 23 00 00  ............"#..
00010940  E3 01 10 00 7E F7 FB 05  78 FF 00 00 22 23 00 00  ....~...x..."#..
00010950  19 FF 10 02 9B FF 8D FE  11 F8 00 00 22 23 00 00  ............"#..
00010960  E3 01 10 02 4C F7 CF 02  32 FA 00 00 22 23 00 00  ....L...2..."#..
00010970  E3 01 10 00 7E F7 FB 05  78 FF 00 00 22 23 00 00  ....~...x..."#..
00010980  19 FF 10 02 35 FF 99 FB  17 FE 00 00 22 23 00 00  ....5......."#..
00010990  19 FF 10 00 77 01 29 05  E5 FF 00 00 22 23 00 00  ....w.)....."#..
000109A0  E3 01 10 00 7E F7 FB 05  78 FF 00 00 22 23 00 00  ....~...x..."#..
000109B0  E3 01 10 02 FE F6 8C 00  D7 FE 00 00 22 23 00 00  ............"#..
000109C0  19 FF 10 02 35 FF 99 FB  17 FE 00 00 22 23 00 00  ....5......."#..
000109D0  E3 01 10 00 7E F7 FB 05  78 FF 00 00 22 23 00 00  ....~...x..."#..
000109E0  E8 FF 10 06 33 FE E1 03  84 FF 00 00 22 23 00 00  ....3......."#..
000109F0  9C 01 10 06 6A F8 F2 06  A0 FE 00 00 22 23 00 00  ....j......."#..
00010A00  9C 01 B0 05 02 F8 91 06  2C FF 00 00 22 23 00 00  ........,..."#..
00010A10  9C 01 10 06 6A F8 F2 06  A0 FE 00 00 22 23 00 00  ....j......."#..
00010A20  CD 03 10 06 A3 F2 74 08  CA FD 00 00 22 23 00 00  ......t....."#..
00010A30  9C 01 B0 05 02 F8 91 06  2C FF 00 00 22 23 00 00  ........,..."#..
00010A40  E3 01 10 02 4C F7 CF 02  32 FA 00 00 22 23 00 00  ....L...2..."#..
00010A50  11 04 10 02 59 EF CA 03  F6 FD 00 00 22 23 00 00  ....Y......."#..
00010A60  E3 01 10 00 7E F7 FB 05  78 FF 00 00 22 23 00 00  ....~...x..."#..
00010A70  E3 01 10 00 7E F7 FB 05  78 FF 00 00 22 23 00 00  ....~...x..."#..
00010A80  11 04 10 02 59 EF CA 03  F6 FD 00 00 22 23 00 00  ....Y......."#..
00010A90  E3 01 10 02 FE F6 8C 00  D7 FE 00 00 22 23 00 00  ............"#..
00010AA0  CD 03 30 05 59 EF CA 03  F6 FD 00 00 22 23 00 00  ..0.Y......."#..
00010AB0  6F 01 D0 04 4C F7 CF 02  32 FA 00 00 22 23 00 00  o...L...2..."#..
00010AC0  6F 01 90 05 FE F6 8C 00  D7 FE 00 00 04 00 00 00  o...............
00010AD0  60 00 00 00 04 00 10 29  00 00 00 00 00 00 00 00  `......)........
00010AE0  00 00 00 00 00 00 00 00  00 00 00 00 22 23 00 00  ............"#..
00010AF0  5A FF D0 04 9B FF 8D FE  11 F8 00 00 22 23 00 00  Z..........."#..
00010B00  5A FF 90 05 35 FF 99 FB  17 FE 00 00 22 23 00 00  Z...5......."#..
00010B10  6F 01 90 05 FE F6 8C 00  D7 FE 00 00 22 23 00 00  o..........."#..
00010B20  6F 01 D0 04 4C F7 CF 02  32 FA 00 00 01 00 00 00  o...L...2.......
00010B30  08 00 00 00 02 00 03 7C  08 00 00 00 03 00 00 00  .......|........
00010B40  30 02 00 00 21 00 10 29  00 00 00 00 00 00 00 00  0...!..)........
00010B50  00 00 00 00 00 00 00 00  00 00 00 00 22 23 00 00  ............"#..
00010B60  19 FF 10 00 58 FD 27 06  91 01 00 00 22 23 00 00  ....X.'....."#..
00010B70  E3 01 10 00 6D 07 E0 07  B4 FF 00 00 22 23 00 00  ....m......."#..
00010B80  19 FF 10 02 3A FF 98 01  23 F9 00 00 22 23 00 00  ....:...#..."#..
00010B90  19 FF 10 02 3A FF 98 01  23 F9 00 00 22 23 00 00  ....:...#..."#..
00010BA0  E3 01 10 00 6D 07 E0 07  B4 FF 00 00 22 23 00 00  ....m......."#..
00010BB0  E3 01 10 02 9F 07 B4 04  6F FA 00 00 22 23 00 00  ........o..."#..
00010BC0  19 FF 10 02 B7 FF 7E FD  53 FE 00 00 22 23 00 00  ......~.S..."#..
00010BD0  E3 01 10 02 EC 07 71 02  13 FF 00 00 22 23 00 00  ......q....."#..
00010BE0  19 FF 10 00 58 FD 27 06  91 01 00 00 22 23 00 00  ....X.'....."#..
00010BF0  5A FF D0 04 3A FF 98 01  23 F9 00 00 22 23 00 00  Z...:...#..."#..
00010C00  6F 01 D0 04 9F 07 B4 04  6F FA 00 00 22 23 00 00  o.......o..."#..
00010C10  6F 01 90 05 EC 07 71 02  13 FF 00 00 22 23 00 00  o.....q....."#..
00010C20  E8 FF 10 06 B8 00 C6 05  C0 FF 00 00 22 23 00 00  ............"#..
00010C30  9C 01 B0 05 E9 06 76 08  69 FF 00 00 22 23 00 00  ......v.i..."#..
00010C40  9C 01 10 06 81 06 D7 08  DD FE 00 00 22 23 00 00  ............"#..
00010C50  9C 01 10 06 81 06 D7 08  DD FE 00 00 22 23 00 00  ............"#..
00010C60  9C 01 B0 05 E9 06 76 08  69 FF 00 00 22 23 00 00  ......v.i..."#..
00010C70  CD 03 10 06 48 0C 59 0A  06 FE 00 00 22 23 00 00  ....H.Y....."#..
00010C80  E3 01 10 02 9F 07 B4 04  6F FA 00 00 22 23 00 00  ........o..."#..
00010C90  E3 01 10 00 6D 07 E0 07  B4 FF 00 00 22 23 00 00  ....m......."#..
00010CA0  11 04 10 02 92 0F AF 05  32 FE 00 00 22 23 00 00  ........2..."#..
00010CB0  E3 01 10 00 6D 07 E0 07  B4 FF 00 00 22 23 00 00  ....m......."#..
00010CC0  E3 01 10 02 EC 07 71 02  13 FF 00 00 22 23 00 00  ......q....."#..
00010CD0  11 04 10 02 92 0F AF 05  32 FE 00 00 22 23 00 00  ........2..."#..
00010CE0  CD 03 30 05 92 0F AF 05  32 FE 00 00 22 23 00 00  ..0.....2..."#..
00010CF0  6F 01 90 05 EC 07 71 02  13 FF 00 00 22 23 00 00  o.....q....."#..
00010D00  6F 01 D0 04 9F 07 B4 04  6F FA 00 00 22 23 00 00  o.......o..."#..
00010D10  19 FF 10 00 58 FD 27 06  91 01 00 00 22 23 00 00  ....X.'....."#..
00010D20  E3 01 10 02 EC 07 71 02  13 FF 00 00 22 23 00 00  ......q....."#..
00010D30  E3 01 10 00 6D 07 E0 07  B4 FF 00 00 22 23 00 00  ....m......."#..
00010D40  5A FF D0 04 3A FF 98 01  23 F9 00 00 22 23 00 00  Z...:...#..."#..
00010D50  6F 01 90 05 EC 07 71 02  13 FF 00 00 22 23 00 00  o.....q....."#..
00010D60  5A FF 90 05 B7 FF 7E FD  53 FE 00 00 01 00 00 00  Z.....~.S.......
00010D70  08 00 00 00 02 00 03 7C  08 00 00 00 03 00 00 00  .......|........
00010D80  70 01 00 00 15 00 10 29  00 00 00 00 00 00 00 00  p......)........
00010D90  00 00 00 00 00 00 00 00  00 00 00 00 22 23 00 00  ............"#..
00010DA0  E8 FF 10 06 0B FC 42 09  12 FD 00 00 22 23 00 00  ......B....."#..
00010DB0  9C 01 10 06 54 FF 51 10  F8 FF 00 00 22 23 00 00  ....T.Q....."#..
00010DC0  9C 01 B0 05 AB FE 0D 11  73 FF 00 00 22 23 00 00  ........s..."#..
00010DD0  9C 01 10 06 54 FF 51 10  F8 FF 00 00 22 23 00 00  ....T.Q....."#..
00010DE0  CD 03 10 06 E3 01 2D 16  A1 04 00 00 22 23 00 00  ......-....."#..
00010DF0  9C 01 B0 05 AB FE 0D 11  73 FF 00 00 22 23 00 00  ........s..."#..
00010E00  B7 02 B0 00 E9 03 A4 12  D4 04 00 00 22 23 00 00  ............"#..
00010E10  C0 00 10 00 D9 00 D0 10  13 02 00 00 22 23 00 00  ............"#..
00010E20  00 01 10 02 D6 03 0B 0C  6D 07 00 00 22 23 00 00  ........m..."#..
00010E30  C0 00 10 00 D9 00 D0 10  13 02 00 00 22 23 00 00  ............"#..
00010E40  B7 02 B0 00 E9 03 A4 12  D4 04 00 00 22 23 00 00  ............"#..
00010E50  00 01 10 02 93 06 61 0C  8E 01 00 00 22 23 00 00  ......a....."#..
00010E60  11 04 10 02 E2 09 39 12  24 0C 00 00 22 23 00 00  ......9.$..."#..
00010E70  B7 02 B0 00 E9 03 A4 12  D4 04 00 00 22 23 00 00  ............"#..
00010E80  00 01 10 02 D6 03 0B 0C  6D 07 00 00 22 23 00 00  ........m..."#..
00010E90  B7 02 B0 00 E9 03 A4 12  D4 04 00 00 22 23 00 00  ............"#..
00010EA0  11 04 10 02 E2 09 39 12  24 0C 00 00 22 23 00 00  ......9.$..."#..
00010EB0  00 01 10 02 93 06 61 0C  8E 01 00 00 22 23 00 00  ......a....."#..
00010EC0  CD 03 30 05 E2 09 39 12  24 0C 00 00 22 23 00 00  ..0...9.$..."#..
00010ED0  6F 01 D0 04 D6 03 0B 0C  6D 07 00 00 22 23 00 00  o.......m..."#..
00010EE0  6F 01 90 05 93 06 61 0C  8E 01 00 00 04 00 00 00  o.....a.........
00010EF0  E0 00 00 00 0C 00 10 29  00 00 00 00 00 00 00 00  .......)........
00010F00  00 00 00 00 00 00 00 00  00 00 00 00 22 23 00 00  ............"#..
00010F10  C0 00 10 00 D9 00 D0 10  13 02 00 00 22 23 00 00  ............"#..
00010F20  19 FF 10 00 33 FB D6 0B  16 FE 00 00 22 23 00 00  ....3......."#..
00010F30  19 FF 10 02 61 FE 5F 05  77 03 00 00 22 23 00 00  ....a._.w..."#..
00010F40  00 01 10 02 D6 03 0B 0C  6D 07 00 00 22 23 00 00  ........m..."#..
00010F50  C0 00 10 00 D9 00 D0 10  13 02 00 00 22 23 00 00  ............"#..
00010F60  00 01 10 02 93 06 61 0C  8E 01 00 00 22 23 00 00  ......a....."#..
00010F70  19 FF 10 02 E9 02 33 06  FD FC 00 00 22 23 00 00  ......3....."#..
00010F80  19 FF 10 00 33 FB D6 0B  16 FE 00 00 22 23 00 00  ....3......."#..
00010F90  6F 01 90 05 93 06 61 0C  8E 01 00 00 22 23 00 00  o.....a....."#..
00010FA0  6F 01 D0 04 D6 03 0B 0C  6D 07 00 00 22 23 00 00  o.......m..."#..
00010FB0  5A FF D0 04 61 FE 5F 05  77 03 00 00 22 23 00 00  Z...a._.w..."#..
00010FC0  5A FF 90 05 E9 02 33 06  FD FC 00 00 01 00 00 00  Z.....3.........
00010FD0  08 00 00 00 02 00 03 7C  08 00 00 00 03 00 00 00  .......|........
00010FE0  D0 01 00 00 1B 00 10 29  00 00 00 00 00 00 00 00  .......)........
00010FF0  00 00 00 00 00 00 00 00  00 00 00 00 22 23 00 00  ............"#..
00011000  19 FF 10 02 02 02 92 00  40 01 00 00 22 23 00 00  ........@..."#..
00011010  C0 00 10 00 36 06 90 0A  74 FF 00 00 22 23 00 00  ....6...t..."#..
00011020  19 FF 10 00 B7 00 9D 09  E6 FE 00 00 22 23 00 00  ............"#..
00011030  19 FF 10 02 D5 02 61 01  7D FA 00 00 22 23 00 00  ......a.}..."#..
00011040  C0 00 10 00 36 06 90 0A  74 FF 00 00 22 23 00 00  ....6...t..."#..
00011050  00 01 10 02 D3 09 F5 04  32 FE 00 00 22 23 00 00  ........2..."#..
00011060  19 FF 10 02 D5 02 61 01  7D FA 00 00 22 23 00 00  ......a.}..."#..
00011070  19 FF 10 00 B7 00 9D 09  E6 FE 00 00 22 23 00 00  ............"#..
00011080  C0 00 10 00 36 06 90 0A  74 FF 00 00 22 23 00 00  ....6...t..."#..
00011090  19 FF 10 02 02 02 92 00  40 01 00 00 22 23 00 00  ........@..."#..
000110A0  00 01 10 02 87 08 45 04  31 02 00 00 22 23 00 00  ......E.1..."#..
000110B0  C0 00 10 00 36 06 90 0A  74 FF 00 00 22 23 00 00  ....6...t..."#..
000110C0  00 01 10 02 87 08 45 04  31 02 00 00 22 23 00 00  ......E.1..."#..
000110D0  11 04 10 02 F3 10 30 08  BB 04 00 00 22 23 00 00  ......0....."#..
000110E0  B7 02 B0 00 FE 0A 58 0A  F8 00 00 00 22 23 00 00  ......X....."#..
000110F0  6F 01 90 05 D3 09 F5 04  32 FE 00 00 22 23 00 00  o.......2..."#..
00011100  CD 03 30 05 F3 10 30 08  BB 04 00 00 22 23 00 00  ..0...0....."#..
00011110  6F 01 D0 04 87 08 45 04  31 02 00 00 22 23 00 00  o.....E.1..."#..
00011120  B7 02 B0 00 FE 0A 58 0A  F8 00 00 00 22 23 00 00  ......X....."#..
00011130  11 04 10 02 F3 10 30 08  BB 04 00 00 22 23 00 00  ......0....."#..
00011140  00 01 10 02 D3 09 F5 04  32 FE 00 00 22 23 00 00  ........2..."#..
00011150  00 01 10 02 87 08 45 04  31 02 00 00 22 23 00 00  ......E.1..."#..
00011160  B7 02 B0 00 FE 0A 58 0A  F8 00 00 00 22 23 00 00  ......X....."#..
00011170  C0 00 10 00 36 06 90 0A  74 FF 00 00 22 23 00 00  ....6...t..."#..
00011180  C0 00 10 00 36 06 90 0A  74 FF 00 00 22 23 00 00  ....6...t..."#..
00011190  B7 02 B0 00 FE 0A 58 0A  F8 00 00 00 22 23 00 00  ......X....."#..
000111A0  00 01 10 02 D3 09 F5 04  32 FE 00 00 04 00 00 00  ........2.......
000111B0  60 00 00 00 04 00 10 29  00 00 00 00 00 00 00 00  `......)........
000111C0  00 00 00 00 00 00 00 00  00 00 00 00 22 23 00 00  ............"#..
000111D0  5A FF D0 04 02 02 92 00  40 01 00 00 22 23 00 00  Z.......@..."#..
000111E0  5A FF 90 05 D5 02 61 01  7D FA 00 00 22 23 00 00  Z.....a.}..."#..
000111F0  6F 01 90 05 D3 09 F5 04  32 FE 00 00 22 23 00 00  o.......2..."#..
00011200  6F 01 D0 04 87 08 45 04  31 02 00 00 01 00 00 00  o.....E.1.......
00011210  08 00 00 00 02 00 03 7C  08 00 00 00 03 00 00 00  .......|........
00011220  D0 01 00 00 1B 00 10 29  00 00 00 00 00 00 00 00  .......)........
00011230  00 00 00 00 00 00 00 00  00 00 00 00 22 23 00 00  ............"#..
00011240  76 FF 10 06 4E 05 30 FF  22 03 00 00 22 23 00 00  v...N.0."..."#..
00011250  95 01 10 06 A9 08 BE 04  5B FF 00 00 22 23 00 00  ........[..."#..
00011260  95 01 B0 05 E4 07 F4 04  6A FF 00 00 22 23 00 00  ........j..."#..
00011270  95 01 B0 05 E4 07 F4 04  6A FF 00 00 22 23 00 00  ........j..."#..
00011280  95 01 10 06 A9 08 BE 04  5B FF 00 00 22 23 00 00  ........[..."#..
00011290  D5 03 10 06 DD 08 5C 0B  B5 FB 00 00 22 23 00 00  ......\....."#..
000112A0  C7 02 B0 00 E9 03 8E 08  63 FB 00 00 22 23 00 00  ........c..."#..
000112B0  93 00 10 02 3E 00 0D 05  53 FF 00 00 22 23 00 00  ....>...S..."#..
000112C0  F3 00 10 00 B2 06 EF 04  A0 FE 00 00 22 23 00 00  ............"#..
000112D0  F3 00 10 00 B2 06 EF 04  A0 FE 00 00 22 23 00 00  ............"#..
000112E0  93 00 10 02 F1 01 E8 01  BF FA 00 00 22 23 00 00  ............"#..
000112F0  C7 02 B0 00 E9 03 8E 08  63 FB 00 00 22 23 00 00  ........c..."#..
00011300  47 02 10 02 85 FF 45 07  26 FD 00 00 22 23 00 00  G.....E.&..."#..
00011310  93 00 10 02 3E 00 0D 05  53 FF 00 00 22 23 00 00  ....>...S..."#..
00011320  C7 02 B0 00 E9 03 8E 08  63 FB 00 00 22 23 00 00  ........c..."#..
00011330  C7 02 B0 00 E9 03 8E 08  63 FB 00 00 22 23 00 00  ........c..."#..
00011340  93 00 10 02 F1 01 E8 01  BF FA 00 00 22 23 00 00  ............"#..
00011350  47 02 10 02 C0 00 FB 04  BB F9 00 00 22 23 00 00  G..........."#..
00011360  F0 03 10 02 0C FD 5B 0A  B8 F9 00 00 22 23 00 00  ......[....."#..
00011370  47 02 10 02 85 FF 45 07  26 FD 00 00 22 23 00 00  G.....E.&..."#..
00011380  C7 02 B0 00 E9 03 8E 08  63 FB 00 00 22 23 00 00  ........c..."#..
00011390  D5 03 30 05 0C FD 5B 0A  B8 F9 00 00 22 23 00 00  ..0...[....."#..
000113A0  68 01 90 05 C0 00 FB 04  BB F9 00 00 22 23 00 00  h..........."#..
000113B0  68 01 D0 04 85 FF 45 07  26 FD 00 00 22 23 00 00  h.....E.&..."#..
000113C0  C7 02 B0 00 E9 03 8E 08  63 FB 00 00 22 23 00 00  ........c..."#..
000113D0  47 02 10 02 C0 00 FB 04  BB F9 00 00 22 23 00 00  G..........."#..
000113E0  F0 03 10 02 0C FD 5B 0A  B8 F9 00 00 04 00 00 00  ......[.........
000113F0  20 01 00 00 10 00 10 29  00 00 00 00 00 00 00 00   ......)........
00011400  00 00 00 00 00 00 00 00  00 00 00 00 22 23 00 00  ............"#..
00011410  F3 00 10 00 B2 06 EF 04  A0 FE 00 00 22 23 00 00  ............"#..
00011420  93 00 10 02 3E 00 0D 05  53 FF 00 00 22 23 00 00  ....>...S..."#..
00011430  36 FF 10 02 06 FF E5 01  FC 01 00 00 22 23 00 00  6..........."#..
00011440  36 FF 10 00 67 06 06 01  C7 01 00 00 22 23 00 00  6...g......."#..
00011450  F3 00 10 00 B2 06 EF 04  A0 FE 00 00 22 23 00 00  ............"#..
00011460  36 FF 10 00 67 06 06 01  C7 01 00 00 22 23 00 00  6...g......."#..
00011470  36 FF 10 02 56 01 AF FD  A7 FC 00 00 22 23 00 00  6...V......."#..
00011480  93 00 10 02 F1 01 E8 01  BF FA 00 00 22 23 00 00  ............"#..
00011490  28 00 90 05 F1 01 E8 01  BF FA 00 00 22 23 00 00  (..........."#..
000114A0  E9 FE 90 05 56 01 AF FD  A7 FC 00 00 22 23 00 00  ....V......."#..
000114B0  E9 FE D0 04 06 FF E5 01  FC 01 00 00 22 23 00 00  ............"#..
000114C0  28 00 D0 04 3E 00 0D 05  53 FF 00 00 22 23 00 00  (...>...S..."#..
000114D0  68 01 90 05 C0 00 FB 04  BB F9 00 00 22 23 00 00  h..........."#..
000114E0  28 00 90 05 F1 01 E8 01  BF FA 00 00 22 23 00 00  (..........."#..
000114F0  28 00 D0 04 3E 00 0D 05  53 FF 00 00 22 23 00 00  (...>...S..."#..
00011500  68 01 D0 04 85 FF 45 07  26 FD 00 00 01 00 00 00  h.....E.&.......
00011510  08 00 00 00 02 00 03 7C  08 00 00 00 03 00 00 00  .......|........
00011520  D0 01 00 00 1B 00 10 29  00 00 00 00 00 00 00 00  .......)........
00011530  00 00 00 00 00 00 00 00  00 00 00 00 22 23 00 00  ............"#..
00011540  36 FF 10 02 8F FF B2 FD  68 03 00 00 22 23 00 00  6.......h..."#..
00011550  36 FF 10 00 9E 06 E9 FD  D5 02 00 00 22 23 00 00  6..........."#..
00011560  F3 00 10 00 37 08 8F 01  A3 03 00 00 22 23 00 00  ....7......."#..
00011570  36 FF 10 02 30 00 F7 FE  5B FF 00 00 22 23 00 00  6...0...[..."#..
00011580  33 01 10 02 E3 03 D3 06  A0 02 00 00 22 23 00 00  3..........."#..
00011590  F3 00 10 00 37 08 8F 01  A3 03 00 00 22 23 00 00  ....7......."#..
000115A0  33 01 10 02 66 03 FA 05  63 05 00 00 22 23 00 00  3...f...c..."#..
000115B0  C7 02 B0 00 0F 08 12 06  C7 04 00 00 22 23 00 00  ............"#..
000115C0  F0 03 10 02 56 05 CC 0B  6D 06 00 00 22 23 00 00  ....V...m..."#..
000115D0  68 01 90 05 E3 03 D3 06  A0 02 00 00 22 23 00 00  h..........."#..
000115E0  68 01 D0 04 66 03 FA 05  63 05 00 00 22 23 00 00  h...f...c..."#..
000115F0  D5 03 30 05 56 05 CC 0B  6D 06 00 00 22 23 00 00  ..0.V...m..."#..
00011600  C7 02 B0 00 0F 08 12 06  C7 04 00 00 22 23 00 00  ............"#..
00011610  33 01 10 02 E3 03 D3 06  A0 02 00 00 22 23 00 00  3..........."#..
00011620  F0 03 10 02 56 05 CC 0B  6D 06 00 00 22 23 00 00  ....V...m..."#..
00011630  33 01 10 02 E3 03 D3 06  A0 02 00 00 22 23 00 00  3..........."#..
00011640  C7 02 B0 00 0F 08 12 06  C7 04 00 00 22 23 00 00  ............"#..
00011650  F3 00 10 00 37 08 8F 01  A3 03 00 00 22 23 00 00  ....7......."#..
00011660  36 FF 10 02 8F FF B2 FD  68 03 00 00 22 23 00 00  6.......h..."#..
00011670  F3 00 10 00 37 08 8F 01  A3 03 00 00 22 23 00 00  ....7......."#..
00011680  33 01 10 02 66 03 FA 05  63 05 00 00 22 23 00 00  3...f...c..."#..
00011690  33 01 10 02 66 03 FA 05  63 05 00 00 22 23 00 00  3...f...c..."#..
000116A0  F3 00 10 00 37 08 8F 01  A3 03 00 00 22 23 00 00  ....7......."#..
000116B0  C7 02 B0 00 0F 08 12 06  C7 04 00 00 22 23 00 00  ............"#..
000116C0  36 FF 10 02 30 00 F7 FE  5B FF 00 00 22 23 00 00  6...0...[..."#..
000116D0  F3 00 10 00 37 08 8F 01  A3 03 00 00 22 23 00 00  ....7......."#..
000116E0  36 FF 10 00 9E 06 E9 FD  D5 02 00 00 04 00 00 00  6...............
000116F0  60 00 00 00 04 00 10 29  00 00 00 00 00 00 00 00  `......)........
00011700  00 00 00 00 00 00 00 00  00 00 00 00 22 23 00 00  ............"#..
00011710  E9 FE D0 04 8F FF B2 FD  68 03 00 00 22 23 00 00  ........h..."#..
00011720  68 01 D0 04 66 03 FA 05  63 05 00 00 22 23 00 00  h...f...c..."#..
00011730  68 01 90 05 E3 03 D3 06  A0 02 00 00 22 23 00 00  h..........."#..
00011740  E9 FE 90 05 30 00 F7 FE  5B FF 00 00 01 00 00 00  ....0...[.......
00011750  08 00 00 00 02 00 03 7C  08 00 00 00 03 00 00 00  .......|........
00011760  D0 01 00 00 1B 00 10 29  00 00 00 00 00 00 00 00  .......)........
00011770  00 00 00 00 00 00 00 00  00 00 00 00 22 23 00 00  ............"#..
00011780  76 FF 10 06 4E 05 30 FF  DE FC 00 00 22 23 00 00  v...N.0....."#..
00011790  95 01 B0 05 E4 07 F4 04  96 00 00 00 22 23 00 00  ............"#..
000117A0  95 01 10 06 A9 08 BE 04  A5 00 00 00 22 23 00 00  ............"#..
000117B0  95 01 B0 05 E4 07 F4 04  96 00 00 00 22 23 00 00  ............"#..
000117C0  D5 03 10 06 DD 08 5C 0B  4B 04 00 00 22 23 00 00  ......\.K..."#..
000117D0  95 01 10 06 A9 08 BE 04  A5 00 00 00 22 23 00 00  ............"#..
000117E0  C7 02 B0 00 E9 03 8E 08  9D 04 00 00 22 23 00 00  ............"#..
000117F0  F3 00 10 00 B2 06 EF 04  60 01 00 00 22 23 00 00  ........`..."#..
00011800  93 00 10 02 3E 00 0D 05  AD 00 00 00 22 23 00 00  ....>......."#..
00011810  F3 00 10 00 B2 06 EF 04  60 01 00 00 22 23 00 00  ........`..."#..
00011820  C7 02 B0 00 E9 03 8E 08  9D 04 00 00 22 23 00 00  ............"#..
00011830  93 00 10 02 F1 01 E8 01  41 05 00 00 22 23 00 00  ........A..."#..
00011840  47 02 10 02 85 FF 45 07  DA 02 00 00 22 23 00 00  G.....E....."#..
00011850  C7 02 B0 00 E9 03 8E 08  9D 04 00 00 22 23 00 00  ............"#..
00011860  93 00 10 02 3E 00 0D 05  AD 00 00 00 22 23 00 00  ....>......."#..
00011870  C7 02 B0 00 E9 03 8E 08  9D 04 00 00 22 23 00 00  ............"#..
00011880  47 02 10 02 C0 00 FB 04  45 06 00 00 22 23 00 00  G.......E..."#..
00011890  93 00 10 02 F1 01 E8 01  41 05 00 00 22 23 00 00  ........A..."#..
000118A0  F0 03 10 02 0C FD 5B 0A  48 06 00 00 22 23 00 00  ......[.H..."#..
000118B0  C7 02 B0 00 E9 03 8E 08  9D 04 00 00 22 23 00 00  ............"#..
000118C0  47 02 10 02 85 FF 45 07  DA 02 00 00 22 23 00 00  G.....E....."#..
000118D0  D5 03 30 05 0C FD 5B 0A  48 06 00 00 22 23 00 00  ..0...[.H..."#..
000118E0  68 01 D0 04 85 FF 45 07  DA 02 00 00 22 23 00 00  h.....E....."#..
000118F0  68 01 90 05 C0 00 FB 04  45 06 00 00 22 23 00 00  h.......E..."#..
00011900  C7 02 B0 00 E9 03 8E 08  9D 04 00 00 22 23 00 00  ............"#..
00011910  F0 03 10 02 0C FD 5B 0A  48 06 00 00 22 23 00 00  ......[.H..."#..
00011920  47 02 10 02 C0 00 FB 04  45 06 00 00 04 00 00 00  G.......E.......
00011930  20 01 00 00 10 00 10 29  00 00 00 00 00 00 00 00   ......)........
00011940  00 00 00 00 00 00 00 00  00 00 00 00 22 23 00 00  ............"#..
00011950  F3 00 10 00 B2 06 EF 04  60 01 00 00 22 23 00 00  ........`..."#..
00011960  36 FF 10 00 67 06 06 01  39 FE 00 00 22 23 00 00  6...g...9..."#..
00011970  36 FF 10 02 06 FF E5 01  04 FE 00 00 22 23 00 00  6..........."#..
00011980  93 00 10 02 3E 00 0D 05  AD 00 00 00 22 23 00 00  ....>......."#..
00011990  F3 00 10 00 B2 06 EF 04  60 01 00 00 22 23 00 00  ........`..."#..
000119A0  93 00 10 02 F1 01 E8 01  41 05 00 00 22 23 00 00  ........A..."#..
000119B0  36 FF 10 02 56 01 AF FD  59 03 00 00 22 23 00 00  6...V...Y..."#..
000119C0  36 FF 10 00 67 06 06 01  39 FE 00 00 22 23 00 00  6...g...9..."#..
000119D0  28 00 90 05 F1 01 E8 01  41 05 00 00 22 23 00 00  (.......A..."#..
000119E0  28 00 D0 04 3E 00 0D 05  AD 00 00 00 22 23 00 00  (...>......."#..
000119F0  E9 FE D0 04 06 FF E5 01  04 FE 00 00 22 23 00 00  ............"#..
00011A00  E9 FE 90 05 56 01 AF FD  59 03 00 00 22 23 00 00  ....V...Y..."#..
00011A10  68 01 90 05 C0 00 FB 04  45 06 00 00 22 23 00 00  h.......E..."#..
00011A20  68 01 D0 04 85 FF 45 07  DA 02 00 00 22 23 00 00  h.....E....."#..
00011A30  28 00 D0 04 3E 00 0D 05  AD 00 00 00 22 23 00 00  (...>......."#..
00011A40  28 00 90 05 F1 01 E8 01  41 05 00 00 01 00 00 00  (.......A.......
00011A50  08 00 00 00 02 00 03 7C  08 00 00 00 03 00 00 00  .......|........
00011A60  D0 01 00 00 1B 00 10 29  00 00 00 00 00 00 00 00  .......)........
00011A70  00 00 00 00 00 00 00 00  00 00 00 00 22 23 00 00  ............"#..
00011A80  36 FF 10 02 8F FF B2 FD  98 FC 00 00 22 23 00 00  6..........."#..
00011A90  F3 00 10 00 37 08 8F 01  5D FC 00 00 22 23 00 00  ....7...]..."#..
00011AA0  36 FF 10 00 9E 06 E9 FD  2B FD 00 00 22 23 00 00  6.......+..."#..
00011AB0  36 FF 10 02 30 00 F7 FE  A5 00 00 00 22 23 00 00  6...0......."#..
00011AC0  F3 00 10 00 37 08 8F 01  5D FC 00 00 22 23 00 00  ....7...]..."#..
00011AD0  33 01 10 02 E3 03 D3 06  60 FD 00 00 22 23 00 00  3.......`..."#..
00011AE0  33 01 10 02 66 03 FA 05  9D FA 00 00 22 23 00 00  3...f......."#..
00011AF0  F0 03 10 02 56 05 CC 0B  93 F9 00 00 22 23 00 00  ....V......."#..
00011B00  C7 02 B0 00 0F 08 12 06  39 FB 00 00 22 23 00 00  ........9..."#..
00011B10  68 01 90 05 E3 03 D3 06  60 FD 00 00 22 23 00 00  h.......`..."#..
00011B20  D5 03 30 05 56 05 CC 0B  93 F9 00 00 22 23 00 00  ..0.V......."#..
00011B30  68 01 D0 04 66 03 FA 05  9D FA 00 00 22 23 00 00  h...f......."#..
00011B40  C7 02 B0 00 0F 08 12 06  39 FB 00 00 22 23 00 00  ........9..."#..
00011B50  F0 03 10 02 56 05 CC 0B  93 F9 00 00 22 23 00 00  ....V......."#..
00011B60  33 01 10 02 E3 03 D3 06  60 FD 00 00 22 23 00 00  3.......`..."#..
00011B70  33 01 10 02 E3 03 D3 06  60 FD 00 00 22 23 00 00  3.......`..."#..
00011B80  F3 00 10 00 37 08 8F 01  5D FC 00 00 22 23 00 00  ....7...]..."#..
00011B90  C7 02 B0 00 0F 08 12 06  39 FB 00 00 22 23 00 00  ........9..."#..
00011BA0  36 FF 10 02 8F FF B2 FD  98 FC 00 00 22 23 00 00  6..........."#..
00011BB0  33 01 10 02 66 03 FA 05  9D FA 00 00 22 23 00 00  3...f......."#..
00011BC0  F3 00 10 00 37 08 8F 01  5D FC 00 00 22 23 00 00  ....7...]..."#..
00011BD0  33 01 10 02 66 03 FA 05  9D FA 00 00 22 23 00 00  3...f......."#..
00011BE0  C7 02 B0 00 0F 08 12 06  39 FB 00 00 22 23 00 00  ........9..."#..
00011BF0  F3 00 10 00 37 08 8F 01  5D FC 00 00 22 23 00 00  ....7...]..."#..
00011C00  36 FF 10 02 30 00 F7 FE  A5 00 00 00 22 23 00 00  6...0......."#..
00011C10  36 FF 10 00 9E 06 E9 FD  2B FD 00 00 22 23 00 00  6.......+..."#..
00011C20  F3 00 10 00 37 08 8F 01  5D FC 00 00 04 00 00 00  ....7...].......
00011C30  60 00 00 00 04 00 10 29  00 00 00 00 00 00 00 00  `......)........
00011C40  00 00 00 00 00 00 00 00  00 00 00 00 22 23 00 00  ............"#..
00011C50  E9 FE D0 04 8F FF B2 FD  98 FC 00 00 22 23 00 00  ............"#..
00011C60  E9 FE 90 05 30 00 F7 FE  A5 00 00 00 22 23 00 00  ....0......."#..
00011C70  68 01 90 05 E3 03 D3 06  60 FD 00 00 22 23 00 00  h.......`..."#..
00011C80  68 01 D0 04 66 03 FA 05  9D FA 00 00 01 00 00 00  h...f...........
00011C90  08 00 00 00 02 00 03 7C  08 00 00 00 03 00 00 00  .......|........
00011CA0  C0 02 00 00 2A 00 10 29  00 00 00 00 00 00 00 00  ....*..)........
00011CB0  00 00 00 00 00 00 00 00  00 00 00 00 22 23 00 00  ............"#..
00011CC0  E4 FF B0 02 53 05 4C 05  F1 FD 00 00 22 23 00 00  ....S.L....."#..
00011CD0  C4 FF B0 03 D2 05 35 03  78 02 00 00 22 23 00 00  ......5.x..."#..
00011CE0  23 01 B0 03 53 01 24 FF  66 00 00 00 22 23 00 00  #...S.$.f..."#..
00011CF0  E4 FF B0 02 53 05 4C 05  F1 FD 00 00 22 23 00 00  ....S.L....."#..
00011D00  23 01 30 02 BA 01 39 06  E1 FA 00 00 22 23 00 00  #.0...9....."#..
00011D10  23 01 B0 03 45 00 63 06  72 02 00 00 22 23 00 00  #...E.c.r..."#..
00011D20  E4 FF B0 02 53 05 4C 05  F1 FD 00 00 22 23 00 00  ....S.L....."#..
00011D30  23 01 B0 03 45 00 63 06  72 02 00 00 22 23 00 00  #...E.c.r..."#..
00011D40  C4 FF B0 03 D2 05 35 03  78 02 00 00 22 23 00 00  ......5.x..."#..
00011D50  BB FF 30 04 94 02 80 05  F1 02 00 00 22 23 00 00  ..0........."#..
00011D60  BA 00 B0 04 F0 FE 35 09  12 FE 00 00 22 23 00 00  ......5....."#..
00011D70  BA 00 D0 03 71 05 FE 07  2C FD 00 00 22 23 00 00  ....q...,..."#..
00011D80  E4 FF B0 02 94 02 80 05  F1 02 00 00 22 23 00 00  ............"#..
00011D90  23 01 B0 03 F0 01 31 02  20 FD 00 00 22 23 00 00  #.....1. ..."#..
00011DA0  23 01 30 02 F0 FE 35 09  12 FE 00 00 22 23 00 00  #.0...5....."#..
00011DB0  E4 FF B0 02 94 02 80 05  F1 02 00 00 22 23 00 00  ............"#..
00011DC0  23 01 30 02 71 05 FE 07  2C FD 00 00 22 23 00 00  #.0.q...,..."#..
00011DD0  23 01 B0 03 F0 01 31 02  20 FD 00 00 22 23 00 00  #.....1. ..."#..
00011DE0  BA 00 D0 03 45 00 63 06  72 02 00 00 22 23 00 00  ....E.c.r..."#..
00011DF0  B2 03 30 04 4A F4 B7 03  F7 FF 00 00 22 23 00 00  ..0.J......."#..
00011E00  BA 00 B0 04 53 01 24 FF  66 00 00 00 22 23 00 00  ....S.$.f..."#..
00011E10  23 01 30 02 BA 01 39 06  E1 FA 00 00 22 23 00 00  #.0...9....."#..
00011E20  B2 03 B0 03 4A F4 B7 03  F7 FF 00 00 22 23 00 00  ....J......."#..
00011E30  23 01 B0 03 45 00 63 06  72 02 00 00 22 23 00 00  #...E.c.r..."#..
00011E40  23 01 B0 03 53 01 24 FF  66 00 00 00 22 23 00 00  #...S.$.f..."#..
00011E50  B2 03 B0 03 4A F4 B7 03  F7 FF 00 00 22 23 00 00  ....J......."#..
00011E60  23 01 30 02 BA 01 39 06  E1 FA 00 00 22 23 00 00  #.0...9....."#..
00011E70  BA 00 D0 03 45 00 63 06  72 02 00 00 22 23 00 00  ....E.c.r..."#..
00011E80  BA 00 B0 04 53 01 24 FF  66 00 00 00 22 23 00 00  ....S.$.f..."#..
00011E90  BB FF 30 04 D2 05 35 03  78 02 00 00 22 23 00 00  ..0...5.x..."#..
00011EA0  23 01 30 02 F0 FE 35 09  12 FE 00 00 22 23 00 00  #.0...5....."#..
00011EB0  23 01 B0 03 F0 01 31 02  20 FD 00 00 22 23 00 00  #.....1. ..."#..
00011EC0  B2 03 B0 03 40 00 3F 09  64 EE 00 00 22 23 00 00  ....@.?.d..."#..
00011ED0  BA 00 D0 03 71 05 FE 07  2C FD 00 00 22 23 00 00  ....q...,..."#..
00011EE0  BA 00 B0 04 F0 FE 35 09  12 FE 00 00 22 23 00 00  ......5....."#..
00011EF0  B2 03 30 04 40 00 3F 09  64 EE 00 00 22 23 00 00  ..0.@.?.d..."#..
00011F00  23 01 B0 03 F0 01 31 02  20 FD 00 00 22 23 00 00  #.....1. ..."#..
00011F10  23 01 30 02 71 05 FE 07  2C FD 00 00 22 23 00 00  #.0.q...,..."#..
00011F20  B2 03 B0 03 40 00 3F 09  64 EE 00 00 22 23 00 00  ....@.?.d..."#..
00011F30  23 01 30 02 BA 01 39 06  E1 FA 00 00 22 23 00 00  #.0...9....."#..
00011F40  E4 FF B0 02 53 05 4C 05  F1 FD 00 00 22 23 00 00  ....S.L....."#..
00011F50  23 01 B0 03 53 01 24 FF  66 00 00 00 01 00 00 00  #...S.$.f.......
00011F60  08 00 00 00 02 00 02 7C  08 00 00 00 03 00 00 00  .......|........
00011F70  A0 01 00 00 18 00 10 29  00 00 00 00 00 00 00 00  .......)........
00011F80  00 00 00 00 00 00 00 00  00 00 00 00 22 23 00 00  ............"#..
00011F90  E4 FF B0 02 53 05 4C 05  F1 FD 00 00 22 23 00 00  ....S.L....."#..
00011FA0  C4 FF B0 03 D2 05 35 03  78 02 00 00 22 23 00 00  ......5.x..."#..
00011FB0  23 01 B0 03 53 01 24 FF  66 00 00 00 22 23 00 00  #...S.$.f..."#..
00011FC0  E4 FF B0 02 53 05 4C 05  F1 FD 00 00 22 23 00 00  ....S.L....."#..
00011FD0  23 01 30 02 BA 01 39 06  E1 FA 00 00 22 23 00 00  #.0...9....."#..
00011FE0  23 01 B0 03 45 00 63 06  72 02 00 00 22 23 00 00  #...E.c.r..."#..
00011FF0  E4 FF B0 02 53 05 4C 05  F1 FD 00 00 22 23 00 00  ....S.L....."#..
00012000  23 01 B0 03 45 00 63 06  72 02 00 00 22 23 00 00  #...E.c.r..."#..
00012010  C4 FF B0 03 D2 05 35 03  78 02 00 00 22 23 00 00  ......5.x..."#..
00012020  BA 00 D0 03 45 00 63 06  72 02 00 00 22 23 00 00  ....E.c.r..."#..
00012030  B2 03 30 04 4A F4 B7 03  F7 FF 00 00 22 23 00 00  ..0.J......."#..
00012040  BA 00 B0 04 53 01 24 FF  66 00 00 00 22 23 00 00  ....S.$.f..."#..
00012050  23 01 30 02 BA 01 39 06  E1 FA 00 00 22 23 00 00  #.0...9....."#..
00012060  B2 03 B0 03 4A F4 B7 03  F7 FF 00 00 22 23 00 00  ....J......."#..
00012070  23 01 B0 03 45 00 63 06  72 02 00 00 22 23 00 00  #...E.c.r..."#..
00012080  23 01 B0 03 53 01 24 FF  66 00 00 00 22 23 00 00  #...S.$.f..."#..
00012090  B2 03 B0 03 4A F4 B7 03  F7 FF 00 00 22 23 00 00  ....J......."#..
000120A0  23 01 30 02 BA 01 39 06  E1 FA 00 00 22 23 00 00  #.0...9....."#..
000120B0  BA 00 D0 03 45 00 63 06  72 02 00 00 22 23 00 00  ....E.c.r..."#..
000120C0  BA 00 B0 04 53 01 24 FF  66 00 00 00 22 23 00 00  ....S.$.f..."#..
000120D0  BB FF 30 04 D2 05 35 03  78 02 00 00 22 23 00 00  ..0...5.x..."#..
000120E0  23 01 30 02 BA 01 39 06  E1 FA 00 00 22 23 00 00  #.0...9....."#..
000120F0  E4 FF B0 02 53 05 4C 05  F1 FD 00 00 22 23 00 00  ....S.L....."#..
00012100  23 01 B0 03 53 01 24 FF  66 00 00 00 01 00 00 00  #...S.$.f.......
00012110  08 00 00 00 02 00 03 7C  08 00 00 00 03 00 00 00  .......|........
00012120  C0 02 00 00 2A 00 10 29  00 00 00 00 00 00 00 00  ....*..)........
00012130  00 00 00 00 00 00 00 00  00 00 00 00 22 23 00 00  ............"#..
00012140  E4 FF B0 02 AD FA 4C 05  F1 FD 00 00 22 23 00 00  ......L....."#..
00012150  23 01 B0 03 AD FE 24 FF  66 00 00 00 22 23 00 00  #.....$.f..."#..
00012160  C4 FF B0 03 2E FA 35 03  78 02 00 00 22 23 00 00  ......5.x..."#..
00012170  E4 FF B0 02 AD FA 4C 05  F1 FD 00 00 22 23 00 00  ......L....."#..
00012180  23 01 B0 03 BB FF 63 06  72 02 00 00 22 23 00 00  #.....c.r..."#..
00012190  23 01 30 02 46 FE 39 06  E1 FA 00 00 22 23 00 00  #.0.F.9....."#..
000121A0  E4 FF B0 02 AD FA 4C 05  F1 FD 00 00 22 23 00 00  ......L....."#..
000121B0  C4 FF B0 03 2E FA 35 03  78 02 00 00 22 23 00 00  ......5.x..."#..
000121C0  23 01 B0 03 BB FF 63 06  72 02 00 00 22 23 00 00  #.....c.r..."#..
000121D0  BB FF 30 04 6C FD 80 05  F1 02 00 00 22 23 00 00  ..0.l......."#..
000121E0  BA 00 B0 04 10 01 35 09  12 FE 00 00 22 23 00 00  ......5....."#..
000121F0  BA 00 D0 03 8F FA FE 07  2C FD 00 00 22 23 00 00  ........,..."#..
00012200  E4 FF B0 02 6C FD 80 05  F1 02 00 00 22 23 00 00  ....l......."#..
00012210  23 01 B0 03 10 FE 31 02  20 FD 00 00 22 23 00 00  #.....1. ..."#..
00012220  23 01 30 02 10 01 35 09  12 FE 00 00 22 23 00 00  #.0...5....."#..
00012230  E4 FF B0 02 6C FD 80 05  F1 02 00 00 22 23 00 00  ....l......."#..
00012240  23 01 30 02 8F FA FE 07  2C FD 00 00 22 23 00 00  #.0.....,..."#..
00012250  23 01 B0 03 10 FE 31 02  20 FD 00 00 22 23 00 00  #.....1. ..."#..
00012260  BA 00 D0 03 BB FF 63 06  72 02 00 00 22 23 00 00  ......c.r..."#..
00012270  BA 00 B0 04 AD FE 24 FF  66 00 00 00 22 23 00 00  ......$.f..."#..
00012280  B2 03 30 04 B6 0B C6 02  F7 FF 00 00 22 23 00 00  ..0........."#..
00012290  23 01 30 02 46 FE 39 06  E1 FA 00 00 22 23 00 00  #.0.F.9....."#..
000122A0  23 01 B0 03 BB FF 63 06  72 02 00 00 22 23 00 00  #.....c.r..."#..
000122B0  B2 03 B0 03 B6 0B C6 02  F7 FF 00 00 22 23 00 00  ............"#..
000122C0  23 01 B0 03 AD FE 24 FF  66 00 00 00 22 23 00 00  #.....$.f..."#..
000122D0  23 01 30 02 46 FE 39 06  E1 FA 00 00 22 23 00 00  #.0.F.9....."#..
000122E0  B2 03 B0 03 B6 0B C6 02  F7 FF 00 00 22 23 00 00  ............"#..
000122F0  BA 00 D0 03 BB FF 63 06  72 02 00 00 22 23 00 00  ......c.r..."#..
00012300  BB FF 30 04 2E FA 35 03  78 02 00 00 22 23 00 00  ..0...5.x..."#..
00012310  BA 00 B0 04 AD FE 24 FF  66 00 00 00 22 23 00 00  ......$.f..."#..
00012320  23 01 30 02 10 01 35 09  12 FE 00 00 22 23 00 00  #.0...5....."#..
00012330  23 01 B0 03 10 FE 31 02  20 FD 00 00 22 23 00 00  #.....1. ..."#..
00012340  B2 03 B0 03 C0 FF 3F 09  64 EE 00 00 22 23 00 00  ......?.d..."#..
00012350  BA 00 D0 03 8F FA FE 07  2C FD 00 00 22 23 00 00  ........,..."#..
00012360  BA 00 B0 04 10 01 35 09  12 FE 00 00 22 23 00 00  ......5....."#..
00012370  B2 03 30 04 C0 FF 3F 09  64 EE 00 00 22 23 00 00  ..0...?.d..."#..
00012380  23 01 B0 03 10 FE 31 02  20 FD 00 00 22 23 00 00  #.....1. ..."#..
00012390  23 01 30 02 8F FA FE 07  2C FD 00 00 22 23 00 00  #.0.....,..."#..
000123A0  B2 03 B0 03 C0 FF 3F 09  64 EE 00 00 22 23 00 00  ......?.d..."#..
000123B0  23 01 30 02 46 FE 39 06  E1 FA 00 00 22 23 00 00  #.0.F.9....."#..
000123C0  23 01 B0 03 AD FE 24 FF  66 00 00 00 22 23 00 00  #.....$.f..."#..
000123D0  E4 FF B0 02 AD FA 4C 05  F1 FD 00 00 01 00 00 00  ......L.........
000123E0  08 00 00 00 02 00 02 7C  08 00 00 00 03 00 00 00  .......|........
000123F0  A0 01 00 00 18 00 10 29  00 00 00 00 00 00 00 00  .......)........
00012400  00 00 00 00 00 00 00 00  00 00 00 00 22 23 00 00  ............"#..
00012410  E4 FF B0 02 AD FA 4C 05  F1 FD 00 00 22 23 00 00  ......L....."#..
00012420  23 01 B0 03 AD FE 24 FF  66 00 00 00 22 23 00 00  #.....$.f..."#..
00012430  C4 FF B0 03 2E FA 35 03  78 02 00 00 22 23 00 00  ......5.x..."#..
00012440  E4 FF B0 02 AD FA 4C 05  F1 FD 00 00 22 23 00 00  ......L....."#..
00012450  23 01 B0 03 BB FF 63 06  72 02 00 00 22 23 00 00  #.....c.r..."#..
00012460  23 01 30 02 46 FE 39 06  E1 FA 00 00 22 23 00 00  #.0.F.9....."#..
00012470  E4 FF B0 02 AD FA 4C 05  F1 FD 00 00 22 23 00 00  ......L....."#..
00012480  C4 FF B0 03 2E FA 35 03  78 02 00 00 22 23 00 00  ......5.x..."#..
00012490  23 01 B0 03 BB FF 63 06  72 02 00 00 22 23 00 00  #.....c.r..."#..
000124A0  BA 00 D0 03 BB FF 63 06  72 02 00 00 22 23 00 00  ......c.r..."#..
000124B0  BA 00 B0 04 AD FE 24 FF  66 00 00 00 22 23 00 00  ......$.f..."#..
000124C0  B2 03 30 04 B6 0B C6 02  F7 FF 00 00 22 23 00 00  ..0........."#..
000124D0  23 01 30 02 46 FE 39 06  E1 FA 00 00 22 23 00 00  #.0.F.9....."#..
000124E0  23 01 B0 03 BB FF 63 06  72 02 00 00 22 23 00 00  #.....c.r..."#..
000124F0  B2 03 B0 03 B6 0B C6 02  F7 FF 00 00 22 23 00 00  ............"#..
00012500  23 01 B0 03 AD FE 24 FF  66 00 00 00 22 23 00 00  #.....$.f..."#..
00012510  23 01 30 02 46 FE 39 06  E1 FA 00 00 22 23 00 00  #.0.F.9....."#..
00012520  B2 03 B0 03 B6 0B C6 02  F7 FF 00 00 22 23 00 00  ............"#..
00012530  BA 00 D0 03 BB FF 63 06  72 02 00 00 22 23 00 00  ......c.r..."#..
00012540  BB FF 30 04 2E FA 35 03  78 02 00 00 22 23 00 00  ..0...5.x..."#..
00012550  BA 00 B0 04 AD FE 24 FF  66 00 00 00 22 23 00 00  ......$.f..."#..
00012560  23 01 30 02 46 FE 39 06  E1 FA 00 00 22 23 00 00  #.0.F.9....."#..
00012570  23 01 B0 03 AD FE 24 FF  66 00 00 00 22 23 00 00  #.....$.f..."#..
00012580  E4 FF B0 02 AD FA 4C 05  F1 FD 00 00 01 00 00 00  ......L.........
00012590  08 00 00 00 02 00 00 7C  08 00 00 00 03 00 00 00  .......|........
000125A0  E0 03 00 00 3C 00 10 29  00 00 00 00 00 00 00 00  ....<..)........
000125B0  00 00 00 00 00 00 00 00  00 00 00 00 22 23 00 00  ............"#..
000125C0  F0 05 10 0E BE 06 E1 FC  58 05 00 00 22 23 00 00  ........X..."#..
000125D0  30 05 D1 0E 7A 06 B4 01  F7 03 00 00 22 23 00 00  0...z......."#..
000125E0  F0 05 D1 0E EC 00 FF FA  77 05 00 00 22 23 00 00  ........w..."#..
000125F0  B0 06 D0 0F C7 09 35 01  4A 04 00 00 22 23 00 00  ......5.J..."#..
00012600  50 07 D0 0F BE 06 E1 FC  58 05 00 00 22 23 00 00  P.......X..."#..
00012610  50 07 30 0E DA 09 AA FB  B9 FF 00 00 22 23 00 00  P.0........."#..
00012620  30 05 D1 0E 7A 06 B4 01  F7 03 00 00 22 23 00 00  0...z......."#..
00012630  30 05 10 0E C7 09 35 01  4A 04 00 00 22 23 00 00  0.....5.J..."#..
00012640  A1 04 D1 0E AE 06 B2 03  0F 00 00 00 22 23 00 00  ............"#..
00012650  50 07 30 0E DA 09 AA FB  B9 FF 00 00 22 23 00 00  P.0........."#..
00012660  50 07 D0 0F 90 0A 38 01  4F FB 00 00 22 23 00 00  P.....8.O..."#..
00012670  B0 06 D0 0F 07 0B CE 02  F2 FF 00 00 22 23 00 00  ............"#..
00012680  A1 04 D1 0E AE 06 B2 03  0F 00 00 00 22 23 00 00  ............"#..
00012690  10 04 10 0E 90 0A 38 01  4F FB 00 00 22 23 00 00  ......8.O..."#..
000126A0  10 04 D1 0E 61 06 83 01  04 FB 00 00 22 23 00 00  ....a......."#..
000126B0  B0 02 F0 11 C0 FA A7 F6  89 00 00 00 22 23 00 00  ............"#..
000126C0  50 03 D1 0E 9A 00 23 F9  F0 FA 00 00 22 23 00 00  P.....#....."#..
000126D0  B0 02 D1 0E F5 FF 86 F6  5A 00 00 00 22 23 00 00  ........Z..."#..
000126E0  F0 05 D1 0E EC 00 FF FA  77 05 00 00 22 23 00 00  ........w..."#..
000126F0  B0 04 F0 11 6A FB CF 01  DE FF 00 00 22 23 00 00  ....j......."#..
00012700  90 06 F0 11 C0 FA A7 F6  89 00 00 00 22 23 00 00  ............"#..
00012710  F0 05 D1 0E EC 00 FF FA  77 05 00 00 22 23 00 00  ........w..."#..
00012720  90 06 F0 11 C0 FA A7 F6  89 00 00 00 22 23 00 00  ............"#..
00012730  90 06 D1 0E F5 FF 86 F6  5A 00 00 00 22 23 00 00  ........Z..."#..
00012740  B0 02 F0 11 C0 FA A7 F6  89 00 00 00 22 23 00 00  ............"#..
00012750  B0 04 F0 11 6A FB CF 01  DE FF 00 00 22 23 00 00  ....j......."#..
00012760  50 03 D1 0E 9A 00 23 F9  F0 FA 00 00 22 23 00 00  P.....#....."#..
00012770  F0 05 10 0E BE 06 E1 FC  58 05 00 00 22 23 00 00  ........X..."#..
00012780  30 05 10 0E C7 09 35 01  4A 04 00 00 22 23 00 00  0.....5.J..."#..
00012790  30 05 D1 0E 7A 06 B4 01  F7 03 00 00 22 23 00 00  0...z......."#..
000127A0  A1 04 D1 0E AE 06 B2 03  0F 00 00 00 22 23 00 00  ............"#..
000127B0  30 05 10 0E C7 09 35 01  4A 04 00 00 22 23 00 00  0.....5.J..."#..
000127C0  A1 04 10 0E 07 0B CE 02  F2 FF 00 00 22 23 00 00  ............"#..
000127D0  A1 04 10 0E 07 0B CE 02  F2 FF 00 00 22 23 00 00  ............"#..
000127E0  10 04 10 0E 90 0A 38 01  4F FB 00 00 22 23 00 00  ......8.O..."#..
000127F0  A1 04 D1 0E AE 06 B2 03  0F 00 00 00 22 23 00 00  ............"#..
00012800  F0 05 D1 0E EC 00 FF FA  77 05 00 00 22 23 00 00  ........w..."#..
00012810  30 05 D1 0E 7A 06 B4 01  F7 03 00 00 22 23 00 00  0...z......."#..
00012820  B0 04 F0 11 6A FB CF 01  DE FF 00 00 22 23 00 00  ....j......."#..
00012830  B0 04 F0 11 6A FB CF 01  DE FF 00 00 22 23 00 00  ....j......."#..
00012840  30 05 D1 0E 7A 06 B4 01  F7 03 00 00 22 23 00 00  0...z......."#..
00012850  A1 04 D1 0E AE 06 B2 03  0F 00 00 00 22 23 00 00  ............"#..
00012860  A1 04 D1 0E AE 06 B2 03  0F 00 00 00 22 23 00 00  ............"#..
00012870  10 04 D1 0E 61 06 83 01  04 FB 00 00 22 23 00 00  ....a......."#..
00012880  B0 04 F0 11 6A FB CF 01  DE FF 00 00 22 23 00 00  ....j......."#..
00012890  50 03 D1 0E 9A 00 23 F9  F0 FA 00 00 22 23 00 00  P.....#....."#..
000128A0  B0 04 F0 11 6A FB CF 01  DE FF 00 00 22 23 00 00  ....j......."#..
000128B0  10 04 D1 0E 61 06 83 01  04 FB 00 00 22 23 00 00  ....a......."#..
000128C0  50 07 30 0E DA 09 AA FB  B9 FF 00 00 22 23 00 00  P.0........."#..
000128D0  B0 06 D0 0F BE 06 E1 FC  58 05 00 00 22 23 00 00  ........X..."#..
000128E0  50 07 D0 0F 0A 05 D5 F8  55 00 00 00 22 23 00 00  P.......U..."#..
000128F0  50 07 D0 0F C7 09 35 01  4A 04 00 00 22 23 00 00  P.....5.J..."#..
00012900  50 07 30 0E DA 09 AA FB  B9 FF 00 00 22 23 00 00  P.0........."#..
00012910  B0 06 D0 0F 07 0B CE 02  F2 FF 00 00 22 23 00 00  ............"#..
00012920  50 07 30 0E DA 09 AA FB  B9 FF 00 00 22 23 00 00  P.0........."#..
00012930  50 07 D0 0F 8B 07 B3 FA  EB FA 00 00 22 23 00 00  P..........."#..
00012940  B0 06 D0 0F 90 0A 38 01  4F FB 00 00 22 23 00 00  ......8.O..."#..
00012950  50 07 D0 0F 0A 05 D5 F8  55 00 00 00 22 23 00 00  P.......U..."#..
00012960  B0 06 D0 0F 8B 07 B3 FA  EB FA 00 00 22 23 00 00  ............"#..
00012970  50 07 30 0E DA 09 AA FB  B9 FF 00 00 04 00 00 00  P.0.............
00012980  E0 00 00 00 0C 00 10 29  00 00 00 00 00 00 00 00  .......)........
00012990  00 00 00 00 00 00 00 00  00 00 00 00 22 23 00 00  ............"#..
000129A0  10 04 10 0E 90 0A 38 01  4F FB 00 00 22 23 00 00  ......8.O..."#..
000129B0  50 03 10 0E 8B 07 B3 FA  EB FA 00 00 22 23 00 00  P..........."#..
000129C0  50 03 D1 0E 9A 00 23 F9  F0 FA 00 00 22 23 00 00  P.....#....."#..
000129D0  10 04 D1 0E 61 06 83 01  04 FB 00 00 22 23 00 00  ....a......."#..
000129E0  F0 05 10 0E BE 06 E1 FC  58 05 00 00 22 23 00 00  ........X..."#..
000129F0  F0 05 D1 0E EC 00 FF FA  77 05 00 00 22 23 00 00  ........w..."#..
00012A00  90 06 D1 0E F5 FF 86 F6  5A 00 00 00 22 23 00 00  ........Z..."#..
00012A10  90 06 10 0E 0A 05 D5 F8  55 00 00 00 22 23 00 00  ........U..."#..
00012A20  B0 02 D1 0E F5 FF 86 F6  5A 00 00 00 22 23 00 00  ........Z..."#..
00012A30  50 03 D1 0E 9A 00 23 F9  F0 FA 00 00 22 23 00 00  P.....#....."#..
00012A40  50 03 10 0E 8B 07 B3 FA  EB FA 00 00 22 23 00 00  P..........."#..
00012A50  B0 02 10 0E 0A 05 D5 F8  55 00 00 00 01 00 00 00  ........U.......
00012A60  08 00 00 00 02 00 00 7C  08 00 00 00 03 00 00 00  .......|........
00012A70  40 07 00 00 72 00 10 29  00 00 00 00 00 00 00 00  @...r..)........
00012A80  00 00 00 00 00 00 00 00  00 00 00 00 22 23 00 00  ............"#..
00012A90  30 0B 70 03 53 03 35 03  FA FF 00 00 22 23 00 00  0.p.S.5....."#..
00012AA0  70 0A 70 03 8C FF 0C 05  CC FF 00 00 22 23 00 00  p.p........."#..
00012AB0  90 0A 30 04 A0 00 25 03  9A 03 00 00 22 23 00 00  ..0...%....."#..
00012AC0  30 0B 70 03 53 03 35 03  FA FF 00 00 22 23 00 00  0.p.S.5....."#..
00012AD0  90 0A 30 04 A0 00 25 03  9A 03 00 00 22 23 00 00  ..0...%....."#..
00012AE0  F0 0A D0 04 93 03 DC 00  0B 04 00 00 22 23 00 00  ............"#..
00012AF0  F0 0A D0 04 93 03 DC 00  0B 04 00 00 22 23 00 00  ............"#..
00012B00  90 0A 30 04 A0 00 25 03  9A 03 00 00 22 23 00 00  ..0...%....."#..
00012B10  70 0A 50 06 D7 01 0F FD  9E 03 00 00 22 23 00 00  p.P........."#..
00012B20  30 0C 90 06 72 07 07 FC  AB 02 00 00 22 23 00 00  0...r......."#..
00012B30  F0 0A D0 04 93 03 DC 00  0B 04 00 00 22 23 00 00  ............"#..
00012B40  10 0B 50 06 00 04 07 FC  CA 02 00 00 22 23 00 00  ..P........."#..
00012B50  50 0D B0 04 7A 0A 27 01  43 02 00 00 22 23 00 00  P...z.'.C..."#..
00012B60  30 0C F6 04 76 07 84 00  D3 03 00 00 22 23 00 00  0...v......."#..
00012B70  50 0D 90 06 7A 0A DE FD  43 02 00 00 22 23 00 00  P...z...C..."#..
00012B80  30 0C 90 06 72 07 07 FC  AB 02 00 00 22 23 00 00  0...r......."#..
00012B90  30 0C F6 04 76 07 84 00  D3 03 00 00 22 23 00 00  0...v......."#..
00012BA0  F0 0A D0 04 93 03 DC 00  0B 04 00 00 22 23 00 00  ............"#..
00012BB0  02 0C 90 01 01 07 E3 FF  1B FC 00 00 22 23 00 00  ............"#..
00012BC0  50 0D 50 03 B1 0A A5 02  8E FF 00 00 22 23 00 00  P.P........."#..
00012BD0  50 0D 90 01 A9 0A 09 00  11 FD 00 00 22 23 00 00  P..........."#..
00012BE0  F0 0B 10 00 EB 06 3C FC  4A FE 00 00 22 23 00 00  ......<.J..."#..
00012BF0  50 0D 90 01 A9 0A 09 00  11 FD 00 00 22 23 00 00  P..........."#..
00012C00  50 0D 10 00 B1 0A 9E FC  8E FF 00 00 22 23 00 00  P..........."#..
00012C10  70 0A 90 02 5F 00 14 03  78 FC 00 00 22 23 00 00  p..._...x..."#..
00012C20  F0 0A 90 01 D8 03 A4 00  C7 FB 00 00 22 23 00 00  ............"#..
00012C30  70 0A 90 01 3C 01 A0 FF  D4 FB 00 00 22 23 00 00  p...<......."#..
00012C40  F0 0A 90 01 D8 03 A4 00  C7 FB 00 00 22 23 00 00  ............"#..
00012C50  50 0A 10 00 E0 01 87 FC  FD FD 00 00 22 23 00 00  P..........."#..
00012C60  70 0A 90 01 3C 01 A0 FF  D4 FB 00 00 22 23 00 00  p...<......."#..
00012C70  10 0C B0 03 88 06 3F 03  06 00 00 00 22 23 00 00  ......?....."#..
00012C80  50 0D B0 04 7A 0A 27 01  43 02 00 00 22 23 00 00  P...z.'.C..."#..
00012C90  50 0D 50 03 B1 0A A5 02  8E FF 00 00 22 23 00 00  P.P........."#..
00012CA0  50 0D 10 00 B1 0A 9E FC  8E FF 00 00 22 23 00 00  P..........."#..
00012CB0  50 0D 90 01 A9 0A 09 00  11 FD 00 00 22 23 00 00  P..........."#..
00012CC0  10 0E 90 01 83 0C 09 00  33 FD 00 00 22 23 00 00  ........3..."#..
00012CD0  10 0E 90 01 83 0C 09 00  33 FD 00 00 22 23 00 00  ........3..."#..
00012CE0  50 0D 50 03 B1 0A A5 02  8E FF 00 00 22 23 00 00  P.P........."#..
00012CF0  3A 0E 90 01 76 0D 09 00  26 FF 00 00 22 23 00 00  :...v...&..."#..
00012D00  50 0D 50 03 B1 0A A5 02  8E FF 00 00 22 23 00 00  P.P........."#..
00012D10  50 0D B0 04 7A 0A 27 01  43 02 00 00 22 23 00 00  P...z.'.C..."#..
00012D20  D0 0D B0 05 78 0C 09 00  EB 00 00 00 22 23 00 00  ....x......."#..
00012D30  3A 0E 90 01 76 0D 09 00  26 FF 00 00 22 23 00 00  :...v...&..."#..
00012D40  50 0D 10 00 B1 0A 9E FC  8E FF 00 00 22 23 00 00  P..........."#..
00012D50  10 0E 90 01 83 0C 09 00  33 FD 00 00 22 23 00 00  ........3..."#..
00012D60  30 0A F0 07 E0 01 87 FC  FD FD 00 00 22 23 00 00  0..........."#..
00012D70  F0 0B F0 07 EB 06 3C FC  4A FE 00 00 22 23 00 00  ......<.J..."#..
00012D80  10 0B 50 06 00 04 07 FC  CA 02 00 00 22 23 00 00  ..P........."#..
00012D90  50 0D F0 07 B1 0A 9E FC  8E FF 00 00 22 23 00 00  P..........."#..
00012DA0  50 0D 90 06 7A 0A DE FD  43 02 00 00 22 23 00 00  P...z...C..."#..
00012DB0  30 0C 90 06 72 07 07 FC  AB 02 00 00 22 23 00 00  0...r......."#..
00012DC0  10 0B 50 06 00 04 07 FC  CA 02 00 00 22 23 00 00  ..P........."#..
00012DD0  F0 0A D0 04 93 03 DC 00  0B 04 00 00 22 23 00 00  ............"#..
00012DE0  70 0A 50 06 D7 01 0F FD  9E 03 00 00 22 23 00 00  p.P........."#..
00012DF0  D0 0D B0 05 78 0C 09 00  EB 00 00 00 22 23 00 00  ....x......."#..
00012E00  50 0D B0 04 7A 0A 27 01  43 02 00 00 22 23 00 00  P...z.'.C..."#..
00012E10  50 0D 90 06 7A 0A DE FD  43 02 00 00 22 23 00 00  P...z...C..."#..
00012E20  F0 0B F0 07 EB 06 3C FC  4A FE 00 00 22 23 00 00  ......<.J..."#..
00012E30  30 0C 90 06 72 07 07 FC  AB 02 00 00 22 23 00 00  0...r......."#..
00012E40  10 0B 50 06 00 04 07 FC  CA 02 00 00 22 23 00 00  ..P........."#..
00012E50  30 0C F6 04 76 07 84 00  D3 03 00 00 22 23 00 00  0...v......."#..
00012E60  10 0C B0 03 88 06 3F 03  06 00 00 00 22 23 00 00  ......?....."#..
00012E70  F0 0A D0 04 93 03 DC 00  0B 04 00 00 22 23 00 00  ............"#..
00012E80  F0 0A 90 01 D8 03 A4 00  C7 FB 00 00 22 23 00 00  ............"#..
00012E90  10 0C B0 03 88 06 3F 03  06 00 00 00 22 23 00 00  ......?....."#..
00012EA0  02 0C 90 01 01 07 E3 FF  1B FC 00 00 22 23 00 00  ............"#..
00012EB0  F0 0B 10 00 EB 06 3C FC  4A FE 00 00 22 23 00 00  ......<.J..."#..
00012EC0  F0 0A 90 01 D8 03 A4 00  C7 FB 00 00 22 23 00 00  ............"#..
00012ED0  02 0C 90 01 01 07 E3 FF  1B FC 00 00 22 23 00 00  ............"#..
00012EE0  30 0B 70 03 53 03 35 03  FA FF 00 00 22 23 00 00  0.p.S.5....."#..
00012EF0  10 0C B0 03 88 06 3F 03  06 00 00 00 22 23 00 00  ......?....."#..
00012F00  F0 0A 90 01 D8 03 A4 00  C7 FB 00 00 22 23 00 00  ............"#..
00012F10  50 0D 90 01 A9 0A 09 00  11 FD 00 00 22 23 00 00  P..........."#..
00012F20  50 0D 50 03 B1 0A A5 02  8E FF 00 00 22 23 00 00  P.P........."#..
00012F30  10 0E 90 01 83 0C 09 00  33 FD 00 00 22 23 00 00  ........3..."#..
00012F40  50 0D 90 06 7A 0A DE FD  43 02 00 00 22 23 00 00  P...z...C..."#..
00012F50  50 0D F0 07 B1 0A 9E FC  8E FF 00 00 22 23 00 00  P..........."#..
00012F60  D0 0D B0 05 78 0C 09 00  EB 00 00 00 22 23 00 00  ....x......."#..
00012F70  02 0C 90 01 01 07 E3 FF  1B FC 00 00 22 23 00 00  ............"#..
00012F80  10 0C B0 03 88 06 3F 03  06 00 00 00 22 23 00 00  ......?....."#..
00012F90  50 0D 50 03 B1 0A A5 02  8E FF 00 00 22 23 00 00  P.P........."#..
00012FA0  70 0A 50 06 D7 01 0F FD  9E 03 00 00 22 23 00 00  p.P........."#..
00012FB0  30 0A F0 07 E0 01 87 FC  FD FD 00 00 22 23 00 00  0..........."#..
00012FC0  10 0B 50 06 00 04 07 FC  CA 02 00 00 22 23 00 00  ..P........."#..
00012FD0  70 0A 70 03 8C FF 0C 05  CC FF 00 00 22 23 00 00  p.p........."#..
00012FE0  F0 0A 90 01 D8 03 A4 00  C7 FB 00 00 22 23 00 00  ............"#..
00012FF0  70 0A 90 02 5F 00 14 03  78 FC 00 00 22 23 00 00  p..._...x..."#..
00013000  F0 0B 10 00 EB 06 3C FC  4A FE 00 00 22 23 00 00  ......<.J..."#..
00013010  50 0A 10 00 E0 01 87 FC  FD FD 00 00 22 23 00 00  P..........."#..
00013020  F0 0A 90 01 D8 03 A4 00  C7 FB 00 00 22 23 00 00  ............"#..
00013030  F0 0B 10 00 EB 06 3C FC  4A FE 00 00 22 23 00 00  ......<.J..."#..
00013040  02 0C 90 01 01 07 E3 FF  1B FC 00 00 22 23 00 00  ............"#..
00013050  50 0D 90 01 A9 0A 09 00  11 FD 00 00 22 23 00 00  P..........."#..
00013060  3A 0E 90 01 76 0D 09 00  26 FF 00 00 22 23 00 00  :...v...&..."#..
00013070  50 0D 50 03 B1 0A A5 02  8E FF 00 00 22 23 00 00  P.P........."#..
00013080  90 0E 90 01 78 0C 09 00  EB 00 00 00 22 23 00 00  ....x......."#..
00013090  90 0E 90 01 78 0C 09 00  EB 00 00 00 22 23 00 00  ....x......."#..
000130A0  50 0D 10 00 B1 0A 9E FC  8E FF 00 00 22 23 00 00  P..........."#..
000130B0  3A 0E 90 01 76 0D 09 00  26 FF 00 00 22 23 00 00  :...v...&..."#..
000130C0  50 0D 90 06 7A 0A DE FD  43 02 00 00 22 23 00 00  P...z...C..."#..
000130D0  30 0C F6 04 76 07 84 00  D3 03 00 00 22 23 00 00  0...v......."#..
000130E0  30 0C 90 06 72 07 07 FC  AB 02 00 00 22 23 00 00  0...r......."#..
000130F0  10 0C B0 03 88 06 3F 03  06 00 00 00 22 23 00 00  ......?....."#..
00013100  30 0C F6 04 76 07 84 00  D3 03 00 00 22 23 00 00  0...v......."#..
00013110  50 0D B0 04 7A 0A 27 01  43 02 00 00 22 23 00 00  P...z.'.C..."#..
00013120  30 0B 70 03 53 03 35 03  FA FF 00 00 22 23 00 00  0.p.S.5....."#..
00013130  F0 0A 90 01 D8 03 A4 00  C7 FB 00 00 22 23 00 00  ............"#..
00013140  70 0A 70 03 8C FF 0C 05  CC FF 00 00 22 23 00 00  p.p........."#..
00013150  50 0D F0 07 B1 0A 9E FC  8E FF 00 00 22 23 00 00  P..........."#..
00013160  30 0C 90 06 72 07 07 FC  AB 02 00 00 22 23 00 00  0...r......."#..
00013170  F0 0B F0 07 EB 06 3C FC  4A FE 00 00 22 23 00 00  ......<.J..."#..
00013180  F0 0A D0 04 93 03 DC 00  0B 04 00 00 22 23 00 00  ............"#..
00013190  10 0C B0 03 88 06 3F 03  06 00 00 00 22 23 00 00  ......?....."#..
000131A0  30 0B 70 03 53 03 35 03  FA FF 00 00 01 00 00 00  0.p.S.5.........
000131B0  08 00 00 00 02 00 00 7C  08 00 00 00 03 00 00 00  .......|........
000131C0  40 04 00 00 42 00 10 29  00 00 00 00 00 00 00 00  @...B..)........
000131D0  00 00 00 00 00 00 00 00  00 00 00 00 22 23 00 00  ............"#..
000131E0  B0 02 70 0C 2C FE A4 FC  5A 02 00 00 22 23 00 00  ..p.,...Z..."#..
000131F0  B0 02 F0 0D 02 02 A8 FC  A6 03 00 00 22 23 00 00  ............"#..
00013200  50 04 70 0C 3F FD F2 00  20 04 00 00 22 23 00 00  P.p.?... ..."#..
00013210  50 04 70 0C BD FD 68 FB  4E FE 00 00 22 23 00 00  P.p...h.N..."#..
00013220  B0 02 70 0C 48 FE 40 FF  78 FB 00 00 22 23 00 00  ..p.H.@.x..."#..
00013230  50 04 F0 0D 14 02 91 FB  E9 FD 00 00 22 23 00 00  P..........."#..
00013240  B0 02 70 0C 2C FE A4 FC  5A 02 00 00 22 23 00 00  ..p.,...Z..."#..
00013250  50 04 70 0C 3F FD F2 00  20 04 00 00 22 23 00 00  P.p.?... ..."#..
00013260  50 04 F0 0C 36 FB FB FE  E6 FF 00 00 22 23 00 00  P...6......."#..
00013270  50 04 70 0C BD FD 68 FB  4E FE 00 00 22 23 00 00  P.p...h.N..."#..
00013280  90 06 F0 0D 02 02 A8 FC  A6 03 00 00 22 23 00 00  ............"#..
00013290  90 06 70 0C 2C FE A4 FC  5A 02 00 00 22 23 00 00  ..p.,...Z..."#..
000132A0  70 05 F0 0D 7F FF 0B 06  D0 FF 00 00 22 23 00 00  p..........."#..
000132B0  00 06 70 0C 46 FD C4 01  4D FC 00 00 22 23 00 00  ..p.F...M..."#..
000132C0  70 05 70 0C 2E FC 8A 03  E2 FF 00 00 22 23 00 00  p.p........."#..
000132D0  70 05 70 0C 2E FC 8A 03  E2 FF 00 00 22 23 00 00  p.p........."#..
000132E0  00 06 70 0C 46 FD C4 01  4D FC 00 00 22 23 00 00  ..p.F...M..."#..
000132F0  50 04 F0 0C 36 FB FB FE  E6 FF 00 00 22 23 00 00  P...6......."#..
00013300  70 0C 30 0B 14 02 91 FB  E9 FD 00 00 22 23 00 00  p.0........."#..
00013310  30 0A 50 0B F0 00 1E 02  3F 00 00 00 22 23 00 00  0.P.....?..."#..
00013320  70 0C 70 0B 02 02 A8 FC  A6 03 00 00 22 23 00 00  p.p........."#..
00013330  90 06 70 0C 2C FE A4 FC  5A 02 00 00 22 23 00 00  ..p.,...Z..."#..
00013340  50 04 F0 0C 36 FB FB FE  E6 FF 00 00 22 23 00 00  P...6......."#..
00013350  50 04 70 0C BD FD 68 FB  4E FE 00 00 22 23 00 00  P.p...h.N..."#..
00013360  50 04 F0 0C 36 FB FB FE  E6 FF 00 00 22 23 00 00  P...6......."#..
00013370  B0 02 70 0C 48 FE 40 FF  78 FB 00 00 22 23 00 00  ..p.H.@.x..."#..
00013380  50 04 70 0C BD FD 68 FB  4E FE 00 00 22 23 00 00  P.p...h.N..."#..
00013390  50 04 F0 0C 36 FB FB FE  E6 FF 00 00 22 23 00 00  P...6......."#..
000133A0  50 04 70 0C 3F FD F2 00  20 04 00 00 22 23 00 00  P.p.?... ..."#..
000133B0  70 05 70 0C 2E FC 8A 03  E2 FF 00 00 22 23 00 00  p.p........."#..
000133C0  70 0C 70 0B 7F FF 0B 06  D0 FF 00 00 22 23 00 00  p.p........."#..
000133D0  70 0C 30 0B AB 00 7A 03  43 04 00 00 22 23 00 00  p.0...z.C..."#..
000133E0  30 0A 50 0B F0 00 1E 02  3F 00 00 00 22 23 00 00  0.P.....?..."#..
000133F0  30 0A 50 0B F0 00 1E 02  3F 00 00 00 22 23 00 00  0.P.....?..."#..
00013400  70 0C 70 0B AB 00 7A 03  43 04 00 00 22 23 00 00  p.p...z.C..."#..
00013410  70 0C 30 0B 02 02 A8 FC  A6 03 00 00 22 23 00 00  p.0........."#..
00013420  70 0C 30 0B A6 01 B0 FF  51 FB 00 00 22 23 00 00  p.0.....Q..."#..
00013430  30 0A 50 0B F0 00 1E 02  3F 00 00 00 22 23 00 00  0.P.....?..."#..
00013440  70 0C 70 0B 14 02 91 FB  E9 FD 00 00 22 23 00 00  p.p........."#..
00013450  70 0C 50 0B 8A 00 72 03  1A FC 00 00 22 23 00 00  p.P...r....."#..
00013460  30 0A 50 0B F0 00 1E 02  3F 00 00 00 22 23 00 00  0.P.....?..."#..
00013470  70 0C 70 0B A6 01 B0 FF  51 FB 00 00 22 23 00 00  p.p.....Q..."#..
00013480  90 06 70 0C 48 FE 40 FF  78 FB 00 00 22 23 00 00  ..p.H.@.x..."#..
00013490  00 06 F0 0D 8A 00 72 03  1A FC 00 00 22 23 00 00  ......r....."#..
000134A0  90 06 F0 0D A6 01 B0 FF  51 FB 00 00 22 23 00 00  ........Q..."#..
000134B0  70 0C 30 0B 7F FF 0B 06  D0 FF 00 00 22 23 00 00  p.0........."#..
000134C0  30 0A 50 0B F0 00 1E 02  3F 00 00 00 22 23 00 00  0.P.....?..."#..
000134D0  70 0C 50 0B 8A 00 72 03  1A FC 00 00 22 23 00 00  p.P...r....."#..
000134E0  90 06 70 0C 48 FE 40 FF  78 FB 00 00 22 23 00 00  ..p.H.@.x..."#..
000134F0  00 06 70 0C 46 FD C4 01  4D FC 00 00 22 23 00 00  ..p.F...M..."#..
00013500  00 06 F0 0D 8A 00 72 03  1A FC 00 00 22 23 00 00  ......r....."#..
00013510  50 04 F0 0C 36 FB FB FE  E6 FF 00 00 22 23 00 00  P...6......."#..
00013520  00 06 70 0C 46 FD C4 01  4D FC 00 00 22 23 00 00  ..p.F...M..."#..
00013530  90 06 70 0C 48 FE 40 FF  78 FB 00 00 22 23 00 00  ..p.H.@.x..."#..
00013540  00 06 F0 0D 8A 00 72 03  1A FC 00 00 22 23 00 00  ......r....."#..
00013550  00 06 70 0C 46 FD C4 01  4D FC 00 00 22 23 00 00  ..p.F...M..."#..
00013560  70 05 F0 0D 7F FF 0B 06  D0 FF 00 00 22 23 00 00  p..........."#..
00013570  50 04 F0 0D 14 02 91 FB  E9 FD 00 00 22 23 00 00  P..........."#..
00013580  B0 02 70 0C 48 FE 40 FF  78 FB 00 00 22 23 00 00  ..p.H.@.x..."#..
00013590  B0 02 F0 0D A6 01 B0 FF  51 FB 00 00 22 23 00 00  ........Q..."#..
000135A0  50 04 70 0C 3F FD F2 00  20 04 00 00 22 23 00 00  P.p.?... ..."#..
000135B0  B0 02 F0 0D 02 02 A8 FC  A6 03 00 00 22 23 00 00  ............"#..
000135C0  50 04 F0 0D AB 00 7A 03  43 04 00 00 22 23 00 00  P.....z.C..."#..
000135D0  50 04 F0 0D 14 02 91 FB  E9 FD 00 00 22 23 00 00  P..........."#..
000135E0  90 06 F0 0D 02 02 A8 FC  A6 03 00 00 22 23 00 00  ............"#..
000135F0  50 04 70 0C BD FD 68 FB  4E FE 00 00 04 00 00 00  P.p...h.N.......
00013600  60 00 00 00 04 00 10 29  00 00 00 00 00 00 00 00  `......)........
00013610  00 00 00 00 00 00 00 00  00 00 00 00 22 23 00 00  ............"#..
00013620  50 04 70 0C 3F FD F2 00  20 04 00 00 22 23 00 00  P.p.?... ..."#..
00013630  50 04 F0 0D AB 00 7A 03  43 04 00 00 22 23 00 00  P.....z.C..."#..
00013640  70 05 F0 0D 7F FF 0B 06  D0 FF 00 00 22 23 00 00  p..........."#..
00013650  70 05 70 0C 2E FC 8A 03  E2 FF 00 00 01 00 00 00  p.p.............
00013660  08 00 00 00 02 00 00 7C  08 00 00 00 03 00 00 00  .......|........
00013670  50 03 00 00 33 00 10 29  00 00 00 00 00 00 00 00  P...3..)........
00013680  00 00 00 00 00 00 00 00  00 00 00 00 22 23 00 00  ............"#..
00013690  50 0D 90 01 F8 FF 09 00  83 FD 00 00 22 23 00 00  P..........."#..
000136A0  90 0E 10 00 E6 03 95 FB  9D FE 00 00 22 23 00 00  ............"#..
000136B0  50 0D 10 00 00 00 9E FC  00 00 00 00 22 23 00 00  P..........."#..
000136C0  50 0D B0 04 3B 00 27 01  B5 02 00 00 22 23 00 00  P...;.'....."#..
000136D0  50 0D 90 06 32 00 DE FD  B5 02 00 00 22 23 00 00  P...2......."#..
000136E0  90 0E D0 04 A5 03 81 02  F2 03 00 00 22 23 00 00  ............"#..
000136F0  90 0E D0 04 A5 03 81 02  F2 03 00 00 22 23 00 00  ............"#..
00013700  50 0D 50 03 00 00 A5 02  00 00 00 00 22 23 00 00  P.P........."#..
00013710  50 0D B0 04 3B 00 27 01  B5 02 00 00 22 23 00 00  P...;.'....."#..
00013720  90 0E 90 01 0B 04 10 01  DB FB 00 00 22 23 00 00  ............"#..
00013730  90 0E 10 03 91 03 FC 03  12 FF 00 00 22 23 00 00  ............"#..
00013740  F0 0F 90 01 0E 08 B9 00  BD FC 00 00 22 23 00 00  ............"#..
00013750  50 0D F0 07 00 00 9E FC  00 00 00 00 22 23 00 00  P..........."#..
00013760  50 0D 90 06 32 00 DE FD  B5 02 00 00 22 23 00 00  P...2......."#..
00013770  32 0C A2 05 1A FE 13 00  25 FF 00 00 22 23 00 00  2.......%..."#..
00013780  50 0D 90 06 32 00 DE FD  B5 02 00 00 22 23 00 00  P...2......."#..
00013790  50 0D B0 04 3B 00 27 01  B5 02 00 00 22 23 00 00  P...;.'....."#..
000137A0  32 0C A2 05 1A FE 13 00  25 FF 00 00 22 23 00 00  2.......%..."#..
000137B0  10 0D 90 01 1A FE 13 00  25 FF 00 00 22 23 00 00  ........%..."#..
000137C0  50 0D 50 03 00 00 A5 02  00 00 00 00 22 23 00 00  P.P........."#..
000137D0  50 0D 90 01 F8 FF 09 00  83 FD 00 00 22 23 00 00  P..........."#..
000137E0  50 0D 90 01 F8 FF 09 00  83 FD 00 00 22 23 00 00  P..........."#..
000137F0  50 0D 10 00 00 00 9E FC  00 00 00 00 22 23 00 00  P..........."#..
00013800  10 0D 90 01 1A FE 13 00  25 FF 00 00 22 23 00 00  ........%..."#..
00013810  90 0E 90 06 BF 03 FD FC  F2 03 00 00 22 23 00 00  ............"#..
00013820  90 0E D0 04 A5 03 81 02  F2 03 00 00 22 23 00 00  ............"#..
00013830  50 0D 90 06 32 00 DE FD  B5 02 00 00 22 23 00 00  P...2......."#..
00013840  90 0E 10 03 91 03 FC 03  12 FF 00 00 22 23 00 00  ............"#..
00013850  90 0E 90 01 0B 04 10 01  DB FB 00 00 22 23 00 00  ............"#..
00013860  50 0D 90 01 F8 FF 09 00  83 FD 00 00 22 23 00 00  P..........."#..
00013870  90 0E 90 06 BF 03 FD FC  F2 03 00 00 22 23 00 00  ............"#..
00013880  50 0D F0 07 00 00 9E FC  00 00 00 00 22 23 00 00  P..........."#..
00013890  90 0E F0 07 E6 03 95 FB  9D FE 00 00 22 23 00 00  ............"#..
000138A0  90 0E 10 03 91 03 FC 03  12 FF 00 00 22 23 00 00  ............"#..
000138B0  50 0D 90 01 F8 FF 09 00  83 FD 00 00 22 23 00 00  P..........."#..
000138C0  50 0D 50 03 00 00 A5 02  00 00 00 00 22 23 00 00  P.P........."#..
000138D0  50 0D B0 04 3B 00 27 01  B5 02 00 00 22 23 00 00  P...;.'....."#..
000138E0  50 0D 50 03 00 00 A5 02  00 00 00 00 22 23 00 00  P.P........."#..
000138F0  32 0C A2 05 1A FE 13 00  25 FF 00 00 22 23 00 00  2.......%..."#..
00013900  F0 0F 90 01 0E 08 B9 00  BD FC 00 00 22 23 00 00  ............"#..
00013910  90 0E 10 03 91 03 FC 03  12 FF 00 00 22 23 00 00  ............"#..
00013920  F0 0F 50 03 05 08 8F 03  C6 FF 00 00 22 23 00 00  ..P........."#..
00013930  90 0E 90 01 0B 04 10 01  DB FB 00 00 22 23 00 00  ............"#..
00013940  90 0E 10 00 E6 03 95 FB  9D FE 00 00 22 23 00 00  ............"#..
00013950  50 0D 90 01 F8 FF 09 00  83 FD 00 00 22 23 00 00  P..........."#..
00013960  90 0E 10 03 91 03 FC 03  12 FF 00 00 22 23 00 00  ............"#..
00013970  50 0D 50 03 00 00 A5 02  00 00 00 00 22 23 00 00  P.P........."#..
00013980  90 0E D0 04 A5 03 81 02  F2 03 00 00 22 23 00 00  ............"#..
00013990  50 0D 90 06 32 00 DE FD  B5 02 00 00 22 23 00 00  P...2......."#..
000139A0  50 0D F0 07 00 00 9E FC  00 00 00 00 22 23 00 00  P..........."#..
000139B0  90 0E 90 06 BF 03 FD FC  F2 03 00 00 04 00 00 00  ................
000139C0  20 01 00 00 10 00 10 29  00 00 00 00 00 00 00 00   ......)........
000139D0  00 00 00 00 00 00 00 00  00 00 00 00 22 23 00 00  ............"#..
000139E0  F0 0F 50 03 05 08 8F 03  C6 FF 00 00 22 23 00 00  ..P........."#..
000139F0  90 0E 10 03 91 03 FC 03  12 FF 00 00 22 23 00 00  ............"#..
00013A00  90 0E D0 04 A5 03 81 02  F2 03 00 00 22 23 00 00  ............"#..
00013A10  F0 0F F0 04 FD 07 2A 02  B5 03 00 00 22 23 00 00  ......*....."#..
00013A20  90 0E F0 07 E6 03 95 FB  9D FE 00 00 22 23 00 00  ............"#..
00013A30  F0 0F F0 07 0E 08 C4 FC  92 FE 00 00 22 23 00 00  ............"#..
00013A40  F0 0F 50 06 ED 07 8F FD  91 03 00 00 22 23 00 00  ..P........."#..
00013A50  90 0E 90 06 BF 03 FD FC  F2 03 00 00 22 23 00 00  ............"#..
00013A60  F0 0F 10 00 0E 08 C4 FC  92 FE 00 00 22 23 00 00  ............"#..
00013A70  90 0E 10 00 E6 03 95 FB  9D FE 00 00 22 23 00 00  ............"#..
00013A80  90 0E 90 01 0B 04 10 01  DB FB 00 00 22 23 00 00  ............"#..
00013A90  F0 0F 90 01 0E 08 B9 00  BD FC 00 00 22 23 00 00  ............"#..
00013AA0  90 0E D0 04 A5 03 81 02  F2 03 00 00 22 23 00 00  ............"#..
00013AB0  90 0E 90 06 BF 03 FD FC  F2 03 00 00 22 23 00 00  ............"#..
00013AC0  F0 0F 50 06 ED 07 8F FD  91 03 00 00 22 23 00 00  ..P........."#..
00013AD0  F0 0F F0 04 FD 07 2A 02  B5 03 00 00 01 00 00 00  ......*.........
00013AE0  08 00 00 00 02 00 00 7C  08 00 00 00 03 00 00 00  .......|........
00013AF0  10 01 00 00 0F 00 10 29  00 00 00 00 00 00 00 00  .......)........
00013B00  00 00 00 00 00 00 00 00  00 00 00 00 22 23 00 00  ............"#..
00013B10  B0 06 70 0C 83 0C 06 00  62 01 00 00 22 23 00 00  ..p.....b..."#..
00013B20  B0 06 10 0E A6 0B 7C 00  39 FD 00 00 22 23 00 00  ......|.9..."#..
00013B30  90 07 10 0E 97 0B 2E 03  40 00 00 00 22 23 00 00  ........@..."#..
00013B40  90 07 10 0E 9E 0B EB FC  E6 FE 00 00 22 23 00 00  ............"#..
00013B50  B0 06 10 0E A6 0B 7C 00  39 FD 00 00 22 23 00 00  ......|.9..."#..
00013B60  B0 06 70 0C 83 0C 06 00  62 01 00 00 22 23 00 00  ..p.....b..."#..
00013B70  90 07 10 0E 68 0B C5 FD  D4 03 00 00 22 23 00 00  ....h......."#..
00013B80  B0 06 70 0C 83 0C 06 00  62 01 00 00 22 23 00 00  ..p.....b..."#..
00013B90  B0 06 10 0E 87 0B E9 01  F6 03 00 00 22 23 00 00  ............"#..
00013BA0  90 07 10 0E 68 0B C5 FD  D4 03 00 00 22 23 00 00  ....h......."#..
00013BB0  90 07 10 0E 9E 0B EB FC  E6 FE 00 00 22 23 00 00  ............"#..
00013BC0  B0 06 70 0C 83 0C 06 00  62 01 00 00 22 23 00 00  ..p.....b..."#..
00013BD0  B0 06 70 0C 83 0C 06 00  62 01 00 00 22 23 00 00  ..p.....b..."#..
00013BE0  90 07 10 0E 97 0B 2E 03  40 00 00 00 22 23 00 00  ........@..."#..
00013BF0  B0 06 10 0E 87 0B E9 01  F6 03 00 00 04 00 00 00  ................
00013C00  60 01 00 00 14 00 10 29  00 00 00 00 00 00 00 00  `......)........
00013C10  00 00 00 00 00 00 00 00  00 00 00 00 22 23 00 00  ............"#..
00013C20  10 08 10 0A FD 07 2A 02  B5 03 00 00 22 23 00 00  ......*....."#..
00013C30  10 08 10 08 ED 07 8F FD  91 03 00 00 22 23 00 00  ............"#..
00013C40  10 0A 10 08 68 0B C5 FD  D4 03 00 00 22 23 00 00  ....h......."#..
00013C50  10 0A 10 0A 87 0B E9 01  F6 03 00 00 22 23 00 00  ............"#..
00013C60  10 08 50 0B 05 08 8F 03  C6 FF 00 00 22 23 00 00  ..P........."#..
00013C70  10 08 10 0A FD 07 2A 02  B5 03 00 00 22 23 00 00  ......*....."#..
00013C80  10 0A 10 0A 87 0B E9 01  F6 03 00 00 22 23 00 00  ............"#..
00013C90  10 0A 50 0B 97 0B 2E 03  40 00 00 00 22 23 00 00  ..P.....@..."#..
00013CA0  10 08 10 08 0E 08 C4 FC  92 FE 00 00 22 23 00 00  ............"#..
00013CB0  10 08 10 0A 0E 08 B9 00  BD FC 00 00 22 23 00 00  ............"#..
00013CC0  10 0A 10 0A A6 0B 7C 00  39 FD 00 00 22 23 00 00  ......|.9..."#..
00013CD0  10 0A 10 08 9E 0B EB FC  E6 FE 00 00 22 23 00 00  ............"#..
00013CE0  10 08 10 0A 0E 08 C4 FC  92 FE 00 00 22 23 00 00  ............"#..
00013CF0  10 0A 10 0A 9E 0B EB FC  E6 FE 00 00 22 23 00 00  ............"#..
00013D00  10 0A 70 0C 68 0B C5 FD  D4 03 00 00 22 23 00 00  ..p.h......."#..
00013D10  10 08 70 0C ED 07 8F FD  91 03 00 00 22 23 00 00  ..p........."#..
00013D20  10 08 70 0C 0E 08 B9 00  BD FC 00 00 22 23 00 00  ..p........."#..
00013D30  10 08 50 0B 05 08 8F 03  C6 FF 00 00 22 23 00 00  ..P........."#..
00013D40  10 0A 50 0B 97 0B 2E 03  40 00 00 00 22 23 00 00  ..P.....@..."#..
00013D50  10 0A 70 0C A6 0B 7C 00  39 FD 00 00 01 00 00 00  ..p...|.9.......
00013D60  08 00 00 00 02 00 00 7C  08 00 00 00 03 00 00 00  .......|........
00013D70  10 01 00 00 0F 00 10 29  00 00 00 00 00 00 00 00  .......)........
00013D80  00 00 00 00 00 00 00 00  00 00 00 00 22 23 00 00  ............"#..
00013D90  B0 06 70 0C 83 0C 06 00  62 01 00 00 22 23 00 00  ..p.....b..."#..
00013DA0  B0 06 10 0E A6 0B 7C 00  39 FD 00 00 22 23 00 00  ......|.9..."#..
00013DB0  90 07 10 0E 97 0B 2E 03  40 00 00 00 22 23 00 00  ........@..."#..
00013DC0  90 07 10 0E 9E 0B EB FC  E6 FE 00 00 22 23 00 00  ............"#..
00013DD0  B0 06 10 0E A6 0B 7C 00  39 FD 00 00 22 23 00 00  ......|.9..."#..
00013DE0  B0 06 70 0C 83 0C 06 00  62 01 00 00 22 23 00 00  ..p.....b..."#..
00013DF0  90 07 10 0E 68 0B C5 FD  D4 03 00 00 22 23 00 00  ....h......."#..
00013E00  B0 06 70 0C 83 0C 06 00  62 01 00 00 22 23 00 00  ..p.....b..."#..
00013E10  B0 06 10 0E 87 0B E9 01  F6 03 00 00 22 23 00 00  ............"#..
00013E20  90 07 10 0E 68 0B C5 FD  D4 03 00 00 22 23 00 00  ....h......."#..
00013E30  90 07 10 0E 9E 0B EB FC  E6 FE 00 00 22 23 00 00  ............"#..
00013E40  B0 06 70 0C 83 0C 06 00  62 01 00 00 22 23 00 00  ..p.....b..."#..
00013E50  B0 06 70 0C 83 0C 06 00  62 01 00 00 22 23 00 00  ..p.....b..."#..
00013E60  90 07 10 0E 97 0B 2E 03  40 00 00 00 22 23 00 00  ........@..."#..
00013E70  B0 06 10 0E 87 0B E9 01  F6 03 00 00 04 00 00 00  ................
00013E80  60 01 00 00 14 00 10 29  00 00 00 00 00 00 00 00  `......)........
00013E90  00 00 00 00 00 00 00 00  00 00 00 00 22 23 00 00  ............"#..
00013EA0  10 08 10 0A FD 07 2A 02  B5 03 00 00 22 23 00 00  ......*....."#..
00013EB0  10 08 10 08 ED 07 8F FD  91 03 00 00 22 23 00 00  ............"#..
00013EC0  10 0A 10 08 68 0B C5 FD  D4 03 00 00 22 23 00 00  ....h......."#..
00013ED0  10 0A 10 0A 87 0B E9 01  F6 03 00 00 22 23 00 00  ............"#..
00013EE0  10 08 50 0B 05 08 8F 03  C6 FF 00 00 22 23 00 00  ..P........."#..
00013EF0  10 08 10 0A FD 07 2A 02  B5 03 00 00 22 23 00 00  ......*....."#..
00013F00  10 0A 10 0A 87 0B E9 01  F6 03 00 00 22 23 00 00  ............"#..
00013F10  10 0A 50 0B 97 0B 2E 03  40 00 00 00 22 23 00 00  ..P.....@..."#..
00013F20  10 08 10 08 0E 08 C4 FC  92 FE 00 00 22 23 00 00  ............"#..
00013F30  10 08 10 0A 0E 08 B9 00  BD FC 00 00 22 23 00 00  ............"#..
00013F40  10 0A 10 0A A6 0B 7C 00  39 FD 00 00 22 23 00 00  ......|.9..."#..
00013F50  10 0A 10 08 9E 0B EB FC  E6 FE 00 00 22 23 00 00  ............"#..
00013F60  10 08 10 0A 0E 08 C4 FC  92 FE 00 00 22 23 00 00  ............"#..
00013F70  10 0A 10 0A 9E 0B EB FC  E6 FE 00 00 22 23 00 00  ............"#..
00013F80  10 0A 70 0C 68 0B C5 FD  D4 03 00 00 22 23 00 00  ..p.h......."#..
00013F90  10 08 70 0C ED 07 8F FD  91 03 00 00 22 23 00 00  ..p........."#..
00013FA0  10 08 70 0C 0E 08 B9 00  BD FC 00 00 22 23 00 00  ..p........."#..
00013FB0  10 08 50 0B 05 08 8F 03  C6 FF 00 00 22 23 00 00  ..P........."#..
00013FC0  10 0A 50 0B 97 0B 2E 03  40 00 00 00 22 23 00 00  ..P.....@..."#..
00013FD0  10 0A 70 0C A6 0B 7C 00  39 FD 00 00 01 00 00 00  ..p...|.9.......
00013FE0  08 00 00 00 02 00 00 7C  08 00 00 00 03 00 00 00  .......|........
00013FF0  10 01 00 00 0F 00 10 29  00 00 00 00 00 00 00 00  .......)........
00014000  00 00 00 00 00 00 00 00  00 00 00 00 22 23 00 00  ............"#..
00014010  B0 06 70 0C 83 0C 06 00  62 01 00 00 22 23 00 00  ..p.....b..."#..
00014020  B0 06 10 0E A6 0B 7C 00  39 FD 00 00 22 23 00 00  ......|.9..."#..
00014030  90 07 10 0E 97 0B 2E 03  40 00 00 00 22 23 00 00  ........@..."#..
00014040  90 07 10 0E 9E 0B EB FC  E6 FE 00 00 22 23 00 00  ............"#..
00014050  B0 06 10 0E A6 0B 7C 00  39 FD 00 00 22 23 00 00  ......|.9..."#..
00014060  B0 06 70 0C 83 0C 06 00  62 01 00 00 22 23 00 00  ..p.....b..."#..
00014070  90 07 10 0E 68 0B C5 FD  D4 03 00 00 22 23 00 00  ....h......."#..
00014080  B0 06 70 0C 83 0C 06 00  62 01 00 00 22 23 00 00  ..p.....b..."#..
00014090  B0 06 10 0E 87 0B E9 01  F6 03 00 00 22 23 00 00  ............"#..
000140A0  90 07 10 0E 68 0B C5 FD  D4 03 00 00 22 23 00 00  ....h......."#..
000140B0  90 07 10 0E 9E 0B EB FC  E6 FE 00 00 22 23 00 00  ............"#..
000140C0  B0 06 70 0C 83 0C 06 00  62 01 00 00 22 23 00 00  ..p.....b..."#..
000140D0  B0 06 70 0C 83 0C 06 00  62 01 00 00 22 23 00 00  ..p.....b..."#..
000140E0  90 07 10 0E 97 0B 2E 03  40 00 00 00 22 23 00 00  ........@..."#..
000140F0  B0 06 10 0E 87 0B E9 01  F6 03 00 00 04 00 00 00  ................
00014100  60 01 00 00 14 00 10 29  00 00 00 00 00 00 00 00  `......)........
00014110  00 00 00 00 00 00 00 00  00 00 00 00 22 23 00 00  ............"#..
00014120  10 08 10 0A FD 07 2A 02  B5 03 00 00 22 23 00 00  ......*....."#..
00014130  10 08 10 08 ED 07 8F FD  91 03 00 00 22 23 00 00  ............"#..
00014140  10 0A 10 08 68 0B C5 FD  D4 03 00 00 22 23 00 00  ....h......."#..
00014150  10 0A 10 0A 87 0B E9 01  F6 03 00 00 22 23 00 00  ............"#..
00014160  10 08 50 0B 05 08 8F 03  C6 FF 00 00 22 23 00 00  ..P........."#..
00014170  10 08 10 0A FD 07 2A 02  B5 03 00 00 22 23 00 00  ......*....."#..
00014180  10 0A 10 0A 87 0B E9 01  F6 03 00 00 22 23 00 00  ............"#..
00014190  10 0A 50 0B 97 0B 2E 03  40 00 00 00 22 23 00 00  ..P.....@..."#..
000141A0  10 08 10 08 0E 08 C4 FC  92 FE 00 00 22 23 00 00  ............"#..
000141B0  10 08 10 0A 0E 08 B9 00  BD FC 00 00 22 23 00 00  ............"#..
000141C0  10 0A 10 0A A6 0B 7C 00  39 FD 00 00 22 23 00 00  ......|.9..."#..
000141D0  10 0A 10 08 9E 0B EB FC  E6 FE 00 00 22 23 00 00  ............"#..
000141E0  10 08 10 0A 0E 08 C4 FC  92 FE 00 00 22 23 00 00  ............"#..
000141F0  10 0A 10 0A 9E 0B EB FC  E6 FE 00 00 22 23 00 00  ............"#..
00014200  10 0A 70 0C 68 0B C5 FD  D4 03 00 00 22 23 00 00  ..p.h......."#..
00014210  10 08 70 0C ED 07 8F FD  91 03 00 00 22 23 00 00  ..p........."#..
00014220  10 08 70 0C 0E 08 B9 00  BD FC 00 00 22 23 00 00  ..p........."#..
00014230  10 08 50 0B 05 08 8F 03  C6 FF 00 00 22 23 00 00  ..P........."#..
00014240  10 0A 50 0B 97 0B 2E 03  40 00 00 00 22 23 00 00  ..P.....@..."#..
00014250  10 0A 70 0C A6 0B 7C 00  39 FD 00 00 01 00 00 00  ..p...|.9.......
00014260  08 00 00 00 02 00 00 7C  08 00 00 00 03 00 00 00  .......|........
00014270  10 01 00 00 0F 00 10 29  00 00 00 00 00 00 00 00  .......)........
00014280  00 00 00 00 00 00 00 00  00 00 00 00 22 23 00 00  ............"#..
00014290  B0 06 70 0C 83 0C 06 00  62 01 00 00 22 23 00 00  ..p.....b..."#..
000142A0  B0 06 10 0E A6 0B 7C 00  39 FD 00 00 22 23 00 00  ......|.9..."#..
000142B0  90 07 10 0E 97 0B 2E 03  40 00 00 00 22 23 00 00  ........@..."#..
000142C0  90 07 10 0E 9E 0B EB FC  E6 FE 00 00 22 23 00 00  ............"#..
000142D0  B0 06 10 0E A6 0B 7C 00  39 FD 00 00 22 23 00 00  ......|.9..."#..
000142E0  B0 06 70 0C 83 0C 06 00  62 01 00 00 22 23 00 00  ..p.....b..."#..
000142F0  90 07 10 0E 68 0B C5 FD  D4 03 00 00 22 23 00 00  ....h......."#..
00014300  B0 06 70 0C 83 0C 06 00  62 01 00 00 22 23 00 00  ..p.....b..."#..
00014310  B0 06 10 0E 87 0B E9 01  F6 03 00 00 22 23 00 00  ............"#..
00014320  90 07 10 0E 68 0B C5 FD  D4 03 00 00 22 23 00 00  ....h......."#..
00014330  90 07 10 0E 9E 0B EB FC  E6 FE 00 00 22 23 00 00  ............"#..
00014340  B0 06 70 0C 83 0C 06 00  62 01 00 00 22 23 00 00  ..p.....b..."#..
00014350  B0 06 70 0C 83 0C 06 00  62 01 00 00 22 23 00 00  ..p.....b..."#..
00014360  90 07 10 0E 97 0B 2E 03  40 00 00 00 22 23 00 00  ........@..."#..
00014370  B0 06 10 0E 87 0B E9 01  F6 03 00 00 04 00 00 00  ................
00014380  60 01 00 00 14 00 10 29  00 00 00 00 00 00 00 00  `......)........
00014390  00 00 00 00 00 00 00 00  00 00 00 00 22 23 00 00  ............"#..
000143A0  10 08 10 0A FD 07 2A 02  B5 03 00 00 22 23 00 00  ......*....."#..
000143B0  10 08 10 08 ED 07 8F FD  91 03 00 00 22 23 00 00  ............"#..
000143C0  10 0A 10 08 68 0B C5 FD  D4 03 00 00 22 23 00 00  ....h......."#..
000143D0  10 0A 10 0A 87 0B E9 01  F6 03 00 00 22 23 00 00  ............"#..
000143E0  10 08 50 0B 05 08 8F 03  C6 FF 00 00 22 23 00 00  ..P........."#..
000143F0  10 08 10 0A FD 07 2A 02  B5 03 00 00 22 23 00 00  ......*....."#..
00014400  10 0A 10 0A 87 0B E9 01  F6 03 00 00 22 23 00 00  ............"#..
00014410  10 0A 50 0B 97 0B 2E 03  40 00 00 00 22 23 00 00  ..P.....@..."#..
00014420  10 08 10 08 0E 08 C4 FC  92 FE 00 00 22 23 00 00  ............"#..
00014430  10 08 10 0A 0E 08 B9 00  BD FC 00 00 22 23 00 00  ............"#..
00014440  10 0A 10 0A A6 0B 7C 00  39 FD 00 00 22 23 00 00  ......|.9..."#..
00014450  10 0A 10 08 9E 0B EB FC  E6 FE 00 00 22 23 00 00  ............"#..
00014460  10 08 10 0A 0E 08 C4 FC  92 FE 00 00 22 23 00 00  ............"#..
00014470  10 0A 10 0A 9E 0B EB FC  E6 FE 00 00 22 23 00 00  ............"#..
00014480  10 0A 70 0C 68 0B C5 FD  D4 03 00 00 22 23 00 00  ..p.h......."#..
00014490  10 08 70 0C ED 07 8F FD  91 03 00 00 22 23 00 00  ..p........."#..
000144A0  10 08 70 0C 0E 08 B9 00  BD FC 00 00 22 23 00 00  ..p........."#..
000144B0  10 08 50 0B 05 08 8F 03  C6 FF 00 00 22 23 00 00  ..P........."#..
000144C0  10 0A 50 0B 97 0B 2E 03  40 00 00 00 22 23 00 00  ..P.....@..."#..
000144D0  10 0A 70 0C A6 0B 7C 00  39 FD 00 00 01 00 00 00  ..p...|.9.......
000144E0  08 00 00 00 02 00 00 7C  08 00 00 00 03 00 00 00  .......|........
000144F0  10 01 00 00 0F 00 10 29  00 00 00 00 00 00 00 00  .......)........
00014500  00 00 00 00 00 00 00 00  00 00 00 00 22 23 00 00  ............"#..
00014510  B0 06 70 0C 83 0C 06 00  62 01 00 00 22 23 00 00  ..p.....b..."#..
00014520  B0 06 10 0E A6 0B 7C 00  39 FD 00 00 22 23 00 00  ......|.9..."#..
00014530  90 07 10 0E 97 0B 2E 03  40 00 00 00 22 23 00 00  ........@..."#..
00014540  90 07 10 0E 9E 0B EB FC  E6 FE 00 00 22 23 00 00  ............"#..
00014550  B0 06 10 0E A6 0B 7C 00  39 FD 00 00 22 23 00 00  ......|.9..."#..
00014560  B0 06 70 0C 83 0C 06 00  62 01 00 00 22 23 00 00  ..p.....b..."#..
00014570  90 07 10 0E 68 0B C5 FD  D4 03 00 00 22 23 00 00  ....h......."#..
00014580  B0 06 70 0C 83 0C 06 00  62 01 00 00 22 23 00 00  ..p.....b..."#..
00014590  B0 06 10 0E 87 0B E9 01  F6 03 00 00 22 23 00 00  ............"#..
000145A0  90 07 10 0E 68 0B C5 FD  D4 03 00 00 22 23 00 00  ....h......."#..
000145B0  90 07 10 0E 9E 0B EB FC  E6 FE 00 00 22 23 00 00  ............"#..
000145C0  B0 06 70 0C 83 0C 06 00  62 01 00 00 22 23 00 00  ..p.....b..."#..
000145D0  B0 06 70 0C 83 0C 06 00  62 01 00 00 22 23 00 00  ..p.....b..."#..
000145E0  90 07 10 0E 97 0B 2E 03  40 00 00 00 22 23 00 00  ........@..."#..
000145F0  B0 06 10 0E 87 0B E9 01  F6 03 00 00 04 00 00 00  ................
00014600  60 01 00 00 14 00 10 29  00 00 00 00 00 00 00 00  `......)........
00014610  00 00 00 00 00 00 00 00  00 00 00 00 22 23 00 00  ............"#..
00014620  10 08 10 0A FD 07 2A 02  B5 03 00 00 22 23 00 00  ......*....."#..
00014630  10 08 10 08 ED 07 8F FD  91 03 00 00 22 23 00 00  ............"#..
00014640  10 0A 10 08 68 0B C5 FD  D4 03 00 00 22 23 00 00  ....h......."#..
00014650  10 0A 10 0A 87 0B E9 01  F6 03 00 00 22 23 00 00  ............"#..
00014660  10 08 50 0B 05 08 8F 03  C6 FF 00 00 22 23 00 00  ..P........."#..
00014670  10 08 10 0A FD 07 2A 02  B5 03 00 00 22 23 00 00  ......*....."#..
00014680  10 0A 10 0A 87 0B E9 01  F6 03 00 00 22 23 00 00  ............"#..
00014690  10 0A 50 0B 97 0B 2E 03  40 00 00 00 22 23 00 00  ..P.....@..."#..
000146A0  10 08 10 08 0E 08 C4 FC  92 FE 00 00 22 23 00 00  ............"#..
000146B0  10 08 10 0A 0E 08 B9 00  BD FC 00 00 22 23 00 00  ............"#..
000146C0  10 0A 10 0A A6 0B 7C 00  39 FD 00 00 22 23 00 00  ......|.9..."#..
000146D0  10 0A 10 08 9E 0B EB FC  E6 FE 00 00 22 23 00 00  ............"#..
000146E0  10 08 10 0A 0E 08 C4 FC  92 FE 00 00 22 23 00 00  ............"#..
000146F0  10 0A 10 0A 9E 0B EB FC  E6 FE 00 00 22 23 00 00  ............"#..
00014700  10 0A 70 0C 68 0B C5 FD  D4 03 00 00 22 23 00 00  ..p.h......."#..
00014710  10 08 70 0C ED 07 8F FD  91 03 00 00 22 23 00 00  ..p........."#..
00014720  10 08 70 0C 0E 08 B9 00  BD FC 00 00 22 23 00 00  ..p........."#..
00014730  10 08 50 0B 05 08 8F 03  C6 FF 00 00 22 23 00 00  ..P........."#..
00014740  10 0A 50 0B 97 0B 2E 03  40 00 00 00 22 23 00 00  ..P.....@..."#..
00014750  10 0A 70 0C A6 0B 7C 00  39 FD 00 00 01 00 00 00  ..p...|.9.......
00014760  08 00 00 00 02 00 11 7C  08 00 00 00 03 00 00 00  .......|........
00014770  C0 02 00 00 2A 00 10 29  00 00 00 00 00 00 00 00  ....*..)........
00014780  00 00 00 00 00 00 00 00  00 00 00 00 22 23 00 00  ............"#..
00014790  E0 02 60 06 F7 08 94 FD  83 03 00 00 22 23 00 00  ..`........."#..
000147A0  D0 02 B0 02 2D 05 A3 FF  DE 05 00 00 22 23 00 00  ....-......."#..
000147B0  60 00 E0 03 2E 06 2D FB  E6 05 00 00 22 23 00 00  `.....-....."#..
000147C0  A0 07 20 00 7E 01 FC 02  3A FF 00 00 22 23 00 00  .. .~...:..."#..
000147D0  60 0A E0 03 F8 05 CA 00  8D FC 00 00 22 23 00 00  `..........."#..
000147E0  60 0A 20 00 4B 01 40 00  29 FD 00 00 22 23 00 00  `. .K.@.)..."#..
000147F0  20 00 A0 06 4B 01 40 00  29 FD 00 00 22 23 00 00   ...K.@.)..."#..
00014800  A0 02 20 09 C9 FE D5 00  03 00 00 00 22 23 00 00  .. ........."#..
00014810  E0 02 A0 06 7E 01 FC 02  3A FF 00 00 22 23 00 00  ....~...:..."#..
00014820  60 0A E0 03 F8 05 CA 00  8D FC 00 00 22 23 00 00  `..........."#..
00014830  E0 0C 60 06 3C 07 26 FD  39 FD 00 00 22 23 00 00  ..`.<.&.9..."#..
00014840  60 0F E0 03 1B 05 7E FB  A0 FD 00 00 22 23 00 00  `.....~....."#..
00014850  A0 07 20 00 7E 01 FC 02  3A FF 00 00 22 23 00 00  .. .~...:..."#..
00014860  60 05 20 00 73 01 39 02  8C 02 00 00 22 23 00 00  `. .s.9....."#..
00014870  60 05 E0 03 61 07 0B 03  88 03 00 00 22 23 00 00  `...a......."#..
00014880  E0 02 A0 06 7E 01 FC 02  3A FF 00 00 22 23 00 00  ....~...:..."#..
00014890  A0 02 20 09 C9 FE D5 00  03 00 00 00 22 23 00 00  .. ........."#..
000148A0  20 05 A0 06 73 01 39 02  8C 02 00 00 22 23 00 00   ...s.9....."#..
000148B0  20 00 A0 06 4B 01 40 00  29 FD 00 00 22 23 00 00   ...K.@.)..."#..
000148C0  20 00 60 0B 5D 01 36 FD  C7 FD 00 00 22 23 00 00   .`.].6....."#..
000148D0  A0 02 20 09 C9 FE D5 00  03 00 00 00 22 23 00 00  .. ........."#..
000148E0  20 05 60 0B 3B 01 CE FD  4D 03 00 00 22 23 00 00   .`.;...M..."#..
000148F0  A0 02 20 09 C9 FE D5 00  03 00 00 00 22 23 00 00  .. ........."#..
00014900  20 00 60 0B 5D 01 36 FD  C7 FD 00 00 22 23 00 00   .`.].6....."#..
00014910  20 05 A0 06 73 01 39 02  8C 02 00 00 22 23 00 00   ...s.9....."#..
00014920  A0 02 20 09 C9 FE D5 00  03 00 00 00 22 23 00 00  .. ........."#..
00014930  20 05 60 0B 3B 01 CE FD  4D 03 00 00 22 23 00 00   .`.;...M..."#..
00014940  60 00 E0 03 2E 06 2D FB  E6 05 00 00 22 23 00 00  `.....-....."#..
00014950  D0 02 B0 02 2D 05 A3 FF  DE 05 00 00 22 23 00 00  ....-......."#..
00014960  60 00 20 00 3B 01 CE FD  4D 03 00 00 22 23 00 00  `. .;...M..."#..
00014970  A0 07 20 00 7E 01 FC 02  3A FF 00 00 22 23 00 00  .. .~...:..."#..
00014980  60 05 E0 03 61 07 0B 03  88 03 00 00 22 23 00 00  `...a......."#..
00014990  60 0A E0 03 F8 05 CA 00  8D FC 00 00 22 23 00 00  `..........."#..
000149A0  E0 02 60 06 F7 08 94 FD  83 03 00 00 22 23 00 00  ..`........."#..
000149B0  60 05 E0 03 61 07 0B 03  88 03 00 00 22 23 00 00  `...a......."#..
000149C0  D0 02 B0 02 2D 05 A3 FF  DE 05 00 00 22 23 00 00  ....-......."#..
000149D0  60 05 E0 03 61 07 0B 03  88 03 00 00 22 23 00 00  `...a......."#..
000149E0  60 05 20 00 73 01 39 02  8C 02 00 00 22 23 00 00  `. .s.9....."#..
000149F0  D0 02 B0 02 2D 05 A3 FF  DE 05 00 00 22 23 00 00  ....-......."#..
00014A00  60 00 20 00 3B 01 CE FD  4D 03 00 00 22 23 00 00  `. .;...M..."#..
00014A10  D0 02 B0 02 2D 05 A3 FF  DE 05 00 00 22 23 00 00  ....-......."#..
00014A20  60 05 20 00 73 01 39 02  8C 02 00 00 04 00 00 00  `. .s.9.........
00014A30  20 01 00 00 10 00 10 29  00 00 00 00 00 00 00 00   ......)........
00014A40  00 00 00 00 00 00 00 00  00 00 00 00 22 23 00 00  ............"#..
00014A50  60 0A 20 00 4B 01 40 00  29 FD 00 00 22 23 00 00  `. .K.@.)..."#..
00014A60  60 0A E0 03 F8 05 CA 00  8D FC 00 00 22 23 00 00  `..........."#..
00014A70  60 0F E0 03 1B 05 7E FB  A0 FD 00 00 22 23 00 00  `.....~....."#..
00014A80  60 0F 20 00 5D 01 36 FD  C7 FD 00 00 22 23 00 00  `. .].6....."#..
00014A90  60 05 E0 03 61 07 0B 03  88 03 00 00 22 23 00 00  `...a......."#..
00014AA0  E0 05 60 06 F7 08 94 FD  83 03 00 00 22 23 00 00  ..`........."#..
00014AB0  20 0A 60 06 3C 07 26 FD  39 FD 00 00 22 23 00 00   .`.<.&.9..."#..
00014AC0  60 0A E0 03 F8 05 CA 00  8D FC 00 00 22 23 00 00  `..........."#..
00014AD0  60 05 E0 08 2E 06 2D FB  E6 05 00 00 22 23 00 00  `.....-....."#..
00014AE0  60 05 A0 0C 3B 01 CE FD  4D 03 00 00 22 23 00 00  `...;...M..."#..
00014AF0  60 0A A0 0C 5D 01 36 FD  C7 FD 00 00 22 23 00 00  `...].6....."#..
00014B00  60 0A E0 08 1B 05 7E FB  A0 FD 00 00 22 23 00 00  `.....~....."#..
00014B10  60 0A E0 08 1B 05 7E FB  A0 FD 00 00 22 23 00 00  `.....~....."#..
00014B20  20 0A 60 06 3C 07 26 FD  39 FD 00 00 22 23 00 00   .`.<.&.9..."#..
00014B30  E0 05 60 06 F7 08 94 FD  83 03 00 00 22 23 00 00  ..`........."#..
00014B40  60 05 E0 08 2E 06 2D FB  E6 05 00 00 01 00 00 00  `.....-.........
00014B50  08 00 00 00 02 00 11 7C  08 00 00 00 03 00 00 00  .......|........
00014B60  70 07 00 00 75 00 10 29  00 00 00 00 00 00 00 00  p...u..)........
00014B70  00 00 00 00 00 00 00 00  00 00 00 00 22 23 00 00  ............"#..
00014B80  20 05 E0 10 96 07 62 FD  65 06 00 00 22 23 00 00   .....b.e..."#..
00014B90  20 01 20 0F 9F 04 78 FD  B0 03 00 00 22 23 00 00   . ...x....."#..
00014BA0  20 01 E0 10 57 05 DF FE  57 04 00 00 22 23 00 00   ...W...W..."#..
00014BB0  20 05 20 0F 96 07 62 FD  65 06 00 00 22 23 00 00   . ...b.e..."#..
00014BC0  20 01 60 0D 78 04 1F FF  D0 05 00 00 22 23 00 00   .`.x......."#..
00014BD0  20 05 60 0D 16 07 7D FD  86 07 00 00 22 23 00 00   .`...}....."#..
00014BE0  20 05 60 0D 7E 06 E3 FB  F1 06 00 00 22 23 00 00   .`.~......."#..
00014BF0  20 01 60 0D C7 02 98 FD  97 04 00 00 22 23 00 00   .`........."#..
00014C00  20 05 20 0F 0D 07 42 FC  F8 05 00 00 22 23 00 00   . ...B....."#..
00014C10  20 01 20 0F 57 05 DF FE  57 04 00 00 22 23 00 00   . .W...W..."#..
00014C20  20 01 60 0D 78 04 1F FF  D0 05 00 00 22 23 00 00   .`.x......."#..
00014C30  20 05 20 0F 96 07 62 FD  65 06 00 00 22 23 00 00   . ...b.e..."#..
00014C40  20 05 20 0F 0D 07 42 FC  F8 05 00 00 22 23 00 00   . ...B....."#..
00014C50  20 01 60 0D C7 02 98 FD  97 04 00 00 22 23 00 00   .`........."#..
00014C60  20 01 20 0F 9F 04 78 FD  B0 03 00 00 22 23 00 00   . ...x....."#..
00014C70  20 05 20 0F 0D 07 42 FC  F8 05 00 00 22 23 00 00   . ...B....."#..
00014C80  20 01 20 0F 9F 04 78 FD  B0 03 00 00 22 23 00 00   . ...x....."#..
00014C90  20 05 E0 10 96 07 62 FD  65 06 00 00 22 23 00 00   .....b.e..."#..
00014CA0  B5 05 60 04 9D 06 20 02  D0 03 00 00 22 23 00 00  ..`... ....."#..
00014CB0  B6 04 45 02 73 04 B3 00  81 04 00 00 22 23 00 00  ..E.s......."#..
00014CC0  12 04 71 04 C2 06 27 00  DB 03 00 00 22 23 00 00  ..q...'....."#..
00014CD0  B5 08 20 00 2F 01 C1 02  6F FF 00 00 22 23 00 00  .. ./...o..."#..
00014CE0  75 06 20 00 3E 01 D3 01  52 03 00 00 22 23 00 00  u. .>...R..."#..
00014CF0  B5 05 60 04 9D 06 20 02  D0 03 00 00 22 23 00 00  ..`... ....."#..
00014D00  B5 08 20 00 2F 01 C1 02  6F FF 00 00 22 23 00 00  .. ./...o..."#..
00014D10  75 0A E0 03 0A 06 84 01  91 FC 00 00 22 23 00 00  u..........."#..
00014D20  B5 0A 20 00 3E 01 51 00  2A FD 00 00 22 23 00 00  .. .>.Q.*..."#..
00014D30  E0 0C A0 0C 1D 04 65 FF  8E 00 00 00 22 23 00 00  ......e....."#..
00014D40  20 0F E0 0F 89 05 ED FF  28 FD 00 00 22 23 00 00   .......(..."#..
00014D50  E0 0F 20 0D 7F 07 49 00  14 00 00 00 22 23 00 00  .. ...I....."#..
00014D60  35 08 32 05 7F 07 49 00  14 00 00 00 22 23 00 00  5.2...I....."#..
00014D70  75 0A 32 05 89 05 ED FF  28 FD 00 00 22 23 00 00  u.2.....(..."#..
00014D80  75 0A E0 03 0A 06 84 01  91 FC 00 00 22 23 00 00  u..........."#..
00014D90  20 05 A0 06 2F 01 C1 02  6F FF 00 00 22 23 00 00   .../...o..."#..
00014DA0  A0 02 20 09 C9 FE 98 00  03 00 00 00 22 23 00 00  .. ........."#..
00014DB0  20 00 A0 06 3E 01 D3 01  52 03 00 00 22 23 00 00   ...>...R..."#..
00014DC0  75 03 20 00 3E 01 57 FE  4C 03 00 00 22 23 00 00  u. .>.W.L..."#..
00014DD0  60 02 20 01 C7 02 98 FD  97 04 00 00 22 23 00 00  `. ........."#..
00014DE0  75 06 20 00 3E 01 D3 01  52 03 00 00 22 23 00 00  u. .>...R..."#..
00014DF0  B6 04 45 02 73 04 B3 00  81 04 00 00 22 23 00 00  ..E.s......."#..
00014E00  B5 05 60 04 9D 06 20 02  D0 03 00 00 22 23 00 00  ..`... ....."#..
00014E10  75 06 20 00 3E 01 D3 01  52 03 00 00 22 23 00 00  u. .>...R..."#..
00014E20  B5 08 20 00 2F 01 C1 02  6F FF 00 00 22 23 00 00  .. ./...o..."#..
00014E30  35 08 60 04 18 07 85 02  14 00 00 00 22 23 00 00  5.`........."#..
00014E40  75 0A E0 03 0A 06 84 01  91 FC 00 00 22 23 00 00  u..........."#..
00014E50  A0 02 20 09 C9 FE 98 00  03 00 00 00 22 23 00 00  .. ........."#..
00014E60  A0 02 20 0B 3E 01 A4 FD  9E FF 00 00 22 23 00 00  .. .>......."#..
00014E70  20 00 23 09 3E 01 57 FE  4C 03 00 00 22 23 00 00   .#.>.W.L..."#..
00014E80  A0 02 20 09 C9 FE 98 00  03 00 00 00 22 23 00 00  .. ........."#..
00014E90  20 00 23 09 3E 01 57 FE  4C 03 00 00 22 23 00 00   .#.>.W.L..."#..
00014EA0  20 00 A0 06 3E 01 D3 01  52 03 00 00 22 23 00 00   ...>...R..."#..
00014EB0  20 05 20 09 3E 01 51 00  2A FD 00 00 22 23 00 00   . .>.Q.*..."#..
00014EC0  A0 02 20 09 C9 FE 98 00  03 00 00 00 22 23 00 00  .. ........."#..
00014ED0  20 05 A0 06 2F 01 C1 02  6F FF 00 00 22 23 00 00   .../...o..."#..
00014EE0  B5 08 20 00 2F 01 C1 02  6F FF 00 00 22 23 00 00  .. ./...o..."#..
00014EF0  B5 05 60 04 9D 06 20 02  D0 03 00 00 22 23 00 00  ..`... ....."#..
00014F00  35 08 60 04 18 07 85 02  14 00 00 00 22 23 00 00  5.`........."#..
00014F10  B5 05 32 05 C2 06 27 00  DB 03 00 00 22 23 00 00  ..2...'....."#..
00014F20  35 08 32 05 7F 07 49 00  14 00 00 00 22 23 00 00  5.2...I....."#..
00014F30  B5 05 60 04 9D 06 20 02  D0 03 00 00 22 23 00 00  ..`... ....."#..
00014F40  A0 02 20 02 78 04 1F FF  D0 05 00 00 22 23 00 00  .. .x......."#..
00014F50  A0 02 60 03 57 05 DF FE  57 04 00 00 22 23 00 00  ..`.W...W..."#..
00014F60  B6 04 45 02 73 04 B3 00  81 04 00 00 22 23 00 00  ..E.s......."#..
00014F70  B6 04 45 02 73 04 B3 00  81 04 00 00 22 23 00 00  ..E.s......."#..
00014F80  75 06 20 00 3E 01 D3 01  52 03 00 00 22 23 00 00  u. .>...R..."#..
00014F90  A0 02 20 02 78 04 1F FF  D0 05 00 00 22 23 00 00  .. .x......."#..
00014FA0  60 0B E0 08 C7 02 98 FD  97 04 00 00 22 23 00 00  `..........."#..
00014FB0  A0 0A A0 0D 3E 01 A4 FD  9E FF 00 00 22 23 00 00  ....>......."#..
00014FC0  E0 0B A0 0B 9C 03 5A FD  D3 01 00 00 22 23 00 00  ......Z....."#..
00014FD0  E0 0C A0 0C 1D 04 65 FF  8E 00 00 00 22 23 00 00  ......e....."#..
00014FE0  20 0F E0 09 C2 06 27 00  DB 03 00 00 22 23 00 00   .....'....."#..
00014FF0  60 0D E0 09 57 05 DF FE  57 04 00 00 22 23 00 00  `...W...W..."#..
00015000  E0 0B A0 0B 9C 03 5A FD  D3 01 00 00 22 23 00 00  ......Z....."#..
00015010  E0 0C A0 0C 1D 04 65 FF  8E 00 00 00 22 23 00 00  ......e....."#..
00015020  C0 0C 1A 0A 9F 04 78 FD  B0 03 00 00 22 23 00 00  ......x....."#..
00015030  A0 0A A0 0D 3E 01 A4 FD  9E FF 00 00 22 23 00 00  ....>......."#..
00015040  E0 0C A0 0C 1D 04 65 FF  8E 00 00 00 22 23 00 00  ......e....."#..
00015050  E0 0B A0 0B 9C 03 5A FD  D3 01 00 00 22 23 00 00  ......Z....."#..
00015060  A0 0A E0 0F 3E 01 51 00  2A FD 00 00 22 23 00 00  ....>.Q.*..."#..
00015070  20 0F E0 0F 89 05 ED FF  28 FD 00 00 22 23 00 00   .......(..."#..
00015080  A0 0A A0 0D 3E 01 A4 FD  9E FF 00 00 22 23 00 00  ....>......."#..
00015090  E0 0C A0 0C 1D 04 65 FF  8E 00 00 00 22 23 00 00  ......e....."#..
000150A0  E0 0F 20 0D 7F 07 49 00  14 00 00 00 22 23 00 00  .. ...I....."#..
000150B0  20 0F E0 09 C2 06 27 00  DB 03 00 00 22 23 00 00   .....'....."#..
000150C0  B5 0A 20 00 3E 01 51 00  2A FD 00 00 22 23 00 00  .. .>.Q.*..."#..
000150D0  75 0A E0 03 0A 06 84 01  91 FC 00 00 22 23 00 00  u..........."#..
000150E0  4D 0B 3B 03 89 05 ED FF  28 FD 00 00 22 23 00 00  M.;.....(..."#..
000150F0  A0 0A A0 0D 3E 01 A4 FD  9E FF 00 00 22 23 00 00  ....>......."#..
00015100  20 0F E0 0F 89 05 ED FF  28 FD 00 00 22 23 00 00   .......(..."#..
00015110  E0 0C A0 0C 1D 04 65 FF  8E 00 00 00 22 23 00 00  ......e....."#..
00015120  20 05 20 09 3E 01 51 00  2A FD 00 00 22 23 00 00   . .>.Q.*..."#..
00015130  A0 02 20 0B 3E 01 A4 FD  9E FF 00 00 22 23 00 00  .. .>......."#..
00015140  A0 02 20 09 C9 FE 98 00  03 00 00 00 22 23 00 00  .. ........."#..
00015150  A0 0A 20 0A 3E 01 57 FE  4C 03 00 00 22 23 00 00  .. .>.W.L..."#..
00015160  A0 0A A0 0D 3E 01 A4 FD  9E FF 00 00 22 23 00 00  ....>......."#..
00015170  60 0B E0 08 C7 02 98 FD  97 04 00 00 22 23 00 00  `..........."#..
00015180  12 04 71 04 C2 06 27 00  DB 03 00 00 22 23 00 00  ..q...'....."#..
00015190  B6 04 45 02 73 04 B3 00  81 04 00 00 22 23 00 00  ..E.s......."#..
000151A0  A0 02 60 03 57 05 DF FE  57 04 00 00 22 23 00 00  ..`.W...W..."#..
000151B0  35 08 32 05 7F 07 49 00  14 00 00 00 22 23 00 00  5.2...I....."#..
000151C0  75 0A E0 03 0A 06 84 01  91 FC 00 00 22 23 00 00  u..........."#..
000151D0  35 08 60 04 18 07 85 02  14 00 00 00 22 23 00 00  5.`........."#..
000151E0  B5 05 60 04 9D 06 20 02  D0 03 00 00 22 23 00 00  ..`... ....."#..
000151F0  35 08 32 05 7F 07 49 00  14 00 00 00 22 23 00 00  5.2...I....."#..
00015200  35 08 60 04 18 07 85 02  14 00 00 00 22 23 00 00  5.`........."#..
00015210  C0 0C 1A 0A 9F 04 78 FD  B0 03 00 00 22 23 00 00  ......x....."#..
00015220  E0 0C A0 0C 1D 04 65 FF  8E 00 00 00 22 23 00 00  ......e....."#..
00015230  60 0D E0 09 57 05 DF FE  57 04 00 00 22 23 00 00  `...W...W..."#..
00015240  A0 02 60 03 57 05 DF FE  57 04 00 00 22 23 00 00  ..`.W...W..."#..
00015250  A0 02 20 02 78 04 1F FF  D0 05 00 00 22 23 00 00  .. .x......."#..
00015260  20 02 60 03 9F 04 78 FD  B0 03 00 00 22 23 00 00   .`...x....."#..
00015270  E0 0B A0 0B 9C 03 5A FD  D3 01 00 00 22 23 00 00  ......Z....."#..
00015280  C0 0C 1A 0A 9F 04 78 FD  B0 03 00 00 22 23 00 00  ......x....."#..
00015290  60 0B E0 08 C7 02 98 FD  97 04 00 00 22 23 00 00  `..........."#..
000152A0  75 06 20 00 3E 01 D3 01  52 03 00 00 22 23 00 00  u. .>...R..."#..
000152B0  60 02 20 01 C7 02 98 FD  97 04 00 00 22 23 00 00  `. ........."#..
000152C0  A0 02 20 02 78 04 1F FF  D0 05 00 00 04 00 00 00  .. .x...........
000152D0  A0 05 00 00 58 00 10 29  00 00 00 00 00 00 00 00  ....X..)........
000152E0  00 00 00 00 00 00 00 00  00 00 00 00 22 23 00 00  ............"#..
000152F0  20 05 60 0D 7A 0B 74 01  76 05 00 00 22 23 00 00   .`.z.t.v..."#..
00015300  20 00 60 0D 9D 06 20 02  D0 03 00 00 22 23 00 00   .`... ....."#..
00015310  20 00 20 0F C2 06 27 00  DB 03 00 00 22 23 00 00   . ...'....."#..
00015320  20 05 20 0F 63 0B 70 00  5D 05 00 00 22 23 00 00   . .c.p.]..."#..
00015330  20 00 60 0D CA 06 3F 02  29 02 00 00 22 23 00 00   .`...?.)..."#..
00015340  20 00 A0 0B 9D 06 20 02  D0 03 00 00 22 23 00 00   ..... ....."#..
00015350  20 05 A0 0B 7A 0B 74 01  76 05 00 00 22 23 00 00   ...z.t.v..."#..
00015360  20 05 60 0D F2 0B 87 01  15 04 00 00 22 23 00 00   .`........."#..
00015370  20 00 20 0F 19 07 25 00  32 02 00 00 22 23 00 00   . ...%.2..."#..
00015380  20 00 60 0D CA 06 3F 02  29 02 00 00 22 23 00 00   .`...?.)..."#..
00015390  20 05 60 0D F2 0B 87 01  15 04 00 00 22 23 00 00   .`........."#..
000153A0  20 05 20 0F DB 0B 83 00  FD 03 00 00 22 23 00 00   . ........."#..
000153B0  20 00 E0 10 C2 06 27 00  DB 03 00 00 22 23 00 00   .....'....."#..
000153C0  20 00 20 0F 19 07 25 00  32 02 00 00 22 23 00 00   . ...%.2..."#..
000153D0  20 05 20 0F DB 0B 83 00  FD 03 00 00 22 23 00 00   . ........."#..
000153E0  20 05 E0 10 63 0B 70 00  5D 05 00 00 22 23 00 00   ...c.p.]..."#..
000153F0  20 06 20 0F 63 0B 70 00  5D 05 00 00 22 23 00 00   . .c.p.]..."#..
00015400  20 05 20 0F DB 0B 83 00  FD 03 00 00 22 23 00 00   . ........."#..
00015410  20 05 60 0D F2 0B 87 01  15 04 00 00 22 23 00 00   .`........."#..
00015420  20 06 60 0D 7A 0B 74 01  76 05 00 00 22 23 00 00   .`.z.t.v..."#..
00015430  20 05 60 0D 49 0D 04 00  59 02 00 00 22 23 00 00   .`.I...Y..."#..
00015440  20 00 60 0D C0 06 49 02  D2 01 00 00 22 23 00 00   .`...I....."#..
00015450  20 00 20 0F 12 07 3F 00  D3 01 00 00 22 23 00 00   . ...?....."#..
00015460  20 05 20 0F C0 0C 26 FF  3E 02 00 00 22 23 00 00   . ...&.>..."#..
00015470  20 00 60 0D 18 07 85 02  14 00 00 00 22 23 00 00   .`........."#..
00015480  20 00 A0 0B C0 06 49 02  D2 01 00 00 22 23 00 00   .....I....."#..
00015490  20 05 A0 0B 49 0D 04 00  59 02 00 00 22 23 00 00   ...I...Y..."#..
000154A0  20 05 60 0D 7F 0D 0C 00  E7 00 00 00 22 23 00 00   .`........."#..
000154B0  20 00 20 0F F4 06 66 00  22 00 00 00 22 23 00 00   . ...f."..."#..
000154C0  20 00 60 0D 18 07 85 02  14 00 00 00 22 23 00 00   .`........."#..
000154D0  20 05 60 0D 7F 0D 0C 00  E7 00 00 00 22 23 00 00   .`........."#..
000154E0  20 05 20 0F F6 0C 2F FF  CC 00 00 00 22 23 00 00   . .../....."#..
000154F0  20 00 E0 10 12 07 3F 00  D3 01 00 00 22 23 00 00   .....?....."#..
00015500  20 00 20 0F F4 06 66 00  22 00 00 00 22 23 00 00   . ...f."..."#..
00015510  20 05 20 0F F6 0C 2F FF  CC 00 00 00 22 23 00 00   . .../....."#..
00015520  20 05 E0 10 C0 0C 26 FF  3E 02 00 00 22 23 00 00   .....&.>..."#..
00015530  20 06 20 0F C0 0C 26 FF  3E 02 00 00 22 23 00 00   . ...&.>..."#..
00015540  20 05 20 0F F6 0C 2F FF  CC 00 00 00 22 23 00 00   . .../....."#..
00015550  20 05 60 0D 7F 0D 0C 00  E7 00 00 00 22 23 00 00   .`........."#..
00015560  20 06 60 0D 49 0D 04 00  59 02 00 00 22 23 00 00   .`.I...Y..."#..
00015570  20 05 60 0D DB 0B F9 FE  52 FF 00 00 22 23 00 00   .`.....R..."#..
00015580  20 00 60 0D 18 07 85 02  14 00 00 00 22 23 00 00   .`........."#..
00015590  20 00 20 0F A9 06 49 00  6D 00 00 00 22 23 00 00   . ...I.m..."#..
000155A0  20 05 20 0F 22 0B 4B FE  91 FF 00 00 22 23 00 00   . .".K....."#..
000155B0  20 00 60 0D 94 06 02 02  6D FE 00 00 22 23 00 00   .`.....m..."#..
000155C0  20 00 A0 0B 18 07 85 02  14 00 00 00 22 23 00 00   ..........."#..
000155D0  20 05 A0 0B DB 0B F9 FE  52 FF 00 00 22 23 00 00   .......R..."#..
000155E0  20 05 60 0D 8A 0B C7 FE  EA FD 00 00 22 23 00 00   .`........."#..
000155F0  20 00 20 0F 30 06 24 00  BC FE 00 00 22 23 00 00   . .0.$....."#..
00015600  20 00 60 0D 94 06 02 02  6D FE 00 00 22 23 00 00   .`.....m..."#..
00015610  20 05 60 0D 8A 0B C7 FE  EA FD 00 00 22 23 00 00   .`........."#..
00015620  20 05 20 0F D1 0A 19 FE  28 FE 00 00 22 23 00 00   . .....(..."#..
00015630  20 00 E0 10 A9 06 49 00  6D 00 00 00 22 23 00 00   .....I.m..."#..
00015640  20 00 20 0F 30 06 24 00  BC FE 00 00 22 23 00 00   . .0.$....."#..
00015650  20 05 20 0F D1 0A 19 FE  28 FE 00 00 22 23 00 00   . .....(..."#..
00015660  20 05 E0 10 22 0B 4B FE  91 FF 00 00 22 23 00 00   ...".K....."#..
00015670  20 06 20 0F 22 0B 4B FE  91 FF 00 00 22 23 00 00   . .".K....."#..
00015680  20 05 20 0F D1 0A 19 FE  28 FE 00 00 22 23 00 00   . .....(..."#..
00015690  20 05 60 0D 8A 0B C7 FE  EA FD 00 00 22 23 00 00   .`........."#..
000156A0  20 06 60 0D DB 0B F9 FE  52 FF 00 00 22 23 00 00   .`.....R..."#..
000156B0  20 05 60 0D 3A 09 12 FE  9B FC 00 00 22 23 00 00   .`.:......."#..
000156C0  20 00 60 0D 75 06 E7 01  F6 FD 00 00 22 23 00 00   .`.u......."#..
000156D0  20 00 20 0F BC 05 A3 00  C5 FE 00 00 22 23 00 00   . ........."#..
000156E0  20 05 20 0F A9 08 88 FD  0F FD 00 00 22 23 00 00   . ........."#..
000156F0  20 00 A0 0B 0A 06 84 01  91 FC 00 00 22 23 00 00   ..........."#..
00015700  20 00 60 0D 75 06 E7 01  F6 FD 00 00 22 23 00 00   .`.u......."#..
00015710  20 05 60 0D 3A 09 12 FE  9B FC 00 00 22 23 00 00   .`.:......."#..
00015720  20 05 A0 0B 77 08 F9 FD  92 FB 00 00 22 23 00 00   ...w......."#..
00015730  20 00 20 0F 72 05 25 00  77 FD 00 00 22 23 00 00   . .r.%.w..."#..
00015740  20 00 60 0D 0A 06 84 01  91 FC 00 00 22 23 00 00   .`........."#..
00015750  20 05 60 0D 77 08 F9 FD  92 FB 00 00 22 23 00 00   .`.w......."#..
00015760  20 05 20 0F E6 07 6F FD  07 FC 00 00 22 23 00 00   . ...o....."#..
00015770  20 00 E0 10 BC 05 A3 00  C5 FE 00 00 22 23 00 00   ..........."#..
00015780  20 00 20 0F 72 05 25 00  77 FD 00 00 22 23 00 00   . .r.%.w..."#..
00015790  20 05 20 0F E6 07 6F FD  07 FC 00 00 22 23 00 00   . ...o....."#..
000157A0  20 05 E0 10 A9 08 88 FD  0F FD 00 00 22 23 00 00   ..........."#..
000157B0  20 06 20 0F A9 08 88 FD  0F FD 00 00 22 23 00 00   . ........."#..
000157C0  20 05 20 0F E6 07 6F FD  07 FC 00 00 22 23 00 00   . ...o....."#..
000157D0  20 05 60 0D 77 08 F9 FD  92 FB 00 00 22 23 00 00   .`.w......."#..
000157E0  20 06 60 0D 3A 09 12 FE  9B FC 00 00 22 23 00 00   .`.:......."#..
000157F0  20 01 A0 0B 78 04 1F FF  D0 05 00 00 22 23 00 00   ...x......."#..
00015800  20 01 60 0D C7 02 98 FD  97 04 00 00 22 23 00 00   .`........."#..
00015810  20 05 60 0D 7E 06 E3 FB  F1 06 00 00 22 23 00 00   .`.~......."#..
00015820  20 05 A0 0B 16 07 7D FD  86 07 00 00 22 23 00 00   .....}....."#..
00015830  20 06 20 0F 0D 07 42 FC  F8 05 00 00 22 23 00 00   . ...B....."#..
00015840  20 05 20 0F 96 07 62 FD  65 06 00 00 22 23 00 00   . ...b.e..."#..
00015850  20 05 60 0D 16 07 7D FD  86 07 00 00 22 23 00 00   .`...}....."#..
00015860  20 06 60 0D 7E 06 E3 FB  F1 06 00 00 01 00 00 00   .`.~...........
00015870  08 00 00 00 02 00 11 7C  08 00 00 00 03 00 00 00  .......|........
00015880  30 08 00 00 81 00 10 29  00 00 00 00 00 00 00 00  0......)........
00015890  00 00 00 00 00 00 00 00  00 00 00 00 22 23 00 00  ............"#..
000158A0  A0 05 00 10 AB 09 B8 FE  6B 03 00 00 22 23 00 00  ........k..."#..
000158B0  20 06 60 0D 22 0B 5E FF  CA 02 00 00 22 23 00 00   .`.".^....."#..
000158C0  20 05 60 0D EC 0A 5F FF  44 04 00 00 22 23 00 00   .`..._.D..."#..
000158D0  20 00 00 10 65 06 F6 FF  99 03 00 00 22 23 00 00   ...e......."#..
000158E0  A0 02 60 0D 82 09 FC 01  14 04 00 00 22 23 00 00  ..`........."#..
000158F0  20 00 60 0D 12 06 FA 01  81 03 00 00 22 23 00 00   .`........."#..
00015900  20 00 50 11 A6 06 07 00  E8 01 00 00 22 23 00 00   .P........."#..
00015910  A0 02 A0 12 9F 09 2B 02  82 02 00 00 22 23 00 00  ......+....."#..
00015920  A0 02 00 10 81 08 52 00  2D 03 00 00 22 23 00 00  ......R.-..."#..
00015930  A0 05 00 10 3E 07 9B FD  B7 00 00 00 22 23 00 00  ....>......."#..
00015940  20 06 60 0D 7D 08 E2 FC  0F 00 00 00 22 23 00 00   .`.}......."#..
00015950  20 05 60 0D 5F 08 F5 FC  8B 01 00 00 22 23 00 00   .`._......."#..
00015960  08 0D E0 03 E9 05 D3 FF  CC FF 00 00 22 23 00 00  ............"#..
00015970  E8 0C 36 06 EA 07 09 FF  96 FF 00 00 22 23 00 00  ..6........."#..
00015980  7A 0A D8 03 93 06 61 02  B1 FF 00 00 22 23 00 00  z.....a....."#..
00015990  08 0D E0 03 F9 04 43 FF  B4 FC 00 00 22 23 00 00  ......C....."#..
000159A0  7A 0A D8 03 7F 05 5A 01  1A FC 00 00 22 23 00 00  z.....Z....."#..
000159B0  E8 0C 36 06 C7 06 A0 FE  84 FC 00 00 22 23 00 00  ..6........."#..
000159C0  08 0D E0 03 F9 04 43 FF  B4 FC 00 00 22 23 00 00  ......C....."#..
000159D0  E8 0C 36 06 C7 06 A0 FE  84 FC 00 00 22 23 00 00  ..6........."#..
000159E0  6C 0F F1 03 00 04 97 FD  33 FD 00 00 22 23 00 00  l.......3..."#..
000159F0  6C 0F F1 03 BB 04 DF FD  D1 FF 00 00 22 23 00 00  l..........."#..
00015A00  E8 0C 36 06 EA 07 09 FF  96 FF 00 00 22 23 00 00  ..6........."#..
00015A10  08 0D E0 03 E9 05 D3 FF  CC FF 00 00 22 23 00 00  ............"#..
00015A20  A0 05 00 10 91 06 2C FD  8E 03 00 00 22 23 00 00  ......,....."#..
00015A30  20 06 60 0D 55 07 5F FD  C3 04 00 00 22 23 00 00   .`.U._....."#..
00015A40  20 05 60 0D AA 06 C8 FB  1C 04 00 00 22 23 00 00   .`........."#..
00015A50  B6 05 59 04 12 06 FA 01  81 03 00 00 22 23 00 00  ..Y........."#..
00015A60  B6 04 3D 02 DD 03 85 00  E2 03 00 00 22 23 00 00  ..=........."#..
00015A70  12 04 DF 03 65 06 F6 FF  99 03 00 00 22 23 00 00  ....e......."#..
00015A80  B8 08 15 00 CD 00 9E 02  08 FF 00 00 22 23 00 00  ............"#..
00015A90  76 06 15 00 DE 00 AB 01  00 03 00 00 22 23 00 00  v..........."#..
00015AA0  B6 05 59 04 12 06 FA 01  81 03 00 00 22 23 00 00  ..Y........."#..
00015AB0  B8 08 15 00 CD 00 9E 02  08 FF 00 00 22 23 00 00  ............"#..
00015AC0  7A 0A D8 03 7C 05 5A 01  1A FC 00 00 22 23 00 00  z...|.Z....."#..
00015AD0  BA 0A 15 00 DE 00 20 00  B6 FC 00 00 22 23 00 00  ...... ....."#..
00015AE0  E6 0C A0 0C 85 03 2F FF  2D 00 00 00 22 23 00 00  ....../.-..."#..
00015AF0  22 0E E2 0F F9 04 43 FF  B4 FC 00 00 22 23 00 00  ".....C....."#..
00015B00  A9 0F 20 0D FA 06 19 00  B1 FF 00 00 22 23 00 00  .. ........."#..
00015B10  38 08 2C 05 FA 06 19 00  B1 FF 00 00 22 23 00 00  8.,........."#..
00015B20  7A 0A 2C 05 F9 04 43 FF  B4 FC 00 00 22 23 00 00  z.,...C....."#..
00015B30  7A 0A D8 03 7C 05 5A 01  1A FC 00 00 22 23 00 00  z...|.Z....."#..
00015B40  20 05 9B 06 CD 00 9E 02  08 FF 00 00 22 23 00 00   ..........."#..
00015B50  9E 02 1D 09 CF FD B1 FF  0B 00 00 00 22 23 00 00  ............"#..
00015B60  1C 00 9B 06 DE 00 AB 01  00 03 00 00 22 23 00 00  ............"#..
00015B70  74 03 15 00 DE 00 1C FE  FB 02 00 00 22 23 00 00  t..........."#..
00015B80  73 02 96 01 27 02 59 FD  8A 03 00 00 22 23 00 00  s...'.Y....."#..
00015B90  76 06 15 00 DE 00 AB 01  00 03 00 00 22 23 00 00  v..........."#..
00015BA0  B6 04 3D 02 DD 03 85 00  E2 03 00 00 22 23 00 00  ..=........."#..
00015BB0  B6 05 59 04 12 06 FA 01  81 03 00 00 22 23 00 00  ..Y........."#..
00015BC0  76 06 15 00 DE 00 AB 01  00 03 00 00 22 23 00 00  v..........."#..
00015BD0  B8 08 15 00 CD 00 9E 02  08 FF 00 00 22 23 00 00  ............"#..
00015BE0  38 08 59 04 91 06 61 02  B1 FF 00 00 22 23 00 00  8.Y...a....."#..
00015BF0  7A 0A D8 03 7C 05 5A 01  1A FC 00 00 22 23 00 00  z...|.Z....."#..
00015C00  9E 02 1D 09 CF FD B1 FF  0B 00 00 00 22 23 00 00  ............"#..
00015C10  AA 02 1E 0B DE 00 64 FD  37 FF 00 00 22 23 00 00  ......d.7..."#..
00015C20  1C 00 20 09 DE 00 1C FE  FB 02 00 00 22 23 00 00  .. ........."#..
00015C30  9E 02 1D 09 CF FD B1 FF  0B 00 00 00 22 23 00 00  ............"#..
00015C40  1C 00 20 09 DE 00 1C FE  FB 02 00 00 22 23 00 00  .. ........."#..
00015C50  1C 00 9B 06 DE 00 AB 01  00 03 00 00 22 23 00 00  ............"#..
00015C60  20 05 1D 09 DE 00 20 00  B6 FC 00 00 22 23 00 00   ..... ....."#..
00015C70  9E 02 1D 09 CF FD B1 FF  0B 00 00 00 22 23 00 00  ............"#..
00015C80  20 05 9B 06 CD 00 9E 02  08 FF 00 00 22 23 00 00   ..........."#..
00015C90  B8 08 15 00 CD 00 9E 02  08 FF 00 00 22 23 00 00  ............"#..
00015CA0  B6 05 59 04 12 06 FA 01  81 03 00 00 22 23 00 00  ..Y........."#..
00015CB0  38 08 59 04 91 06 61 02  B1 FF 00 00 22 23 00 00  8.Y...a....."#..
00015CC0  B6 05 2C 05 65 06 F6 FF  99 03 00 00 22 23 00 00  ..,.e......."#..
00015CD0  38 08 2C 05 FA 06 19 00  B1 FF 00 00 22 23 00 00  8.,........."#..
00015CE0  B6 05 59 04 12 06 FA 01  81 03 00 00 22 23 00 00  ..Y........."#..
00015CF0  B6 04 3D 02 DD 03 85 00  E2 03 00 00 22 23 00 00  ..=........."#..
00015D00  76 06 15 00 DE 00 AB 01  00 03 00 00 22 23 00 00  v..........."#..
00015D10  74 03 17 02 E2 03 E8 FE  CA 04 00 00 22 23 00 00  t..........."#..
00015D20  65 0B DC 08 27 02 59 FD  8A 03 00 00 22 23 00 00  e...'.Y....."#..
00015D30  A4 0A A0 0D DE 00 64 FD  37 FF 00 00 22 23 00 00  ......d.7..."#..
00015D40  E5 0B 9F 0B 01 03 19 FD  79 01 00 00 22 23 00 00  ........y..."#..
00015D50  E6 0C A0 0C 85 03 2F FF  2D 00 00 00 22 23 00 00  ....../.-..."#..
00015D60  28 0F DD 09 65 06 F6 FF  99 03 00 00 22 23 00 00  (...e......."#..
00015D70  67 0D DD 09 67 04 10 FE  40 03 00 00 22 23 00 00  g...g...@..."#..
00015D80  E5 0B 9F 0B 01 03 19 FD  79 01 00 00 22 23 00 00  ........y..."#..
00015D90  E6 0C A0 0C 85 03 2F FF  2D 00 00 00 22 23 00 00  ....../.-..."#..
00015DA0  16 0D FB 09 67 04 10 FE  40 03 00 00 22 23 00 00  ....g...@..."#..
00015DB0  A4 0A A0 0D DE 00 64 FD  37 FF 00 00 22 23 00 00  ......d.7..."#..
00015DC0  E6 0C A0 0C 85 03 2F FF  2D 00 00 00 22 23 00 00  ....../.-..."#..
00015DD0  E5 0B 9F 0B 01 03 19 FD  79 01 00 00 22 23 00 00  ........y..."#..
00015DE0  A4 0A E2 0F DE 00 20 00  B6 FC 00 00 22 23 00 00  ...... ....."#..
00015DF0  22 0E E2 0F F9 04 43 FF  B4 FC 00 00 22 23 00 00  ".....C....."#..
00015E00  A4 0A A0 0D DE 00 64 FD  37 FF 00 00 22 23 00 00  ......d.7..."#..
00015E10  E6 0C A0 0C 85 03 2F FF  2D 00 00 00 22 23 00 00  ....../.-..."#..
00015E20  A9 0F 20 0D FA 06 19 00  B1 FF 00 00 22 23 00 00  .. ........."#..
00015E30  28 0F DD 09 65 06 F6 FF  99 03 00 00 22 23 00 00  (...e......."#..
00015E40  BA 0A 15 00 DE 00 20 00  B6 FC 00 00 22 23 00 00  ...... ....."#..
00015E50  7A 0A D8 03 7C 05 5A 01  1A FC 00 00 22 23 00 00  z...|.Z....."#..
00015E60  62 0B 9C 03 F9 04 43 FF  B4 FC 00 00 22 23 00 00  b.....C....."#..
00015E70  A4 0A A0 0D DE 00 64 FD  37 FF 00 00 22 23 00 00  ......d.7..."#..
00015E80  22 0E E2 0F F9 04 43 FF  B4 FC 00 00 22 23 00 00  ".....C....."#..
00015E90  E6 0C A0 0C 85 03 2F FF  2D 00 00 00 22 23 00 00  ....../.-..."#..
00015EA0  20 05 1D 09 DE 00 20 00  B6 FC 00 00 22 23 00 00   ..... ....."#..
00015EB0  AA 02 1E 0B DE 00 64 FD  37 FF 00 00 22 23 00 00  ......d.7..."#..
00015EC0  9E 02 1D 09 CF FD B1 FF  0B 00 00 00 22 23 00 00  ............"#..
00015ED0  A4 0A 1E 0A DE 00 1C FE  FB 02 00 00 22 23 00 00  ............"#..
00015EE0  A4 0A A0 0D DE 00 64 FD  37 FF 00 00 22 23 00 00  ......d.7..."#..
00015EF0  65 0B DC 08 27 02 59 FD  8A 03 00 00 22 23 00 00  e...'.Y....."#..
00015F00  33 03 D1 02 67 04 10 FE  40 03 00 00 22 23 00 00  3...g...@..."#..
00015F10  12 04 DF 03 65 06 F6 FF  99 03 00 00 22 23 00 00  ....e......."#..
00015F20  74 03 17 02 E2 03 E8 FE  CA 04 00 00 22 23 00 00  t..........."#..
00015F30  38 08 2C 05 FA 06 19 00  B1 FF 00 00 22 23 00 00  8.,........."#..
00015F40  7A 0A D8 03 7C 05 5A 01  1A FC 00 00 22 23 00 00  z...|.Z....."#..
00015F50  38 08 59 04 91 06 61 02  B1 FF 00 00 22 23 00 00  8.Y...a....."#..
00015F60  B6 05 59 04 12 06 FA 01  81 03 00 00 22 23 00 00  ..Y........."#..
00015F70  38 08 2C 05 FA 06 19 00  B1 FF 00 00 22 23 00 00  8.,........."#..
00015F80  38 08 59 04 91 06 61 02  B1 FF 00 00 22 23 00 00  8.Y...a....."#..
00015F90  E5 0B 9F 0B 01 03 19 FD  79 01 00 00 22 23 00 00  ........y..."#..
00015FA0  C6 0C 18 0A 67 04 10 FE  40 03 00 00 22 23 00 00  ....g...@..."#..
00015FB0  65 0B DC 08 27 02 59 FD  8A 03 00 00 22 23 00 00  e...'.Y....."#..
00015FC0  76 06 15 00 DE 00 AB 01  00 03 00 00 22 23 00 00  v..........."#..
00015FD0  73 02 96 01 27 02 59 FD  8A 03 00 00 22 23 00 00  s...'.Y....."#..
00015FE0  74 03 17 02 E2 03 E8 FE  CA 04 00 00 22 23 00 00  t..........."#..
00015FF0  74 03 17 02 E2 03 E8 FE  CA 04 00 00 22 23 00 00  t..........."#..
00016000  12 04 DF 03 65 06 F6 FF  99 03 00 00 22 23 00 00  ....e......."#..
00016010  B6 04 3D 02 DD 03 85 00  E2 03 00 00 22 23 00 00  ..=........."#..
00016020  20 00 00 10 65 06 F6 FF  99 03 00 00 22 23 00 00   ...e......."#..
00016030  20 00 50 11 A6 06 07 00  E8 01 00 00 22 23 00 00   .P........."#..
00016040  A0 02 00 10 81 08 52 00  2D 03 00 00 22 23 00 00  ......R.-..."#..
00016050  20 00 50 11 A6 06 07 00  E8 01 00 00 22 23 00 00   .P........."#..
00016060  20 00 A0 12 40 06 1A 02  D1 01 00 00 22 23 00 00   ...@......."#..
00016070  A0 02 A0 12 9F 09 2B 02  82 02 00 00 22 23 00 00  ......+....."#..
00016080  A0 02 00 10 81 08 52 00  2D 03 00 00 22 23 00 00  ......R.-..."#..
00016090  A0 02 60 0D 82 09 FC 01  14 04 00 00 22 23 00 00  ..`........."#..
000160A0  20 00 00 10 65 06 F6 FF  99 03 00 00 04 00 00 00   ...e...........
000160B0  E0 04 00 00 4C 00 10 29  00 00 00 00 00 00 00 00  ....L..)........
000160C0  00 00 00 00 00 00 00 00  00 00 00 00 22 23 00 00  ............"#..
000160D0  20 05 60 0D EC 0A 5F FF  44 04 00 00 22 23 00 00   .`..._.D..."#..
000160E0  A0 02 60 0D 82 09 FC 01  14 04 00 00 22 23 00 00  ..`........."#..
000160F0  A0 02 00 10 81 08 52 00  2D 03 00 00 22 23 00 00  ......R.-..."#..
00016100  20 05 00 10 AB 09 B8 FE  6B 03 00 00 22 23 00 00   .......k..."#..
00016110  A0 02 A0 0B 9F 09 2B 02  82 02 00 00 22 23 00 00  ......+....."#..
00016120  A0 02 60 0D 82 09 FC 01  14 04 00 00 22 23 00 00  ..`........."#..
00016130  20 05 60 0D EC 0A 5F FF  44 04 00 00 22 23 00 00   .`..._.D..."#..
00016140  20 05 A0 0B 22 0B 5E FF  CA 02 00 00 22 23 00 00   ...".^....."#..
00016150  A0 02 00 10 81 08 52 00  2D 03 00 00 22 23 00 00  ......R.-..."#..
00016160  A0 02 A0 12 9F 09 2B 02  82 02 00 00 22 23 00 00  ......+....."#..
00016170  20 05 A0 12 22 0B 5E FF  CA 02 00 00 22 23 00 00   ...".^....."#..
00016180  20 05 00 10 AB 09 B8 FE  6B 03 00 00 22 23 00 00   .......k..."#..
00016190  20 00 A0 0B 40 06 1A 02  D1 01 00 00 22 23 00 00   ...@......."#..
000161A0  20 00 60 0D 12 06 FA 01  81 03 00 00 22 23 00 00   .`........."#..
000161B0  A0 02 60 0D 82 09 FC 01  14 04 00 00 22 23 00 00  ..`........."#..
000161C0  A0 02 A0 0B 9F 09 2B 02  82 02 00 00 22 23 00 00  ......+....."#..
000161D0  20 05 60 0D 5F 08 F5 FC  8B 01 00 00 22 23 00 00   .`._......."#..
000161E0  A0 02 60 0D BB 09 A2 00  AC 01 00 00 22 23 00 00  ..`........."#..
000161F0  A0 02 00 10 AB 07 97 FF  B9 00 00 00 22 23 00 00  ............"#..
00016200  20 05 00 10 3E 07 9B FD  B7 00 00 00 22 23 00 00   ...>......."#..
00016210  A0 02 A0 0B 0C 0A B0 00  0B 00 00 00 22 23 00 00  ............"#..
00016220  A0 02 60 0D BB 09 A2 00  AC 01 00 00 22 23 00 00  ..`........."#..
00016230  20 05 60 0D 5F 08 F5 FC  8B 01 00 00 22 23 00 00   .`._......."#..
00016240  20 05 A0 0B 7D 08 E2 FC  0F 00 00 00 22 23 00 00   ...}......."#..
00016250  A0 02 00 10 AB 07 97 FF  B9 00 00 00 22 23 00 00  ............"#..
00016260  A0 02 A0 12 0C 0A B0 00  0B 00 00 00 22 23 00 00  ............"#..
00016270  20 05 A0 12 7D 08 E2 FC  0F 00 00 00 22 23 00 00   ...}......."#..
00016280  20 05 00 10 3E 07 9B FD  B7 00 00 00 22 23 00 00   ...>......."#..
00016290  20 00 A0 0B 91 06 61 02  B1 FF 00 00 22 23 00 00   .....a....."#..
000162A0  20 00 60 0D 36 06 23 02  78 01 00 00 22 23 00 00   .`.6.#.x..."#..
000162B0  A0 02 60 0D BB 09 A2 00  AC 01 00 00 22 23 00 00  ..`........."#..
000162C0  A0 02 A0 0B 0C 0A B0 00  0B 00 00 00 22 23 00 00  ............"#..
000162D0  A0 02 00 10 AB 07 97 FF  B9 00 00 00 22 23 00 00  ............"#..
000162E0  A0 02 60 0D BB 09 A2 00  AC 01 00 00 22 23 00 00  ..`........."#..
000162F0  20 00 60 0D 36 06 23 02  78 01 00 00 22 23 00 00   .`.6.#.x..."#..
00016300  20 00 00 10 7B 06 22 00  9C 00 00 00 22 23 00 00   ...{."....."#..
00016310  20 00 00 10 7B 06 22 00  9C 00 00 00 22 23 00 00   ...{."....."#..
00016320  20 00 A0 12 91 06 61 02  B1 FF 00 00 22 23 00 00   .....a....."#..
00016330  A0 02 A0 12 0C 0A B0 00  0B 00 00 00 22 23 00 00  ............"#..
00016340  A0 02 00 10 AB 07 97 FF  B9 00 00 00 22 23 00 00  ............"#..
00016350  2D 08 0F 09 BB 04 DF FD  D1 FF 00 00 22 23 00 00  -..........."#..
00016360  31 08 12 07 E9 05 D3 FF  CC FF 00 00 22 23 00 00  1..........."#..
00016370  6B 0A 0D 07 F9 04 43 FF  B4 FC 00 00 22 23 00 00  k.....C....."#..
00016380  64 0A 0D 09 00 04 97 FD  33 FD 00 00 22 23 00 00  d.......3..."#..
00016390  71 05 DA 05 EA 07 09 FF  96 FF 00 00 22 23 00 00  q..........."#..
000163A0  09 08 DA 05 C7 06 A0 FE  84 FC 00 00 22 23 00 00  ............"#..
000163B0  09 08 14 04 7F 05 5A 01  1A FC 00 00 22 23 00 00  ......Z....."#..
000163C0  71 05 14 04 93 06 61 02  B1 FF 00 00 22 23 00 00  q.....a....."#..
000163D0  71 05 5A 07 BB 04 DF FD  D1 FF 00 00 22 23 00 00  q.Z........."#..
000163E0  09 08 5A 07 00 04 97 FD  33 FD 00 00 22 23 00 00  ..Z.....3..."#..
000163F0  09 08 DA 05 C7 06 A0 FE  84 FC 00 00 22 23 00 00  ............"#..
00016400  71 05 DA 05 EA 07 09 FF  96 FF 00 00 22 23 00 00  q..........."#..
00016410  20 01 60 0D E2 03 E8 FE  CA 04 00 00 22 23 00 00   .`........."#..
00016420  20 01 A0 0B 27 02 59 FD  8A 03 00 00 22 23 00 00   ...'.Y....."#..
00016430  A0 02 A0 0B 5D 04 3A FC  EB 04 00 00 22 23 00 00  ....].:....."#..
00016440  A0 02 60 0D 46 05 13 FE  A5 05 00 00 22 23 00 00  ..`.F......."#..
00016450  20 01 60 0D E2 03 E8 FE  CA 04 00 00 22 23 00 00   .`........."#..
00016460  A0 02 60 0D 46 05 13 FE  A5 05 00 00 22 23 00 00  ..`.F......."#..
00016470  A0 02 00 10 56 05 74 FD  E9 03 00 00 22 23 00 00  ....V.t....."#..
00016480  20 01 00 10 67 04 10 FE  40 03 00 00 22 23 00 00   ...g...@..."#..
00016490  20 01 A0 12 27 02 59 FD  8A 03 00 00 22 23 00 00   ...'.Y....."#..
000164A0  20 01 00 10 67 04 10 FE  40 03 00 00 22 23 00 00   ...g...@..."#..
000164B0  A0 02 00 10 56 05 74 FD  E9 03 00 00 22 23 00 00  ....V.t....."#..
000164C0  A0 02 A0 12 5D 04 3A FC  EB 04 00 00 22 23 00 00  ....].:....."#..
000164D0  A0 02 60 0D 46 05 13 FE  A5 05 00 00 22 23 00 00  ..`.F......."#..
000164E0  20 05 60 0D 55 07 5F FD  C3 04 00 00 22 23 00 00   .`.U._....."#..
000164F0  20 05 00 10 91 06 2C FD  8E 03 00 00 22 23 00 00   .....,....."#..
00016500  A0 02 00 10 56 05 74 FD  E9 03 00 00 22 23 00 00  ....V.t....."#..
00016510  A0 02 A0 12 5D 04 3A FC  EB 04 00 00 22 23 00 00  ....].:....."#..
00016520  A0 02 00 10 56 05 74 FD  E9 03 00 00 22 23 00 00  ....V.t....."#..
00016530  20 05 00 10 91 06 2C FD  8E 03 00 00 22 23 00 00   .....,....."#..
00016540  20 05 A0 12 AA 06 C8 FB  1C 04 00 00 22 23 00 00   ..........."#..
00016550  A0 02 60 0D 46 05 13 FE  A5 05 00 00 22 23 00 00  ..`.F......."#..
00016560  A0 02 A0 0B 5D 04 3A FC  EB 04 00 00 22 23 00 00  ....].:....."#..
00016570  20 05 A0 0B AA 06 C8 FB  1C 04 00 00 22 23 00 00   ..........."#..
00016580  20 05 60 0D 55 07 5F FD  C3 04 00 00 01 00 00 00   .`.U._.........
00016590  08 00 00 00 02 00 11 7C  08 00 00 00 03 00 00 00  .......|........
000165A0  60 0E 00 00 E4 00 10 29  00 00 00 00 00 00 00 00  `......)........
000165B0  00 00 00 00 00 00 00 00  00 00 00 00 22 23 00 00  ............"#..
000165C0  A0 02 60 0D 03 0A ED 00  A9 04 00 00 22 23 00 00  ..`........."#..
000165D0  20 00 20 0F C2 06 27 00  DB 03 00 00 22 23 00 00   . ...'....."#..
000165E0  A0 02 00 10 D1 07 18 00  37 03 00 00 22 23 00 00  ........7..."#..
000165F0  20 00 20 0F 19 07 25 00  32 02 00 00 22 23 00 00   . ...%.2..."#..
00016600  20 00 60 0D CA 06 3F 02  29 02 00 00 22 23 00 00   .`...?.)..."#..
00016610  A0 02 60 0D 55 0A 07 01  26 03 00 00 22 23 00 00  ..`.U...&..."#..
00016620  20 00 E0 10 C2 06 27 00  DB 03 00 00 22 23 00 00   .....'....."#..
00016630  20 00 20 0F 19 07 25 00  32 02 00 00 22 23 00 00   . ...%.2..."#..
00016640  A0 02 00 10 D1 07 18 00  37 03 00 00 22 23 00 00  ........7..."#..
00016650  A0 02 60 0D C6 0A EE 00  DA 01 00 00 22 23 00 00  ..`........."#..
00016660  20 00 20 0F 12 07 3F 00  D3 01 00 00 22 23 00 00   . ...?....."#..
00016670  A0 02 00 10 49 08 34 00  1B 01 00 00 22 23 00 00  ....I.4....."#..
00016680  20 00 20 0F 7F 07 49 00  14 00 00 00 22 23 00 00   . ...I....."#..
00016690  20 00 60 0D 18 07 85 02  14 00 00 00 22 23 00 00   .`........."#..
000166A0  A0 02 60 0D D8 0A 06 01  2F 00 00 00 22 23 00 00  ..`...../..."#..
000166B0  20 00 E0 10 12 07 3F 00  D3 01 00 00 22 23 00 00   .....?....."#..
000166C0  20 00 20 0F 7F 07 49 00  14 00 00 00 22 23 00 00   . ...I....."#..
000166D0  A0 02 00 10 49 08 34 00  1B 01 00 00 22 23 00 00  ....I.4....."#..
000166E0  20 05 60 0D 49 08 DC FD  A3 FF 00 00 22 23 00 00   .`.I......."#..
000166F0  A0 02 60 0D B4 09 64 00  2F FF 00 00 22 23 00 00  ..`...d./..."#..
00016700  20 05 20 0F 4F 07 16 FE  D4 FF 00 00 22 23 00 00   . .O......."#..
00016710  20 05 20 0F FA 06 ED FD  6C FE 00 00 22 23 00 00   . .....l..."#..
00016720  A0 02 60 0D 49 09 09 00  A7 FD 00 00 22 23 00 00  ..`.I......."#..
00016730  20 05 60 0D F4 07 B3 FD  3A FE 00 00 22 23 00 00   .`.....:..."#..
00016740  A0 02 00 10 72 07 AF FF  EA FE 00 00 22 23 00 00  ....r......."#..
00016750  20 05 20 0F FA 06 ED FD  6C FE 00 00 22 23 00 00   . .....l..."#..
00016760  20 05 E0 10 4F 07 16 FE  D4 FF 00 00 22 23 00 00   ...O......."#..
00016770  20 00 20 0F 2F 05 8A 00  CE FE 00 00 22 23 00 00   . ./......."#..
00016780  A0 02 60 0D 1D 07 7E FF  B3 FC 00 00 22 23 00 00  ..`...~....."#..
00016790  20 00 60 0D 45 05 07 02  4F FE 00 00 22 23 00 00   .`.E...O..."#..
000167A0  20 00 80 0C 7E 05 A3 01  A1 FC 00 00 22 23 00 00   ...~......."#..
000167B0  20 00 60 0D 45 05 07 02  4F FE 00 00 22 23 00 00   .`.E...O..."#..
000167C0  A0 02 60 0D 1D 07 7E FF  B3 FC 00 00 22 23 00 00  ..`...~....."#..
000167D0  20 00 20 0F 4D 04 F1 FF  55 FD 00 00 22 23 00 00   . .M...U..."#..
000167E0  20 00 60 0D 62 04 45 01  DD FC 00 00 22 23 00 00   .`.b.E....."#..
000167F0  A0 02 60 0D 27 06 6C FF  BC FB 00 00 22 23 00 00  ..`.'.l....."#..
00016800  20 00 E0 10 2F 05 8A 00  CE FE 00 00 22 23 00 00   .../......."#..
00016810  20 00 20 0F 4D 04 F1 FF  55 FD 00 00 22 23 00 00   . .M...U..."#..
00016820  A0 02 00 10 4A 05 AA FF  BB FD 00 00 22 23 00 00  ....J......."#..
00016830  B5 05 60 04 9D 06 20 02  D0 03 00 00 22 23 00 00  ..`... ....."#..
00016840  B6 04 45 02 73 04 B3 00  81 04 00 00 22 23 00 00  ..E.s......."#..
00016850  12 04 71 04 C2 06 27 00  DB 03 00 00 22 23 00 00  ..q...'....."#..
00016860  B5 08 20 00 2F 01 C1 02  6F FF 00 00 22 23 00 00  .. ./...o..."#..
00016870  75 06 20 00 3E 01 D3 01  52 03 00 00 22 23 00 00  u. .>...R..."#..
00016880  B5 05 60 04 9D 06 20 02  D0 03 00 00 22 23 00 00  ..`... ....."#..
00016890  B5 08 20 00 2F 01 C1 02  6F FF 00 00 22 23 00 00  .. ./...o..."#..
000168A0  75 0A E0 03 7E 05 A3 01  A1 FC 00 00 22 23 00 00  u...~......."#..
000168B0  B5 0A 20 00 3E 01 51 00  2A FD 00 00 22 23 00 00  .. .>.Q.*..."#..
000168C0  E0 0C A0 0C 1D 04 65 FF  8E 00 00 00 22 23 00 00  ......e....."#..
000168D0  20 0F E0 0F FD 04 0B 00  38 FD 00 00 22 23 00 00   .......8..."#..
000168E0  E0 0F 20 0D 7F 07 49 00  14 00 00 00 22 23 00 00  .. ...I....."#..
000168F0  35 08 32 05 7F 07 49 00  14 00 00 00 22 23 00 00  5.2...I....."#..
00016900  75 0A 32 05 FD 04 0B 00  38 FD 00 00 22 23 00 00  u.2.....8..."#..
00016910  75 0A E0 03 7E 05 A3 01  A1 FC 00 00 22 23 00 00  u...~......."#..
00016920  20 05 A0 06 2F 01 C1 02  6F FF 00 00 22 23 00 00   .../...o..."#..
00016930  A0 02 20 09 C9 FE 98 00  03 00 00 00 22 23 00 00  .. ........."#..
00016940  20 00 A0 06 3E 01 D3 01  52 03 00 00 22 23 00 00   ...>...R..."#..
00016950  75 03 20 00 3E 01 57 FE  4C 03 00 00 22 23 00 00  u. .>.W.L..."#..
00016960  60 02 20 01 C7 02 98 FD  97 04 00 00 22 23 00 00  `. ........."#..
00016970  75 06 20 00 3E 01 D3 01  52 03 00 00 22 23 00 00  u. .>...R..."#..
00016980  B6 04 45 02 73 04 B3 00  81 04 00 00 22 23 00 00  ..E.s......."#..
00016990  B5 05 60 04 9D 06 20 02  D0 03 00 00 22 23 00 00  ..`... ....."#..
000169A0  75 06 20 00 3E 01 D3 01  52 03 00 00 22 23 00 00  u. .>...R..."#..
000169B0  B5 08 20 00 2F 01 C1 02  6F FF 00 00 22 23 00 00  .. ./...o..."#..
000169C0  35 08 60 04 18 07 85 02  14 00 00 00 22 23 00 00  5.`........."#..
000169D0  75 0A E0 03 7E 05 A3 01  A1 FC 00 00 22 23 00 00  u...~......."#..
000169E0  A0 02 20 09 C9 FE 98 00  03 00 00 00 22 23 00 00  .. ........."#..
000169F0  A0 02 20 0B 3E 01 A4 FD  9E FF 00 00 22 23 00 00  .. .>......."#..
00016A00  20 00 23 09 3E 01 57 FE  4C 03 00 00 22 23 00 00   .#.>.W.L..."#..
00016A10  A0 02 20 09 C9 FE 98 00  03 00 00 00 22 23 00 00  .. ........."#..
00016A20  20 00 23 09 3E 01 57 FE  4C 03 00 00 22 23 00 00   .#.>.W.L..."#..
00016A30  20 00 A0 06 3E 01 D3 01  52 03 00 00 22 23 00 00   ...>...R..."#..
00016A40  20 05 20 09 3E 01 51 00  2A FD 00 00 22 23 00 00   . .>.Q.*..."#..
00016A50  A0 02 20 09 C9 FE 98 00  03 00 00 00 22 23 00 00  .. ........."#..
00016A60  20 05 A0 06 2F 01 C1 02  6F FF 00 00 22 23 00 00   .../...o..."#..
00016A70  B5 08 20 00 2F 01 C1 02  6F FF 00 00 22 23 00 00  .. ./...o..."#..
00016A80  B5 05 60 04 9D 06 20 02  D0 03 00 00 22 23 00 00  ..`... ....."#..
00016A90  35 08 60 04 18 07 85 02  14 00 00 00 22 23 00 00  5.`........."#..
00016AA0  B5 05 32 05 C2 06 27 00  DB 03 00 00 22 23 00 00  ..2...'....."#..
00016AB0  35 08 32 05 7F 07 49 00  14 00 00 00 22 23 00 00  5.2...I....."#..
00016AC0  B5 05 60 04 9D 06 20 02  D0 03 00 00 22 23 00 00  ..`... ....."#..
00016AD0  A0 02 20 02 78 04 1F FF  D0 05 00 00 22 23 00 00  .. .x......."#..
00016AE0  A0 02 60 03 57 05 DF FE  57 04 00 00 22 23 00 00  ..`.W...W..."#..
00016AF0  B6 04 45 02 73 04 B3 00  81 04 00 00 22 23 00 00  ..E.s......."#..
00016B00  B6 04 45 02 73 04 B3 00  81 04 00 00 22 23 00 00  ..E.s......."#..
00016B10  75 06 20 00 3E 01 D3 01  52 03 00 00 22 23 00 00  u. .>...R..."#..
00016B20  A0 02 20 02 78 04 1F FF  D0 05 00 00 22 23 00 00  .. .x......."#..
00016B30  60 0B E0 08 C7 02 98 FD  97 04 00 00 22 23 00 00  `..........."#..
00016B40  A0 0A A0 0D 3E 01 A4 FD  9E FF 00 00 22 23 00 00  ....>......."#..
00016B50  E0 0B A0 0B 9C 03 5A FD  D3 01 00 00 22 23 00 00  ......Z....."#..
00016B60  E0 0C A0 0C 1D 04 65 FF  8E 00 00 00 22 23 00 00  ......e....."#..
00016B70  20 0F E0 09 C2 06 27 00  DB 03 00 00 22 23 00 00   .....'....."#..
00016B80  60 0D E0 09 57 05 DF FE  57 04 00 00 22 23 00 00  `...W...W..."#..
00016B90  E0 0B A0 0B 9C 03 5A FD  D3 01 00 00 22 23 00 00  ......Z....."#..
00016BA0  E0 0C A0 0C 1D 04 65 FF  8E 00 00 00 22 23 00 00  ......e....."#..
00016BB0  C0 0C 1A 0A 9F 04 78 FD  B0 03 00 00 22 23 00 00  ......x....."#..
00016BC0  A0 0A A0 0D 3E 01 A4 FD  9E FF 00 00 22 23 00 00  ....>......."#..
00016BD0  E0 0C A0 0C 1D 04 65 FF  8E 00 00 00 22 23 00 00  ......e....."#..
00016BE0  E0 0B A0 0B 9C 03 5A FD  D3 01 00 00 22 23 00 00  ......Z....."#..
00016BF0  A0 0A E0 0F 3E 01 51 00  2A FD 00 00 22 23 00 00  ....>.Q.*..."#..
00016C00  20 0F E0 0F FD 04 0B 00  38 FD 00 00 22 23 00 00   .......8..."#..
00016C10  A0 0A A0 0D 3E 01 A4 FD  9E FF 00 00 22 23 00 00  ....>......."#..
00016C20  E0 0C A0 0C 1D 04 65 FF  8E 00 00 00 22 23 00 00  ......e....."#..
00016C30  E0 0F 20 0D 7F 07 49 00  14 00 00 00 22 23 00 00  .. ...I....."#..
00016C40  20 0F E0 09 C2 06 27 00  DB 03 00 00 22 23 00 00   .....'....."#..
00016C50  B5 0A 20 00 3E 01 51 00  2A FD 00 00 22 23 00 00  .. .>.Q.*..."#..
00016C60  75 0A E0 03 7E 05 A3 01  A1 FC 00 00 22 23 00 00  u...~......."#..
00016C70  4D 0B 3B 03 FD 04 0B 00  38 FD 00 00 22 23 00 00  M.;.....8..."#..
00016C80  A0 0A A0 0D 3E 01 A4 FD  9E FF 00 00 22 23 00 00  ....>......."#..
00016C90  20 0F E0 0F FD 04 0B 00  38 FD 00 00 22 23 00 00   .......8..."#..
00016CA0  E0 0C A0 0C 1D 04 65 FF  8E 00 00 00 22 23 00 00  ......e....."#..
00016CB0  20 05 20 09 3E 01 51 00  2A FD 00 00 22 23 00 00   . .>.Q.*..."#..
00016CC0  A0 02 20 0B 3E 01 A4 FD  9E FF 00 00 22 23 00 00  .. .>......."#..
00016CD0  A0 02 20 09 C9 FE 98 00  03 00 00 00 22 23 00 00  .. ........."#..
00016CE0  A0 0A 20 0A 3E 01 57 FE  4C 03 00 00 22 23 00 00  .. .>.W.L..."#..
00016CF0  A0 0A A0 0D 3E 01 A4 FD  9E FF 00 00 22 23 00 00  ....>......."#..
00016D00  60 0B E0 08 C7 02 98 FD  97 04 00 00 22 23 00 00  `..........."#..
00016D10  12 04 71 04 C2 06 27 00  DB 03 00 00 22 23 00 00  ..q...'....."#..
00016D20  B6 04 45 02 73 04 B3 00  81 04 00 00 22 23 00 00  ..E.s......."#..
00016D30  A0 02 60 03 57 05 DF FE  57 04 00 00 22 23 00 00  ..`.W...W..."#..
00016D40  35 08 32 05 7F 07 49 00  14 00 00 00 22 23 00 00  5.2...I....."#..
00016D50  75 0A E0 03 7E 05 A3 01  A1 FC 00 00 22 23 00 00  u...~......."#..
00016D60  35 08 60 04 18 07 85 02  14 00 00 00 22 23 00 00  5.`........."#..
00016D70  B5 05 60 04 9D 06 20 02  D0 03 00 00 22 23 00 00  ..`... ....."#..
00016D80  35 08 32 05 7F 07 49 00  14 00 00 00 22 23 00 00  5.2...I....."#..
00016D90  35 08 60 04 18 07 85 02  14 00 00 00 22 23 00 00  5.`........."#..
00016DA0  C0 0C 1A 0A 9F 04 78 FD  B0 03 00 00 22 23 00 00  ......x....."#..
00016DB0  E0 0C A0 0C 1D 04 65 FF  8E 00 00 00 22 23 00 00  ......e....."#..
00016DC0  60 0D E0 09 57 05 DF FE  57 04 00 00 22 23 00 00  `...W...W..."#..
00016DD0  A0 02 60 03 57 05 DF FE  57 04 00 00 22 23 00 00  ..`.W...W..."#..
00016DE0  A0 02 20 02 78 04 1F FF  D0 05 00 00 22 23 00 00  .. .x......."#..
00016DF0  20 02 60 03 9F 04 78 FD  B0 03 00 00 22 23 00 00   .`...x....."#..
00016E00  E0 0B A0 0B 9C 03 5A FD  D3 01 00 00 22 23 00 00  ......Z....."#..
00016E10  C0 0C 1A 0A 9F 04 78 FD  B0 03 00 00 22 23 00 00  ......x....."#..
00016E20  60 0B E0 08 C7 02 98 FD  97 04 00 00 22 23 00 00  `..........."#..
00016E30  75 06 20 00 3E 01 D3 01  52 03 00 00 22 23 00 00  u. .>...R..."#..
00016E40  60 02 20 01 C7 02 98 FD  97 04 00 00 22 23 00 00  `. ........."#..
00016E50  A0 02 20 02 78 04 1F FF  D0 05 00 00 22 23 00 00  .. .x......."#..
00016E60  20 05 20 0F CE 07 C2 FE  01 04 00 00 22 23 00 00   . ........."#..
00016E70  A0 02 60 0D 03 0A ED 00  A9 04 00 00 22 23 00 00  ..`........."#..
00016E80  A0 02 00 10 D1 07 18 00  37 03 00 00 22 23 00 00  ........7..."#..
00016E90  20 05 20 0F 2E 08 CC FE  98 02 00 00 22 23 00 00   . ........."#..
00016EA0  A0 02 60 0D 55 0A 07 01  26 03 00 00 22 23 00 00  ..`.U...&..."#..
00016EB0  20 05 60 0D 12 09 5B FE  D4 02 00 00 22 23 00 00   .`...[....."#..
00016EC0  A0 02 00 10 D1 07 18 00  37 03 00 00 22 23 00 00  ........7..."#..
00016ED0  20 05 20 0F 2E 08 CC FE  98 02 00 00 22 23 00 00   . ........."#..
00016EE0  20 05 E0 10 CE 07 C2 FE  01 04 00 00 22 23 00 00   ..........."#..
00016EF0  A0 02 00 10 49 08 34 00  1B 01 00 00 22 23 00 00  ....I.4....."#..
00016F00  20 05 20 0F 3C 08 54 FE  66 00 00 00 22 23 00 00   . .<.T.f..."#..
00016F10  20 05 E0 10 2A 08 3E FE  D1 01 00 00 22 23 00 00   ...*.>....."#..
00016F20  20 05 20 0F 2A 08 3E FE  D1 01 00 00 22 23 00 00   . .*.>....."#..
00016F30  A0 02 60 0D C6 0A EE 00  DA 01 00 00 22 23 00 00  ..`........."#..
00016F40  A0 02 00 10 49 08 34 00  1B 01 00 00 22 23 00 00  ....I.4....."#..
00016F50  20 05 20 0F 3C 08 54 FE  66 00 00 00 22 23 00 00   . .<.T.f..."#..
00016F60  A0 02 60 0D D8 0A 06 01  2F 00 00 00 22 23 00 00  ..`...../..."#..
00016F70  20 05 60 0D 32 09 F7 FD  70 00 00 00 22 23 00 00   .`.2...p..."#..
00016F80  20 00 E0 10 6D 06 25 00  0C 00 00 00 22 23 00 00   ...m.%....."#..
00016F90  20 00 20 0F C7 05 17 00  5A FE 00 00 22 23 00 00   . .....Z..."#..
00016FA0  A0 02 00 10 72 07 AF FF  EA FE 00 00 22 23 00 00  ....r......."#..
00016FB0  20 00 20 0F C7 05 17 00  5A FE 00 00 22 23 00 00   . .....Z..."#..
00016FC0  20 00 60 0D 01 06 E9 01  0F FE 00 00 22 23 00 00   .`........."#..
00016FD0  A0 02 60 0D 49 09 09 00  A7 FD 00 00 22 23 00 00  ..`.I......."#..
00016FE0  20 00 20 0F 6D 06 25 00  0C 00 00 00 22 23 00 00   . .m.%....."#..
00016FF0  A0 02 60 0D B4 09 64 00  2F FF 00 00 22 23 00 00  ..`...d./..."#..
00017000  20 00 60 0D DC 06 61 02  B3 FF 00 00 22 23 00 00   .`...a....."#..
00017010  20 05 20 0F 16 05 C6 FD  79 FD 00 00 22 23 00 00   . .....y..."#..
00017020  A0 02 60 0D 27 06 6C FF  BC FB 00 00 22 23 00 00  ..`.'.l....."#..
00017030  20 05 60 0D A7 05 7C FD  D4 FC 00 00 22 23 00 00   .`...|....."#..
00017040  A0 02 00 10 4A 05 AA FF  BB FD 00 00 22 23 00 00  ....J......."#..
00017050  20 05 20 0F 16 05 C6 FD  79 FD 00 00 22 23 00 00   . .....y..."#..
00017060  20 05 E0 10 15 06 E8 FD  46 FE 00 00 22 23 00 00   .......F..."#..
00017070  20 05 20 0F 15 06 E8 FD  46 FE 00 00 22 23 00 00   . .....F..."#..
00017080  A0 02 60 0D 1D 07 7E FF  B3 FC 00 00 22 23 00 00  ..`...~....."#..
00017090  A0 02 00 10 4A 05 AA FF  BB FD 00 00 22 23 00 00  ....J......."#..
000170A0  20 05 60 0D B2 08 50 FE  3C 04 00 00 22 23 00 00   .`...P.<..."#..
000170B0  A0 02 60 0D 03 0A ED 00  A9 04 00 00 22 23 00 00  ..`........."#..
000170C0  20 05 20 0F CE 07 C2 FE  01 04 00 00 22 23 00 00   . ........."#..
000170D0  A0 02 60 0D 03 0A ED 00  A9 04 00 00 22 23 00 00  ..`........."#..
000170E0  20 00 60 0D 9D 06 20 02  D0 03 00 00 22 23 00 00   .`... ....."#..
000170F0  20 00 20 0F C2 06 27 00  DB 03 00 00 22 23 00 00   . ...'....."#..
00017100  A0 02 00 10 D1 07 18 00  37 03 00 00 22 23 00 00  ........7..."#..
00017110  A0 02 60 0D 55 0A 07 01  26 03 00 00 22 23 00 00  ..`.U...&..."#..
00017120  20 05 20 0F 2E 08 CC FE  98 02 00 00 22 23 00 00   . ........."#..
00017130  20 00 20 0F 19 07 25 00  32 02 00 00 22 23 00 00   . ...%.2..."#..
00017140  A0 02 60 0D 55 0A 07 01  26 03 00 00 22 23 00 00  ..`.U...&..."#..
00017150  A0 02 00 10 D1 07 18 00  37 03 00 00 22 23 00 00  ........7..."#..
00017160  A0 02 60 0D C6 0A EE 00  DA 01 00 00 22 23 00 00  ..`........."#..
00017170  20 00 60 0D C0 06 49 02  D2 01 00 00 22 23 00 00   .`...I....."#..
00017180  20 00 20 0F 12 07 3F 00  D3 01 00 00 22 23 00 00   . ...?....."#..
00017190  20 05 60 0D 20 09 E1 FD  DC 01 00 00 22 23 00 00   .`. ......."#..
000171A0  A0 02 60 0D C6 0A EE 00  DA 01 00 00 22 23 00 00  ..`........."#..
000171B0  20 05 20 0F 2A 08 3E FE  D1 01 00 00 22 23 00 00   . .*.>....."#..
000171C0  A0 02 00 10 49 08 34 00  1B 01 00 00 22 23 00 00  ....I.4....."#..
000171D0  A0 02 60 0D D8 0A 06 01  2F 00 00 00 22 23 00 00  ..`...../..."#..
000171E0  20 05 20 0F 3C 08 54 FE  66 00 00 00 22 23 00 00   . .<.T.f..."#..
000171F0  20 00 20 0F 7F 07 49 00  14 00 00 00 22 23 00 00   . ...I....."#..
00017200  A0 02 60 0D D8 0A 06 01  2F 00 00 00 22 23 00 00  ..`...../..."#..
00017210  A0 02 00 10 49 08 34 00  1B 01 00 00 22 23 00 00  ....I.4....."#..
00017220  A0 02 00 10 72 07 AF FF  EA FE 00 00 22 23 00 00  ....r......."#..
00017230  A0 02 60 0D B4 09 64 00  2F FF 00 00 22 23 00 00  ..`...d./..."#..
00017240  20 00 20 0F 6D 06 25 00  0C 00 00 00 22 23 00 00   . .m.%....."#..
00017250  20 05 20 0F 4F 07 16 FE  D4 FF 00 00 22 23 00 00   . .O......."#..
00017260  A0 02 60 0D B4 09 64 00  2F FF 00 00 22 23 00 00  ..`...d./..."#..
00017270  A0 02 00 10 72 07 AF FF  EA FE 00 00 22 23 00 00  ....r......."#..
00017280  A0 02 00 10 72 07 AF FF  EA FE 00 00 22 23 00 00  ....r......."#..
00017290  A0 02 60 0D 49 09 09 00  A7 FD 00 00 22 23 00 00  ..`.I......."#..
000172A0  20 05 20 0F FA 06 ED FD  6C FE 00 00 22 23 00 00   . .....l..."#..
000172B0  20 00 20 0F C7 05 17 00  5A FE 00 00 22 23 00 00   . .....Z..."#..
000172C0  A0 02 60 0D 49 09 09 00  A7 FD 00 00 22 23 00 00  ..`.I......."#..
000172D0  A0 02 00 10 72 07 AF FF  EA FE 00 00 22 23 00 00  ....r......."#..
000172E0  A0 02 00 10 4A 05 AA FF  BB FD 00 00 22 23 00 00  ....J......."#..
000172F0  A0 02 60 0D 1D 07 7E FF  B3 FC 00 00 22 23 00 00  ..`...~....."#..
00017300  20 00 20 0F 2F 05 8A 00  CE FE 00 00 22 23 00 00   . ./......."#..
00017310  20 05 60 0D A7 06 9E FD  A2 FD 00 00 22 23 00 00   .`........."#..
00017320  A0 02 60 0D 1D 07 7E FF  B3 FC 00 00 22 23 00 00  ..`...~....."#..
00017330  20 05 20 0F 15 06 E8 FD  46 FE 00 00 22 23 00 00   . .....F..."#..
00017340  A0 02 00 10 4A 05 AA FF  BB FD 00 00 22 23 00 00  ....J......."#..
00017350  A0 02 60 0D 27 06 6C FF  BC FB 00 00 22 23 00 00  ..`.'.l....."#..
00017360  20 05 20 0F 16 05 C6 FD  79 FD 00 00 22 23 00 00   . .....y..."#..
00017370  20 00 20 0F 4D 04 F1 FF  55 FD 00 00 22 23 00 00   . .M...U..."#..
00017380  A0 02 60 0D 27 06 6C FF  BC FB 00 00 22 23 00 00  ..`.'.l....."#..
00017390  A0 02 00 10 4A 05 AA FF  BB FD 00 00 22 23 00 00  ....J......."#..
000173A0  20 00 A0 0B 62 04 45 01  DD FC 00 00 22 23 00 00   ...b.E....."#..
000173B0  20 00 80 0C 7E 05 A3 01  A1 FC 00 00 22 23 00 00   ...~......."#..
000173C0  A0 02 A0 0B 27 06 6C FF  BC FB 00 00 22 23 00 00  ....'.l....."#..
000173D0  A0 02 A0 0B 27 06 6C FF  BC FB 00 00 22 23 00 00  ....'.l....."#..
000173E0  20 00 80 0C 7E 05 A3 01  A1 FC 00 00 22 23 00 00   ...~......."#..
000173F0  A0 02 60 0D 1D 07 7E FF  B3 FC 00 00 04 00 00 00  ..`...~.........
00017400  20 05 00 00 50 00 10 29  00 00 00 00 00 00 00 00   ...P..)........
00017410  00 00 00 00 00 00 00 00  00 00 00 00 22 23 00 00  ............"#..
00017420  20 00 60 0D CA 06 3F 02  29 02 00 00 22 23 00 00   .`...?.)..."#..
00017430  20 00 A0 0B 9D 06 20 02  D0 03 00 00 22 23 00 00   ..... ....."#..
00017440  A0 02 A0 0B 03 0A ED 00  A9 04 00 00 22 23 00 00  ............"#..
00017450  A0 02 60 0D 55 0A 07 01  26 03 00 00 22 23 00 00  ..`.U...&..."#..
00017460  20 06 20 0F CE 07 C2 FE  01 04 00 00 22 23 00 00   . ........."#..
00017470  20 05 20 0F 2E 08 CC FE  98 02 00 00 22 23 00 00   . ........."#..
00017480  20 05 60 0D 12 09 5B FE  D4 02 00 00 22 23 00 00   .`...[....."#..
00017490  20 06 60 0D B2 08 50 FE  3C 04 00 00 22 23 00 00   .`...P.<..."#..
000174A0  20 00 60 0D 18 07 85 02  14 00 00 00 22 23 00 00   .`........."#..
000174B0  20 00 A0 0B C0 06 49 02  D2 01 00 00 22 23 00 00   .....I....."#..
000174C0  A0 02 A0 0B C6 0A EE 00  DA 01 00 00 22 23 00 00  ............"#..
000174D0  A0 02 60 0D D8 0A 06 01  2F 00 00 00 22 23 00 00  ..`...../..."#..
000174E0  20 06 20 0F 2A 08 3E FE  D1 01 00 00 22 23 00 00   . .*.>....."#..
000174F0  20 05 20 0F 3C 08 54 FE  66 00 00 00 22 23 00 00   . .<.T.f..."#..
00017500  20 05 60 0D 32 09 F7 FD  70 00 00 00 22 23 00 00   .`.2...p..."#..
00017510  20 06 60 0D 20 09 E1 FD  DC 01 00 00 22 23 00 00   .`. ......."#..
00017520  A0 02 60 0D 49 09 09 00  A7 FD 00 00 22 23 00 00  ..`.I......."#..
00017530  A0 02 A0 0B B4 09 64 00  2F FF 00 00 22 23 00 00  ......d./..."#..
00017540  20 05 A0 0B 49 08 DC FD  A3 FF 00 00 22 23 00 00   ...I......."#..
00017550  20 05 60 0D F4 07 B3 FD  3A FE 00 00 22 23 00 00   .`.....:..."#..
00017560  20 06 20 0F 4F 07 16 FE  D4 FF 00 00 22 23 00 00   . .O......."#..
00017570  20 05 20 0F FA 06 ED FD  6C FE 00 00 22 23 00 00   . .....l..."#..
00017580  20 05 60 0D F4 07 B3 FD  3A FE 00 00 22 23 00 00   .`.....:..."#..
00017590  20 06 60 0D 49 08 DC FD  A3 FF 00 00 22 23 00 00   .`.I......."#..
000175A0  20 06 20 0F 15 06 E8 FD  46 FE 00 00 22 23 00 00   . .....F..."#..
000175B0  20 05 20 0F 16 05 C6 FD  79 FD 00 00 22 23 00 00   . .....y..."#..
000175C0  20 05 60 0D A7 05 7C FD  D4 FC 00 00 22 23 00 00   .`...|....."#..
000175D0  20 06 60 0D A7 06 9E FD  A2 FD 00 00 22 23 00 00   .`........."#..
000175E0  20 01 20 0F 9F 04 78 FD  B0 03 00 00 22 23 00 00   . ...x....."#..
000175F0  20 01 E0 10 57 05 DF FE  57 04 00 00 22 23 00 00   ...W...W..."#..
00017600  20 03 E0 10 E1 05 41 FE  44 05 00 00 22 23 00 00   .....A.D..."#..
00017610  20 03 20 0F 42 05 E0 FC  B3 04 00 00 22 23 00 00   . .B......."#..
00017620  20 03 A0 0B 8A 05 99 FD  76 07 00 00 22 23 00 00   .......v..."#..
00017630  20 03 60 0D 8F 04 3D FC  A8 06 00 00 22 23 00 00   .`...=....."#..
00017640  20 05 60 0D C0 06 3D FC  9D 04 00 00 22 23 00 00   .`...=....."#..
00017650  20 05 A0 0B 75 07 4C FD  3D 05 00 00 22 23 00 00   ...u.L.=..."#..
00017660  20 03 60 0D 8A 05 99 FD  76 07 00 00 22 23 00 00   .`.....v..."#..
00017670  20 05 60 0D 75 07 4C FD  3D 05 00 00 22 23 00 00   .`.u.L.=..."#..
00017680  20 05 20 0F A4 06 25 FE  83 04 00 00 22 23 00 00   . ...%....."#..
00017690  20 03 20 0F E1 05 41 FE  44 05 00 00 22 23 00 00   . ...A.D..."#..
000176A0  20 06 20 0F 14 06 F4 FC  03 04 00 00 22 23 00 00   . ........."#..
000176B0  20 05 20 0F A4 06 25 FE  83 04 00 00 22 23 00 00   . ...%....."#..
000176C0  20 05 60 0D 75 07 4C FD  3D 05 00 00 22 23 00 00   .`.u.L.=..."#..
000176D0  20 06 60 0D C0 06 3D FC  9D 04 00 00 22 23 00 00   .`...=....."#..
000176E0  20 03 60 0D 8F 04 3D FC  A8 06 00 00 22 23 00 00   .`...=....."#..
000176F0  20 03 20 0F 42 05 E0 FC  B3 04 00 00 22 23 00 00   . .B......."#..
00017700  20 05 20 0F 14 06 F4 FC  03 04 00 00 22 23 00 00   . ........."#..
00017710  20 05 60 0D C0 06 3D FC  9D 04 00 00 22 23 00 00   .`...=....."#..
00017720  20 01 60 0D 78 04 1F FF  D0 05 00 00 22 23 00 00   .`.x......."#..
00017730  20 03 60 0D 8A 05 99 FD  76 07 00 00 22 23 00 00   .`.....v..."#..
00017740  20 03 20 0F E1 05 41 FE  44 05 00 00 22 23 00 00   . ...A.D..."#..
00017750  20 01 20 0F 57 05 DF FE  57 04 00 00 22 23 00 00   . .W...W..."#..
00017760  20 01 A0 0B 78 04 1F FF  D0 05 00 00 22 23 00 00   ...x......."#..
00017770  20 01 60 0D C7 02 98 FD  97 04 00 00 22 23 00 00   .`........."#..
00017780  20 03 60 0D 8F 04 3D FC  A8 06 00 00 22 23 00 00   .`...=....."#..
00017790  20 03 A0 0B 8A 05 99 FD  76 07 00 00 22 23 00 00   .......v..."#..
000177A0  20 01 60 0D C7 02 98 FD  97 04 00 00 22 23 00 00   .`........."#..
000177B0  20 01 20 0F 9F 04 78 FD  B0 03 00 00 22 23 00 00   . ...x....."#..
000177C0  20 03 20 0F 42 05 E0 FC  B3 04 00 00 22 23 00 00   . .B......."#..
000177D0  20 03 60 0D 8F 04 3D FC  A8 06 00 00 22 23 00 00   .`...=....."#..
000177E0  20 03 20 0F 42 05 E0 FC  B3 04 00 00 22 23 00 00   . .B......."#..
000177F0  20 03 E0 10 E1 05 41 FE  44 05 00 00 22 23 00 00   .....A.D..."#..
00017800  20 05 E0 10 A4 06 25 FE  83 04 00 00 22 23 00 00   .....%....."#..
00017810  20 05 20 0F 14 06 F4 FC  03 04 00 00 22 23 00 00   . ........."#..
00017820  A0 02 60 0D 55 0A 07 01  26 03 00 00 22 23 00 00  ..`.U...&..."#..
00017830  A0 02 A0 0B 03 0A ED 00  A9 04 00 00 22 23 00 00  ............"#..
00017840  20 05 A0 0B B2 08 50 FE  3C 04 00 00 22 23 00 00   .....P.<..."#..
00017850  20 05 60 0D 12 09 5B FE  D4 02 00 00 22 23 00 00   .`...[....."#..
00017860  A0 02 60 0D D8 0A 06 01  2F 00 00 00 22 23 00 00  ..`...../..."#..
00017870  A0 02 A0 0B C6 0A EE 00  DA 01 00 00 22 23 00 00  ............"#..
00017880  20 05 A0 0B 20 09 E1 FD  DC 01 00 00 22 23 00 00   ... ......."#..
00017890  20 05 60 0D 32 09 F7 FD  70 00 00 00 22 23 00 00   .`.2...p..."#..
000178A0  20 00 60 0D 01 06 E9 01  0F FE 00 00 22 23 00 00   .`........."#..
000178B0  20 00 A0 0B DC 06 61 02  B3 FF 00 00 22 23 00 00   .....a....."#..
000178C0  A0 02 A0 0B B4 09 64 00  2F FF 00 00 22 23 00 00  ......d./..."#..
000178D0  A0 02 60 0D 49 09 09 00  A7 FD 00 00 22 23 00 00  ..`.I......."#..
000178E0  A0 02 A0 0B 27 06 6C FF  BC FB 00 00 22 23 00 00  ....'.l....."#..
000178F0  A0 02 60 0D 1D 07 7E FF  B3 FC 00 00 22 23 00 00  ..`...~....."#..
00017900  20 05 60 0D A7 06 9E FD  A2 FD 00 00 22 23 00 00   .`........."#..
00017910  20 05 A0 0B A7 05 7C FD  D4 FC 00 00 01 00 00 00   .....|.........
00017920  08 00 00 00 02 00 11 7C  08 00 00 00 03 00 00 00  .......|........
00017930  B0 09 00 00 99 00 10 29  00 00 00 00 00 00 00 00  .......)........
00017940  00 00 00 00 00 00 00 00  00 00 00 00 22 23 00 00  ............"#..
00017950  53 03 5D 0D 64 06 39 FD  CC 03 00 00 22 23 00 00  S.].d.9....."#..
00017960  8E 01 5F 0D 73 08 EC FE  09 04 00 00 22 23 00 00  .._.s......."#..
00017970  13 02 1D 10 3E 05 B1 FF  24 04 00 00 22 23 00 00  ....>...$..."#..
00017980  18 00 FF 0F 3E 05 B1 FF  24 04 00 00 22 23 00 00  ....>...$..."#..
00017990  8E 01 5F 0D 73 08 EC FE  09 04 00 00 22 23 00 00  .._.s......."#..
000179A0  18 00 5F 0D D1 06 50 02  25 04 00 00 22 23 00 00  .._...P.%..."#..
000179B0  00 0D DF 03 A6 06 D9 FF  57 00 00 00 22 23 00 00  ........W..."#..
000179C0  E0 0C 35 06 B4 08 F3 FE  20 00 00 00 22 23 00 00  ..5..... ..."#..
000179D0  72 0A D7 03 55 07 C7 02  3C 00 00 00 22 23 00 00  r...U...<..."#..
000179E0  00 0D DF 03 B0 05 35 FF  2D FD 00 00 22 23 00 00  ......5.-..."#..
000179F0  72 0A D7 03 3A 06 9A 01  8E FC 00 00 22 23 00 00  r...:......."#..
00017A00  E0 0C 35 06 8A 07 7B FE  FB FC 00 00 22 23 00 00  ..5...{....."#..
00017A10  00 0D DF 03 B0 05 35 FF  2D FD 00 00 22 23 00 00  ......5.-..."#..
00017A20  E0 0C 35 06 8A 07 7B FE  FB FC 00 00 22 23 00 00  ..5...{....."#..
00017A30  64 0F F0 03 B1 04 4A FD  AF FD 00 00 22 23 00 00  d.....J....."#..
00017A40  64 0F F0 03 71 05 9D FD  5D 00 00 00 22 23 00 00  d...q...]..."#..
00017A50  E0 0C 35 06 B4 08 F3 FE  20 00 00 00 22 23 00 00  ..5..... ..."#..
00017A60  00 0D DF 03 A6 06 D9 FF  57 00 00 00 22 23 00 00  ........W..."#..
00017A70  18 05 5D 0D 0E 04 47 FF  A2 09 00 00 22 23 00 00  ..]...G....."#..
00017A80  9A 05 05 0E 10 05 19 00  FB 09 00 00 22 23 00 00  ............"#..
00017A90  13 06 5D 0D 65 04 FC 00  52 09 00 00 22 23 00 00  ..].e...R..."#..
00017AA0  AE 05 58 04 D1 06 50 02  25 04 00 00 22 23 00 00  ..X...P.%..."#..
00017AB0  AE 04 3C 02 8D 04 BE 01  89 04 00 00 22 23 00 00  ..<........."#..
00017AC0  0A 04 DE 03 3E 05 B1 FF  24 04 00 00 22 23 00 00  ....>...$..."#..
00017AD0  B0 08 14 00 6A 01 0C 03  90 FF 00 00 22 23 00 00  ....j......."#..
00017AE0  6F 06 14 00 03 01 F6 01  A1 03 00 00 22 23 00 00  o..........."#..
00017AF0  AE 05 58 04 D1 06 50 02  25 04 00 00 22 23 00 00  ..X...P.%..."#..
00017B00  B0 08 14 00 6A 01 0C 03  90 FF 00 00 22 23 00 00  ....j......."#..
00017B10  72 0A D7 03 37 06 9A 01  8E FC 00 00 22 23 00 00  r...7......."#..
00017B20  B2 0A 14 00 7A 01 32 00  2F FD 00 00 22 23 00 00  ....z.2./..."#..
00017B30  DE 0C 9F 0C CC 04 42 FE  BC 00 00 00 22 23 00 00  ......B....."#..
00017B40  1A 0E E1 0F B0 05 35 FF  2D FD 00 00 22 23 00 00  ......5.-..."#..
00017B50  A1 0F 1F 0D F5 06 2A 00  3C 00 00 00 22 23 00 00  ......*.<..."#..
00017B60  30 08 2B 05 F5 06 2A 00  3C 00 00 00 22 23 00 00  0.+...*.<..."#..
00017B70  72 0A 2B 05 B0 05 35 FF  2D FD 00 00 22 23 00 00  r.+...5.-..."#..
00017B80  72 0A D7 03 37 06 9A 01  8E FC 00 00 22 23 00 00  r...7......."#..
00017B90  18 05 9A 06 6A 01 0C 03  90 FF 00 00 22 23 00 00  ....j......."#..
00017BA0  96 02 1C 09 C9 FE D5 00  03 00 00 00 22 23 00 00  ............"#..
00017BB0  14 00 9A 06 03 01 F6 01  A1 03 00 00 22 23 00 00  ............"#..
00017BC0  EC 02 D6 01 30 02 19 00  D1 05 00 00 22 23 00 00  ....0......."#..
00017BD0  6C 03 14 00 03 01 E2 FD  9C 03 00 00 22 23 00 00  l..........."#..
00017BE0  6B 02 95 01 C5 01 16 FE  C0 04 00 00 22 23 00 00  k..........."#..
00017BF0  AE 04 3C 02 8D 04 BE 01  89 04 00 00 22 23 00 00  ..<........."#..
00017C00  AE 05 58 04 D1 06 50 02  25 04 00 00 22 23 00 00  ..X...P.%..."#..
00017C10  6F 06 14 00 03 01 F6 01  A1 03 00 00 22 23 00 00  o..........."#..
00017C20  B0 08 14 00 6A 01 0C 03  90 FF 00 00 22 23 00 00  ....j......."#..
00017C30  30 08 58 04 52 07 C7 02  3C 00 00 00 22 23 00 00  0.X.R...<..."#..
00017C40  72 0A D7 03 37 06 9A 01  8E FC 00 00 22 23 00 00  r...7......."#..
00017C50  96 02 1C 09 C9 FE D5 00  03 00 00 00 22 23 00 00  ............"#..
00017C60  A3 02 1D 0B 7A 01 10 FD  C0 FF 00 00 22 23 00 00  ....z......."#..
00017C70  14 00 1F 09 03 01 E2 FD  9C 03 00 00 22 23 00 00  ............"#..
00017C80  96 02 1C 09 C9 FE D5 00  03 00 00 00 22 23 00 00  ............"#..
00017C90  14 00 1F 09 03 01 E2 FD  9C 03 00 00 22 23 00 00  ............"#..
00017CA0  14 00 9A 06 03 01 F6 01  A1 03 00 00 22 23 00 00  ............"#..
00017CB0  18 05 1C 09 7A 01 32 00  2F FD 00 00 22 23 00 00  ....z.2./..."#..
00017CC0  96 02 1C 09 C9 FE D5 00  03 00 00 00 22 23 00 00  ............"#..
00017CD0  18 05 9A 06 6A 01 0C 03  90 FF 00 00 22 23 00 00  ....j......."#..
00017CE0  B0 08 14 00 6A 01 0C 03  90 FF 00 00 22 23 00 00  ....j......."#..
00017CF0  AE 05 58 04 D1 06 50 02  25 04 00 00 22 23 00 00  ..X...P.%..."#..
00017D00  30 08 58 04 52 07 C7 02  3C 00 00 00 22 23 00 00  0.X.R...<..."#..
00017D10  AE 05 2B 05 3E 05 B1 FF  24 04 00 00 22 23 00 00  ..+.>...$..."#..
00017D20  30 08 2B 05 F5 06 2A 00  3C 00 00 00 22 23 00 00  0.+...*.<..."#..
00017D30  AE 05 58 04 D1 06 50 02  25 04 00 00 22 23 00 00  ..X...P.%..."#..
00017D40  AE 04 3C 02 8D 04 BE 01  89 04 00 00 22 23 00 00  ..<........."#..
00017D50  6F 06 14 00 03 01 F6 01  A1 03 00 00 22 23 00 00  o..........."#..
00017D60  6C 03 16 02 59 03 69 01  58 05 00 00 22 23 00 00  l...Y.i.X..."#..
00017D70  5D 0B DC 08 C5 01 16 FE  C0 04 00 00 22 23 00 00  ]..........."#..
00017D80  9D 0A 9F 0D 7A 01 10 FD  C0 FF 00 00 22 23 00 00  ....z......."#..
00017D90  DE 0B 9E 0B AC 03 8A FD  11 02 00 00 22 23 00 00  ............"#..
00017DA0  DE 0C 9F 0C CC 04 42 FE  BC 00 00 00 22 23 00 00  ......B....."#..
00017DB0  20 0F DC 09 3E 05 B1 FF  24 04 00 00 22 23 00 00   ...>...$..."#..
00017DC0  5F 0D DC 09 18 04 5E FE  33 04 00 00 22 23 00 00  _.....^.3..."#..
00017DD0  DE 0B 9E 0B AC 03 8A FD  11 02 00 00 22 23 00 00  ............"#..
00017DE0  DE 0C 9F 0C CC 04 42 FE  BC 00 00 00 22 23 00 00  ......B....."#..
00017DF0  0F 0D FA 09 18 04 5E FE  33 04 00 00 22 23 00 00  ......^.3..."#..
00017E00  9D 0A 9F 0D 7A 01 10 FD  C0 FF 00 00 22 23 00 00  ....z......."#..
00017E10  DE 0C 9F 0C CC 04 42 FE  BC 00 00 00 22 23 00 00  ......B....."#..
00017E20  DE 0B 9E 0B AC 03 8A FD  11 02 00 00 22 23 00 00  ............"#..
00017E30  9D 0A E1 0F 7A 01 32 00  2F FD 00 00 22 23 00 00  ....z.2./..."#..
00017E40  1A 0E E1 0F B0 05 35 FF  2D FD 00 00 22 23 00 00  ......5.-..."#..
00017E50  9D 0A 9F 0D 7A 01 10 FD  C0 FF 00 00 22 23 00 00  ....z......."#..
00017E60  DE 0C 9F 0C CC 04 42 FE  BC 00 00 00 22 23 00 00  ......B....."#..
00017E70  A1 0F 1F 0D F5 06 2A 00  3C 00 00 00 22 23 00 00  ......*.<..."#..
00017E80  20 0F DC 09 3E 05 B1 FF  24 04 00 00 22 23 00 00   ...>...$..."#..
00017E90  B2 0A 14 00 7A 01 32 00  2F FD 00 00 22 23 00 00  ....z.2./..."#..
00017EA0  72 0A D7 03 37 06 9A 01  8E FC 00 00 22 23 00 00  r...7......."#..
00017EB0  5A 0B 9B 03 B0 05 35 FF  2D FD 00 00 22 23 00 00  Z.....5.-..."#..
00017EC0  9D 0A 9F 0D 7A 01 10 FD  C0 FF 00 00 22 23 00 00  ....z......."#..
00017ED0  1A 0E E1 0F B0 05 35 FF  2D FD 00 00 22 23 00 00  ......5.-..."#..
00017EE0  DE 0C 9F 0C CC 04 42 FE  BC 00 00 00 22 23 00 00  ......B....."#..
00017EF0  18 05 1C 09 7A 01 32 00  2F FD 00 00 22 23 00 00  ....z.2./..."#..
00017F00  A3 02 1D 0B 7A 01 10 FD  C0 FF 00 00 22 23 00 00  ....z......."#..
00017F10  96 02 1C 09 C9 FE D5 00  03 00 00 00 22 23 00 00  ............"#..
00017F20  9D 0A 1D 0A 03 01 E2 FD  9C 03 00 00 22 23 00 00  ............"#..
00017F30  9D 0A 9F 0D 7A 01 10 FD  C0 FF 00 00 22 23 00 00  ....z......."#..
00017F40  5D 0B DC 08 C5 01 16 FE  C0 04 00 00 22 23 00 00  ]..........."#..
00017F50  2B 03 D0 02 18 04 5E FE  33 04 00 00 22 23 00 00  +.....^.3..."#..
00017F60  0A 04 DE 03 3E 05 B1 FF  24 04 00 00 22 23 00 00  ....>...$..."#..
00017F70  4C 03 73 02 B0 04 D6 00  B7 04 00 00 22 23 00 00  L.s........."#..
00017F80  30 08 2B 05 F5 06 2A 00  3C 00 00 00 22 23 00 00  0.+...*.<..."#..
00017F90  72 0A D7 03 37 06 9A 01  8E FC 00 00 22 23 00 00  r...7......."#..
00017FA0  30 08 58 04 52 07 C7 02  3C 00 00 00 22 23 00 00  0.X.R...<..."#..
00017FB0  AE 05 58 04 D1 06 50 02  25 04 00 00 22 23 00 00  ..X...P.%..."#..
00017FC0  30 08 2B 05 F5 06 2A 00  3C 00 00 00 22 23 00 00  0.+...*.<..."#..
00017FD0  30 08 58 04 52 07 C7 02  3C 00 00 00 22 23 00 00  0.X.R...<..."#..
00017FE0  DE 0B 9E 0B AC 03 8A FD  11 02 00 00 22 23 00 00  ............"#..
00017FF0  BE 0C 18 0A 18 04 5E FE  33 04 00 00 22 23 00 00  ......^.3..."#..
00018000  5D 0B DC 08 C5 01 16 FE  C0 04 00 00 22 23 00 00  ]..........."#..
00018010  6F 06 14 00 03 01 F6 01  A1 03 00 00 22 23 00 00  o..........."#..
00018020  EC 02 D6 01 30 02 19 00  D1 05 00 00 22 23 00 00  ....0......."#..
00018030  6C 03 16 02 59 03 69 01  58 05 00 00 22 23 00 00  l...Y.i.X..."#..
00018040  18 01 9F 0B C5 01 16 FE  C0 04 00 00 22 23 00 00  ............"#..
00018050  18 05 9F 0B 0E 04 47 FF  A2 09 00 00 22 23 00 00  ......G....."#..
00018060  18 01 7F 0C 30 02 19 00  D1 05 00 00 22 23 00 00  ....0......."#..
00018070  18 01 5F 0D 59 03 69 01  58 05 00 00 22 23 00 00  .._.Y.i.X..."#..
00018080  18 05 5F 0D 65 04 FC 00  52 09 00 00 22 23 00 00  .._.e...R..."#..
00018090  18 05 AF 0E BA 05 CB 00  0F 09 00 00 22 23 00 00  ............"#..
000180A0  50 02 B0 0E 18 04 5E FE  33 04 00 00 22 23 00 00  P.....^.3..."#..
000180B0  18 05 AF 0E 70 05 0F FF  58 09 00 00 22 23 00 00  ....p...X..."#..
000180C0  18 01 5F 0D C5 01 16 FE  C0 04 00 00 22 23 00 00  .._........."#..
000180D0  53 03 5D 0D 64 06 39 FD  CC 03 00 00 22 23 00 00  S.].d.9....."#..
000180E0  13 02 1D 10 3E 05 B1 FF  24 04 00 00 22 23 00 00  ....>...$..."#..
000180F0  13 03 1D 10 BE 04 9B FE  B8 03 00 00 22 23 00 00  ............"#..
00018100  AE 04 3C 02 8D 04 BE 01  89 04 00 00 22 23 00 00  ..<........."#..
00018110  4C 03 73 02 B0 04 D6 00  B7 04 00 00 22 23 00 00  L.s........."#..
00018120  0A 04 DE 03 3E 05 B1 FF  24 04 00 00 22 23 00 00  ....>...$..."#..
00018130  18 05 AF 0E 70 05 0F FF  58 09 00 00 22 23 00 00  ....p...X..."#..
00018140  13 06 AF 0E BA 05 CB 00  0F 09 00 00 22 23 00 00  ............"#..
00018150  9A 05 05 0E 10 05 19 00  FB 09 00 00 22 23 00 00  ............"#..
00018160  9A 05 05 0E 10 05 19 00  FB 09 00 00 22 23 00 00  ............"#..
00018170  13 06 AF 0E BA 05 CB 00  0F 09 00 00 22 23 00 00  ............"#..
00018180  13 06 5D 0D 65 04 FC 00  52 09 00 00 22 23 00 00  ..].e...R..."#..
00018190  18 05 AF 0E 70 05 0F FF  58 09 00 00 22 23 00 00  ....p...X..."#..
000181A0  9A 05 05 0E 10 05 19 00  FB 09 00 00 22 23 00 00  ............"#..
000181B0  18 05 5D 0D 0E 04 47 FF  A2 09 00 00 22 23 00 00  ..]...G....."#..
000181C0  18 01 5F 0D 59 03 69 01  58 05 00 00 22 23 00 00  .._.Y.i.X..."#..
000181D0  18 05 AF 0E BA 05 CB 00  0F 09 00 00 22 23 00 00  ............"#..
000181E0  50 02 B0 0E B0 04 D6 00  B7 04 00 00 22 23 00 00  P..........."#..
000181F0  18 01 5F 0D C5 01 16 FE  C0 04 00 00 22 23 00 00  .._........."#..
00018200  18 05 AF 0E 70 05 0F FF  58 09 00 00 22 23 00 00  ....p...X..."#..
00018210  18 05 5F 0D 0E 04 47 FF  A2 09 00 00 22 23 00 00  .._...G....."#..
00018220  18 01 7F 0C 30 02 19 00  D1 05 00 00 22 23 00 00  ....0......."#..
00018230  18 05 5F 0D 65 04 FC 00  52 09 00 00 22 23 00 00  .._.e...R..."#..
00018240  18 01 5F 0D 59 03 69 01  58 05 00 00 22 23 00 00  .._.Y.i.X..."#..
00018250  18 01 7F 0C 30 02 19 00  D1 05 00 00 22 23 00 00  ....0......."#..
00018260  18 05 9F 0B 0E 04 47 FF  A2 09 00 00 22 23 00 00  ......G....."#..
00018270  18 05 5F 0D 65 04 FC 00  52 09 00 00 22 23 00 00  .._.e...R..."#..
00018280  6C 03 16 02 59 03 69 01  58 05 00 00 22 23 00 00  l...Y.i.X..."#..
00018290  4C 03 73 02 B0 04 D6 00  B7 04 00 00 22 23 00 00  L.s........."#..
000182A0  AE 04 3C 02 8D 04 BE 01  89 04 00 00 22 23 00 00  ..<........."#..
000182B0  6F 06 14 00 03 01 F6 01  A1 03 00 00 22 23 00 00  o..........."#..
000182C0  6C 03 14 00 03 01 E2 FD  9C 03 00 00 22 23 00 00  l..........."#..
000182D0  EC 02 D6 01 30 02 19 00  D1 05 00 00 04 00 00 00  ....0...........
000182E0  20 03 00 00 30 00 10 29  00 00 00 00 00 00 00 00   ...0..)........
000182F0  00 00 00 00 00 00 00 00  00 00 00 00 22 23 00 00  ............"#..
00018300  8E 01 9F 0B CE 08 E5 FE  4D 02 00 00 22 23 00 00  ........M..."#..
00018310  8E 01 5F 0D 73 08 EC FE  09 04 00 00 22 23 00 00  .._.s......."#..
00018320  38 03 5F 0D 64 06 39 FD  CC 03 00 00 22 23 00 00  8._.d.9....."#..
00018330  38 03 9F 0B 84 06 04 FD  2C 02 00 00 22 23 00 00  8.......,..."#..
00018340  18 05 5F 0D BE 04 9B FE  B8 03 00 00 22 23 00 00  .._........."#..
00018350  18 05 9F 0B C6 04 81 FE  0E 02 00 00 22 23 00 00  ............"#..
00018360  38 03 9F 0B 84 06 04 FD  2C 02 00 00 22 23 00 00  8.......,..."#..
00018370  38 03 5F 0D 64 06 39 FD  CC 03 00 00 22 23 00 00  8._.d.9....."#..
00018380  18 00 9F 0B 08 07 6C 02  41 02 00 00 22 23 00 00  ......l.A..."#..
00018390  18 00 5F 0D D1 06 50 02  25 04 00 00 22 23 00 00  .._...P.%..."#..
000183A0  8E 01 5F 0D 73 08 EC FE  09 04 00 00 22 23 00 00  .._.s......."#..
000183B0  8E 01 9F 0B CE 08 E5 FE  4D 02 00 00 22 23 00 00  ........M..."#..
000183C0  8E 01 9F 0B FA 08 EE FE  54 00 00 00 22 23 00 00  ........T..."#..
000183D0  8E 01 5F 0D CE 08 E5 FE  4D 02 00 00 22 23 00 00  .._.....M..."#..
000183E0  38 03 5F 0D 84 06 04 FD  2C 02 00 00 22 23 00 00  8._.....,..."#..
000183F0  38 03 9F 0B 6A 06 F5 FC  7F 00 00 00 22 23 00 00  8...j......."#..
00018400  8E 01 FF 0F 16 06 2A FF  6D 00 00 00 22 23 00 00  ......*.m..."#..
00018410  8E 01 9F 12 FA 08 EE FE  54 00 00 00 22 23 00 00  ........T..."#..
00018420  38 03 9F 12 6A 06 F5 FC  7F 00 00 00 22 23 00 00  8...j......."#..
00018430  38 03 FF 0F B6 04 AA FE  7E 00 00 00 22 23 00 00  8.......~..."#..
00018440  18 05 5F 0D B6 04 AA FE  7E 00 00 00 22 23 00 00  .._.....~..."#..
00018450  38 03 5F 0D 6A 06 F5 FC  7F 00 00 00 22 23 00 00  8._.j......."#..
00018460  38 03 9F 0B 84 06 04 FD  2C 02 00 00 22 23 00 00  8.......,..."#..
00018470  18 05 9F 0B C6 04 81 FE  0F 02 00 00 22 23 00 00  ............"#..
00018480  18 00 9F 0B 52 07 C7 02  3C 00 00 00 22 23 00 00  ....R...<..."#..
00018490  18 00 5F 0D 08 07 6C 02  41 02 00 00 22 23 00 00  .._...l.A..."#..
000184A0  8E 01 5F 0D CE 08 E5 FE  4D 02 00 00 22 23 00 00  .._.....M..."#..
000184B0  8E 01 9F 0B FA 08 EE FE  54 00 00 00 22 23 00 00  ........T..."#..
000184C0  18 00 FF 0F AC 05 37 00  6E 00 00 00 22 23 00 00  ......7.n..."#..
000184D0  18 00 9F 12 52 07 C7 02  3C 00 00 00 22 23 00 00  ....R...<..."#..
000184E0  8E 01 9F 12 FA 08 EE FE  54 00 00 00 22 23 00 00  ........T..."#..
000184F0  8E 01 FF 0F 16 06 2A FF  6D 00 00 00 22 23 00 00  ......*.m..."#..
00018500  25 08 0E 09 71 05 9D FD  5D 00 00 00 22 23 00 00  %...q...]..."#..
00018510  29 08 11 07 A6 06 D9 FF  57 00 00 00 22 23 00 00  ).......W..."#..
00018520  63 0A 0C 07 B0 05 35 FF  2D FD 00 00 22 23 00 00  c.....5.-..."#..
00018530  5C 0A 0C 09 B1 04 4A FD  AF FD 00 00 22 23 00 00  \.....J....."#..
00018540  69 05 D9 05 B4 08 F3 FE  20 00 00 00 22 23 00 00  i....... ..."#..
00018550  01 08 D9 05 8A 07 7B FE  FB FC 00 00 22 23 00 00  ......{....."#..
00018560  01 08 13 04 3A 06 9A 01  8E FC 00 00 22 23 00 00  ....:......."#..
00018570  69 05 13 04 55 07 C7 02  3C 00 00 00 22 23 00 00  i...U...<..."#..
00018580  69 05 59 07 71 05 9D FD  5D 00 00 00 22 23 00 00  i.Y.q...]..."#..
00018590  01 08 59 07 B1 04 4A FD  AF FD 00 00 22 23 00 00  ..Y...J....."#..
000185A0  01 08 D9 05 8A 07 7B FE  FB FC 00 00 22 23 00 00  ......{....."#..
000185B0  69 05 D9 05 B4 08 F3 FE  20 00 00 00 22 23 00 00  i....... ..."#..
000185C0  18 05 4E 11 70 05 0F FF  58 09 00 00 22 23 00 00  ..N.p...X..."#..
000185D0  50 02 50 11 18 04 5E FE  33 04 00 00 22 23 00 00  P.P...^.3..."#..
000185E0  50 02 B0 0E B0 04 D6 00  B7 04 00 00 22 23 00 00  P..........."#..
000185F0  18 05 AF 0E BA 05 CB 00  0F 09 00 00 01 00 00 00  ................
00018600  08 00 00 00 02 00 00 7C  08 00 00 00 03 00 00 00  .......|........
00018610  E0 03 00 00 3C 00 10 29  00 00 00 00 00 00 00 00  ....<..)........
00018620  00 00 00 00 00 00 00 00  00 00 00 00 22 23 00 00  ............"#..
00018630  F0 05 10 0E 42 F9 E1 FC  58 05 00 00 22 23 00 00  ....B...X..."#..
00018640  F0 05 D1 0E 14 FF FF FA  77 05 00 00 22 23 00 00  ........w..."#..
00018650  30 05 D1 0E 86 F9 B4 01  F7 03 00 00 22 23 00 00  0..........."#..
00018660  B0 06 D0 0F 38 F6 35 01  4A 04 00 00 22 23 00 00  ....8.5.J..."#..
00018670  50 07 30 0E 26 F6 AA FB  B9 FF 00 00 22 23 00 00  P.0.&......."#..
00018680  50 07 D0 0F 42 F9 E1 FC  58 05 00 00 22 23 00 00  P...B...X..."#..
00018690  30 05 D1 0E 86 F9 B4 01  F7 03 00 00 22 23 00 00  0..........."#..
000186A0  A1 04 D1 0E 52 F9 B2 03  0F 00 00 00 22 23 00 00  ....R......."#..
000186B0  30 05 10 0E 38 F6 35 01  4A 04 00 00 22 23 00 00  0...8.5.J..."#..
000186C0  50 07 30 0E 26 F6 AA FB  B9 FF 00 00 22 23 00 00  P.0.&......."#..
000186D0  B0 06 D0 0F F9 F4 CE 02  F2 FF 00 00 22 23 00 00  ............"#..
000186E0  50 07 D0 0F 70 F5 38 01  4F FB 00 00 22 23 00 00  P...p.8.O..."#..
000186F0  A1 04 D1 0E 52 F9 B2 03  0F 00 00 00 22 23 00 00  ....R......."#..
00018700  10 04 D1 0E 9F F9 83 01  04 FB 00 00 22 23 00 00  ............"#..
00018710  10 04 10 0E 70 F5 38 01  4F FB 00 00 22 23 00 00  ....p.8.O..."#..
00018720  B0 02 F0 11 40 05 A7 F6  89 00 00 00 22 23 00 00  ....@......."#..
00018730  B0 02 D1 0E 0B 00 86 F6  5A 00 00 00 22 23 00 00  ........Z..."#..
00018740  50 03 D1 0E 66 FF 23 F9  F0 FA 00 00 22 23 00 00  P...f.#....."#..
00018750  F0 05 D1 0E 14 FF FF FA  77 05 00 00 22 23 00 00  ........w..."#..
00018760  90 06 F0 11 40 05 A7 F6  89 00 00 00 22 23 00 00  ....@......."#..
00018770  B0 04 F0 11 96 04 CF 01  DE FF 00 00 22 23 00 00  ............"#..
00018780  F0 05 D1 0E 14 FF FF FA  77 05 00 00 22 23 00 00  ........w..."#..
00018790  90 06 D1 0E 0B 00 86 F6  5A 00 00 00 22 23 00 00  ........Z..."#..
000187A0  90 06 F0 11 40 05 A7 F6  89 00 00 00 22 23 00 00  ....@......."#..
000187B0  B0 02 F0 11 40 05 A7 F6  89 00 00 00 22 23 00 00  ....@......."#..
000187C0  50 03 D1 0E 66 FF 23 F9  F0 FA 00 00 22 23 00 00  P...f.#....."#..
000187D0  B0 04 F0 11 96 04 CF 01  DE FF 00 00 22 23 00 00  ............"#..
000187E0  F0 05 10 0E 42 F9 E1 FC  58 05 00 00 22 23 00 00  ....B...X..."#..
000187F0  30 05 D1 0E 86 F9 B4 01  F7 03 00 00 22 23 00 00  0..........."#..
00018800  30 05 10 0E 38 F6 35 01  4A 04 00 00 22 23 00 00  0...8.5.J..."#..
00018810  A1 04 D1 0E 52 F9 B2 03  0F 00 00 00 22 23 00 00  ....R......."#..
00018820  A1 04 10 0E F9 F4 CE 02  F2 FF 00 00 22 23 00 00  ............"#..
00018830  30 05 10 0E 38 F6 35 01  4A 04 00 00 22 23 00 00  0...8.5.J..."#..
00018840  A1 04 10 0E F9 F4 CE 02  F2 FF 00 00 22 23 00 00  ............"#..
00018850  A1 04 D1 0E 52 F9 B2 03  0F 00 00 00 22 23 00 00  ....R......."#..
00018860  10 04 10 0E 70 F5 38 01  4F FB 00 00 22 23 00 00  ....p.8.O..."#..
00018870  F0 05 D1 0E 14 FF FF FA  77 05 00 00 22 23 00 00  ........w..."#..
00018880  B0 04 F0 11 96 04 CF 01  DE FF 00 00 22 23 00 00  ............"#..
00018890  30 05 D1 0E 86 F9 B4 01  F7 03 00 00 22 23 00 00  0..........."#..
000188A0  B0 04 F0 11 96 04 CF 01  DE FF 00 00 22 23 00 00  ............"#..
000188B0  A1 04 D1 0E 52 F9 B2 03  0F 00 00 00 22 23 00 00  ....R......."#..
000188C0  30 05 D1 0E 86 F9 B4 01  F7 03 00 00 22 23 00 00  0..........."#..
000188D0  A1 04 D1 0E 52 F9 B2 03  0F 00 00 00 22 23 00 00  ....R......."#..
000188E0  B0 04 F0 11 96 04 CF 01  DE FF 00 00 22 23 00 00  ............"#..
000188F0  10 04 D1 0E 9F F9 83 01  04 FB 00 00 22 23 00 00  ............"#..
00018900  50 03 D1 0E 66 FF 23 F9  F0 FA 00 00 22 23 00 00  P...f.#....."#..
00018910  10 04 D1 0E 9F F9 83 01  04 FB 00 00 22 23 00 00  ............"#..
00018920  B0 04 F0 11 96 04 CF 01  DE FF 00 00 22 23 00 00  ............"#..
00018930  50 07 30 0E 26 F6 AA FB  B9 FF 00 00 22 23 00 00  P.0.&......."#..
00018940  50 07 D0 0F F6 FA D5 F8  55 00 00 00 22 23 00 00  P.......U..."#..
00018950  B0 06 D0 0F 42 F9 E1 FC  58 05 00 00 22 23 00 00  ....B...X..."#..
00018960  50 07 D0 0F 38 F6 35 01  4A 04 00 00 22 23 00 00  P...8.5.J..."#..
00018970  B0 06 D0 0F F9 F4 CE 02  F2 FF 00 00 22 23 00 00  ............"#..
00018980  50 07 30 0E 26 F6 AA FB  B9 FF 00 00 22 23 00 00  P.0.&......."#..
00018990  50 07 30 0E 26 F6 AA FB  B9 FF 00 00 22 23 00 00  P.0.&......."#..
000189A0  B0 06 D0 0F 70 F5 38 01  4F FB 00 00 22 23 00 00  ....p.8.O..."#..
000189B0  50 07 D0 0F 75 F8 B3 FA  EB FA 00 00 22 23 00 00  P...u......."#..
000189C0  50 07 D0 0F F6 FA D5 F8  55 00 00 00 22 23 00 00  P.......U..."#..
000189D0  50 07 30 0E 26 F6 AA FB  B9 FF 00 00 22 23 00 00  P.0.&......."#..
000189E0  B0 06 D0 0F 75 F8 B3 FA  EB FA 00 00 04 00 00 00  ....u...........
000189F0  E0 00 00 00 0C 00 10 29  00 00 00 00 00 00 00 00  .......)........
00018A00  00 00 00 00 00 00 00 00  00 00 00 00 22 23 00 00  ............"#..
00018A10  10 04 10 0E 70 F5 38 01  4F FB 00 00 22 23 00 00  ....p.8.O..."#..
00018A20  10 04 D1 0E 9F F9 83 01  04 FB 00 00 22 23 00 00  ............"#..
00018A30  50 03 D1 0E 66 FF 23 F9  F0 FA 00 00 22 23 00 00  P...f.#....."#..
00018A40  50 03 10 0E 75 F8 B3 FA  EB FA 00 00 22 23 00 00  P...u......."#..
00018A50  F0 05 10 0E 42 F9 E1 FC  58 05 00 00 22 23 00 00  ....B...X..."#..
00018A60  90 06 10 0E F6 FA D5 F8  55 00 00 00 22 23 00 00  ........U..."#..
00018A70  90 06 D1 0E 0B 00 86 F6  5A 00 00 00 22 23 00 00  ........Z..."#..
00018A80  F0 05 D1 0E 14 FF FF FA  77 05 00 00 22 23 00 00  ........w..."#..
00018A90  B0 02 D1 0E 0B 00 86 F6  5A 00 00 00 22 23 00 00  ........Z..."#..
00018AA0  B0 02 10 0E F6 FA D5 F8  55 00 00 00 22 23 00 00  ........U..."#..
00018AB0  50 03 10 0E 75 F8 B3 FA  EB FA 00 00 22 23 00 00  P...u......."#..
00018AC0  50 03 D1 0E 66 FF 23 F9  F0 FA 00 00 01 00 00 00  P...f.#.........
00018AD0  08 00 00 00 02 00 00 7C  08 00 00 00 03 00 00 00  .......|........
00018AE0  40 07 00 00 72 00 10 29  00 00 00 00 00 00 00 00  @...r..)........
00018AF0  00 00 00 00 00 00 00 00  00 00 00 00 22 23 00 00  ............"#..
00018B00  30 0B 70 03 AD FC 35 03  FA FF 00 00 22 23 00 00  0.p...5....."#..
00018B10  90 0A 30 04 60 FF 25 03  9A 03 00 00 22 23 00 00  ..0.`.%....."#..
00018B20  70 0A 70 03 74 00 0C 05  CC FF 00 00 22 23 00 00  p.p.t......."#..
00018B30  30 0B 70 03 AD FC 35 03  FA FF 00 00 22 23 00 00  0.p...5....."#..
00018B40  F0 0A D0 04 6D FC DC 00  0B 04 00 00 22 23 00 00  ....m......."#..
00018B50  90 0A 30 04 60 FF 25 03  9A 03 00 00 22 23 00 00  ..0.`.%....."#..
00018B60  F0 0A D0 04 6D FC DC 00  0B 04 00 00 22 23 00 00  ....m......."#..
00018B70  70 0A 50 06 29 FE 0F FD  9E 03 00 00 22 23 00 00  p.P.)......."#..
00018B80  90 0A 30 04 60 FF 25 03  9A 03 00 00 22 23 00 00  ..0.`.%....."#..
00018B90  30 0C 90 06 8E F8 07 FC  AB 02 00 00 22 23 00 00  0..........."#..
00018BA0  10 0B 50 06 00 FC 07 FC  CA 02 00 00 22 23 00 00  ..P........."#..
00018BB0  F0 0A D0 04 6D FC DC 00  0B 04 00 00 22 23 00 00  ....m......."#..
00018BC0  50 0D B0 04 86 F5 27 01  43 02 00 00 22 23 00 00  P.....'.C..."#..
00018BD0  50 0D 90 06 86 F5 DE FD  43 02 00 00 22 23 00 00  P.......C..."#..
00018BE0  30 0C F6 04 8A F8 84 00  D3 03 00 00 22 23 00 00  0..........."#..
00018BF0  30 0C 90 06 8E F8 07 FC  AB 02 00 00 22 23 00 00  0..........."#..
00018C00  F0 0A D0 04 6D FC DC 00  0B 04 00 00 22 23 00 00  ....m......."#..
00018C10  30 0C F6 04 8A F8 84 00  D3 03 00 00 22 23 00 00  0..........."#..
00018C20  02 0C 90 01 FF F8 E3 FF  1B FC 00 00 22 23 00 00  ............"#..
00018C30  50 0D 90 01 57 F5 09 00  11 FD 00 00 22 23 00 00  P...W......."#..
00018C40  50 0D 50 03 4F F5 A5 02  8E FF 00 00 22 23 00 00  P.P.O......."#..
00018C50  F0 0B 10 00 15 F9 3C FC  4A FE 00 00 22 23 00 00  ......<.J..."#..
00018C60  50 0D 10 00 4F F5 9E FC  8E FF 00 00 22 23 00 00  P...O......."#..
00018C70  50 0D 90 01 57 F5 09 00  11 FD 00 00 22 23 00 00  P...W......."#..
00018C80  70 0A 90 02 A1 FF 14 03  78 FC 00 00 22 23 00 00  p.......x..."#..
00018C90  70 0A 90 01 C4 FE A0 FF  D4 FB 00 00 22 23 00 00  p..........."#..
00018CA0  F0 0A 90 01 28 FC A4 00  C7 FB 00 00 22 23 00 00  ....(......."#..
00018CB0  F0 0A 90 01 28 FC A4 00  C7 FB 00 00 22 23 00 00  ....(......."#..
00018CC0  70 0A 90 01 C4 FE A0 FF  D4 FB 00 00 22 23 00 00  p..........."#..
00018CD0  50 0A 10 00 20 FE 87 FC  FD FD 00 00 22 23 00 00  P... ......."#..
00018CE0  10 0C B0 03 78 F9 3F 03  06 00 00 00 22 23 00 00  ....x.?....."#..
00018CF0  50 0D 50 03 4F F5 A5 02  8E FF 00 00 22 23 00 00  P.P.O......."#..
00018D00  50 0D B0 04 86 F5 27 01  43 02 00 00 22 23 00 00  P.....'.C..."#..
00018D10  50 0D 10 00 4F F5 9E FC  8E FF 00 00 22 23 00 00  P...O......."#..
00018D20  10 0E 90 01 7D F3 09 00  33 FD 00 00 22 23 00 00  ....}...3..."#..
00018D30  50 0D 90 01 57 F5 09 00  11 FD 00 00 22 23 00 00  P...W......."#..
00018D40  10 0E 90 01 7D F3 09 00  33 FD 00 00 22 23 00 00  ....}...3..."#..
00018D50  3A 0E 90 01 8A F2 09 00  26 FF 00 00 22 23 00 00  :.......&..."#..
00018D60  50 0D 50 03 4F F5 A5 02  8E FF 00 00 22 23 00 00  P.P.O......."#..
00018D70  50 0D 50 03 4F F5 A5 02  8E FF 00 00 22 23 00 00  P.P.O......."#..
00018D80  D0 0D B0 05 88 F3 09 00  EB 00 00 00 22 23 00 00  ............"#..
00018D90  50 0D B0 04 86 F5 27 01  43 02 00 00 22 23 00 00  P.....'.C..."#..
00018DA0  3A 0E 90 01 8A F2 09 00  26 FF 00 00 22 23 00 00  :.......&..."#..
00018DB0  10 0E 90 01 7D F3 09 00  33 FD 00 00 22 23 00 00  ....}...3..."#..
00018DC0  50 0D 10 00 4F F5 9E FC  8E FF 00 00 22 23 00 00  P...O......."#..
00018DD0  30 0A F0 07 20 FE 87 FC  FD FD 00 00 22 23 00 00  0... ......."#..
00018DE0  10 0B 50 06 00 FC 07 FC  CA 02 00 00 22 23 00 00  ..P........."#..
00018DF0  F0 0B F0 07 15 F9 3C FC  4A FE 00 00 22 23 00 00  ......<.J..."#..
00018E00  50 0D F0 07 4F F5 9E FC  8E FF 00 00 22 23 00 00  P...O......."#..
00018E10  30 0C 90 06 8E F8 07 FC  AB 02 00 00 22 23 00 00  0..........."#..
00018E20  50 0D 90 06 86 F5 DE FD  43 02 00 00 22 23 00 00  P.......C..."#..
00018E30  10 0B 50 06 00 FC 07 FC  CA 02 00 00 22 23 00 00  ..P........."#..
00018E40  70 0A 50 06 29 FE 0F FD  9E 03 00 00 22 23 00 00  p.P.)......."#..
00018E50  F0 0A D0 04 6D FC DC 00  0B 04 00 00 22 23 00 00  ....m......."#..
00018E60  D0 0D B0 05 88 F3 09 00  EB 00 00 00 22 23 00 00  ............"#..
00018E70  50 0D 90 06 86 F5 DE FD  43 02 00 00 22 23 00 00  P.......C..."#..
00018E80  50 0D B0 04 86 F5 27 01  43 02 00 00 22 23 00 00  P.....'.C..."#..
00018E90  F0 0B F0 07 15 F9 3C FC  4A FE 00 00 22 23 00 00  ......<.J..."#..
00018EA0  10 0B 50 06 00 FC 07 FC  CA 02 00 00 22 23 00 00  ..P........."#..
00018EB0  30 0C 90 06 8E F8 07 FC  AB 02 00 00 22 23 00 00  0..........."#..
00018EC0  30 0C F6 04 8A F8 84 00  D3 03 00 00 22 23 00 00  0..........."#..
00018ED0  F0 0A D0 04 6D FC DC 00  0B 04 00 00 22 23 00 00  ....m......."#..
00018EE0  10 0C B0 03 78 F9 3F 03  06 00 00 00 22 23 00 00  ....x.?....."#..
00018EF0  F0 0A 90 01 28 FC A4 00  C7 FB 00 00 22 23 00 00  ....(......."#..
00018F00  02 0C 90 01 FF F8 E3 FF  1B FC 00 00 22 23 00 00  ............"#..
00018F10  10 0C B0 03 78 F9 3F 03  06 00 00 00 22 23 00 00  ....x.?....."#..
00018F20  F0 0B 10 00 15 F9 3C FC  4A FE 00 00 22 23 00 00  ......<.J..."#..
00018F30  02 0C 90 01 FF F8 E3 FF  1B FC 00 00 22 23 00 00  ............"#..
00018F40  F0 0A 90 01 28 FC A4 00  C7 FB 00 00 22 23 00 00  ....(......."#..
00018F50  30 0B 70 03 AD FC 35 03  FA FF 00 00 22 23 00 00  0.p...5....."#..
00018F60  F0 0A 90 01 28 FC A4 00  C7 FB 00 00 22 23 00 00  ....(......."#..
00018F70  10 0C B0 03 78 F9 3F 03  06 00 00 00 22 23 00 00  ....x.?....."#..
00018F80  50 0D 90 01 57 F5 09 00  11 FD 00 00 22 23 00 00  P...W......."#..
00018F90  10 0E 90 01 7D F3 09 00  33 FD 00 00 22 23 00 00  ....}...3..."#..
00018FA0  50 0D 50 03 4F F5 A5 02  8E FF 00 00 22 23 00 00  P.P.O......."#..
00018FB0  50 0D 90 06 86 F5 DE FD  43 02 00 00 22 23 00 00  P.......C..."#..
00018FC0  D0 0D B0 05 88 F3 09 00  EB 00 00 00 22 23 00 00  ............"#..
00018FD0  50 0D F0 07 4F F5 9E FC  8E FF 00 00 22 23 00 00  P...O......."#..
00018FE0  02 0C 90 01 FF F8 E3 FF  1B FC 00 00 22 23 00 00  ............"#..
00018FF0  50 0D 50 03 4F F5 A5 02  8E FF 00 00 22 23 00 00  P.P.O......."#..
00019000  10 0C B0 03 78 F9 3F 03  06 00 00 00 22 23 00 00  ....x.?....."#..
00019010  70 0A 50 06 29 FE 0F FD  9E 03 00 00 22 23 00 00  p.P.)......."#..
00019020  10 0B 50 06 00 FC 07 FC  CA 02 00 00 22 23 00 00  ..P........."#..
00019030  30 0A F0 07 20 FE 87 FC  FD FD 00 00 22 23 00 00  0... ......."#..
00019040  70 0A 70 03 74 00 0C 05  CC FF 00 00 22 23 00 00  p.p.t......."#..
00019050  70 0A 90 02 A1 FF 14 03  78 FC 00 00 22 23 00 00  p.......x..."#..
00019060  F0 0A 90 01 28 FC A4 00  C7 FB 00 00 22 23 00 00  ....(......."#..
00019070  F0 0B 10 00 15 F9 3C FC  4A FE 00 00 22 23 00 00  ......<.J..."#..
00019080  F0 0A 90 01 28 FC A4 00  C7 FB 00 00 22 23 00 00  ....(......."#..
00019090  50 0A 10 00 20 FE 87 FC  FD FD 00 00 22 23 00 00  P... ......."#..
000190A0  F0 0B 10 00 15 F9 3C FC  4A FE 00 00 22 23 00 00  ......<.J..."#..
000190B0  50 0D 90 01 57 F5 09 00  11 FD 00 00 22 23 00 00  P...W......."#..
000190C0  02 0C 90 01 FF F8 E3 FF  1B FC 00 00 22 23 00 00  ............"#..
000190D0  3A 0E 90 01 8A F2 09 00  26 FF 00 00 22 23 00 00  :.......&..."#..
000190E0  90 0E 90 01 88 F3 09 00  EB 00 00 00 22 23 00 00  ............"#..
000190F0  50 0D 50 03 4F F5 A5 02  8E FF 00 00 22 23 00 00  P.P.O......."#..
00019100  90 0E 90 01 88 F3 09 00  EB 00 00 00 22 23 00 00  ............"#..
00019110  3A 0E 90 01 8A F2 09 00  26 FF 00 00 22 23 00 00  :.......&..."#..
00019120  50 0D 10 00 4F F5 9E FC  8E FF 00 00 22 23 00 00  P...O......."#..
00019130  50 0D 90 06 86 F5 DE FD  43 02 00 00 22 23 00 00  P.......C..."#..
00019140  30 0C 90 06 8E F8 07 FC  AB 02 00 00 22 23 00 00  0..........."#..
00019150  30 0C F6 04 8A F8 84 00  D3 03 00 00 22 23 00 00  0..........."#..
00019160  10 0C B0 03 78 F9 3F 03  06 00 00 00 22 23 00 00  ....x.?....."#..
00019170  50 0D B0 04 86 F5 27 01  43 02 00 00 22 23 00 00  P.....'.C..."#..
00019180  30 0C F6 04 8A F8 84 00  D3 03 00 00 22 23 00 00  0..........."#..
00019190  30 0B 70 03 AD FC 35 03  FA FF 00 00 22 23 00 00  0.p...5....."#..
000191A0  70 0A 70 03 74 00 0C 05  CC FF 00 00 22 23 00 00  p.p.t......."#..
000191B0  F0 0A 90 01 28 FC A4 00  C7 FB 00 00 22 23 00 00  ....(......."#..
000191C0  50 0D F0 07 4F F5 9E FC  8E FF 00 00 22 23 00 00  P...O......."#..
000191D0  F0 0B F0 07 15 F9 3C FC  4A FE 00 00 22 23 00 00  ......<.J..."#..
000191E0  30 0C 90 06 8E F8 07 FC  AB 02 00 00 22 23 00 00  0..........."#..
000191F0  F0 0A D0 04 6D FC DC 00  0B 04 00 00 22 23 00 00  ....m......."#..
00019200  30 0B 70 03 AD FC 35 03  FA FF 00 00 22 23 00 00  0.p...5....."#..
00019210  10 0C B0 03 78 F9 3F 03  06 00 00 00 01 00 00 00  ....x.?.........
00019220  08 00 00 00 02 00 00 7C  08 00 00 00 03 00 00 00  .......|........
00019230  40 04 00 00 42 00 10 29  00 00 00 00 00 00 00 00  @...B..)........
00019240  00 00 00 00 00 00 00 00  00 00 00 00 22 23 00 00  ............"#..
00019250  50 04 70 0C 43 02 68 FB  4E FE 00 00 22 23 00 00  P.p.C.h.N..."#..
00019260  50 04 F0 0D EC FD 91 FB  E9 FD 00 00 22 23 00 00  P..........."#..
00019270  B0 02 70 0C B8 01 FA FE  78 FB 00 00 22 23 00 00  ..p.....x..."#..
00019280  B0 02 70 0C D3 01 8D FC  2D 03 00 00 22 23 00 00  ..p.....-..."#..
00019290  50 04 F0 0C CA 04 FB FE  E6 FF 00 00 22 23 00 00  P..........."#..
000192A0  50 04 70 0C C0 02 AC 00  20 04 00 00 22 23 00 00  P.p..... ..."#..
000192B0  90 06 F0 0D FE FD A8 FC  74 04 00 00 22 23 00 00  ........t..."#..
000192C0  50 04 F0 0D EC FD 91 FB  E9 FD 00 00 22 23 00 00  P..........."#..
000192D0  90 06 70 0C D3 01 8D FC  2D 03 00 00 22 23 00 00  ..p.....-..."#..
000192E0  70 05 F0 0D 81 00 0B 06  D0 FF 00 00 22 23 00 00  p..........."#..
000192F0  70 05 70 0C D2 03 44 03  E2 FF 00 00 22 23 00 00  p.p...D....."#..
00019300  00 06 70 0C BA 02 7E 01  4D FC 00 00 22 23 00 00  ..p...~.M..."#..
00019310  70 05 70 0C D2 03 44 03  E2 FF 00 00 22 23 00 00  p.p...D....."#..
00019320  50 04 F0 0C CA 04 FB FE  E6 FF 00 00 22 23 00 00  P..........."#..
00019330  00 06 70 0C BA 02 7E 01  4D FC 00 00 22 23 00 00  ..p...~.M..."#..
00019340  70 0C 30 0B EC FD 91 FB  E9 FD 00 00 22 23 00 00  p.0........."#..
00019350  70 0C 70 0B FE FD A8 FC  74 04 00 00 22 23 00 00  p.p.....t..."#..
00019360  30 0A 50 0B 10 FF 1E 02  3F 00 00 00 22 23 00 00  0.P.....?..."#..
00019370  90 06 70 0C D3 01 8D FC  2D 03 00 00 22 23 00 00  ..p.....-..."#..
00019380  50 04 70 0C 43 02 68 FB  4E FE 00 00 22 23 00 00  P.p.C.h.N..."#..
00019390  50 04 F0 0C CA 04 FB FE  E6 FF 00 00 22 23 00 00  P..........."#..
000193A0  50 04 F0 0C CA 04 FB FE  E6 FF 00 00 22 23 00 00  P..........."#..
000193B0  50 04 70 0C 43 02 68 FB  4E FE 00 00 22 23 00 00  P.p.C.h.N..."#..
000193C0  B0 02 70 0C B8 01 FA FE  78 FB 00 00 22 23 00 00  ..p.....x..."#..
000193D0  50 04 F0 0C CA 04 FB FE  E6 FF 00 00 22 23 00 00  P..........."#..
000193E0  70 05 70 0C D2 03 44 03  E2 FF 00 00 22 23 00 00  p.p...D....."#..
000193F0  50 04 70 0C C0 02 AC 00  20 04 00 00 22 23 00 00  P.p..... ..."#..
00019400  50 04 F0 0D EC FD 91 FB  E9 FD 00 00 22 23 00 00  P..........."#..
00019410  50 04 70 0C 43 02 68 FB  4E FE 00 00 22 23 00 00  P.p.C.h.N..."#..
00019420  90 06 70 0C D3 01 8D FC  2D 03 00 00 22 23 00 00  ..p.....-..."#..
00019430  70 0C 70 0B 81 00 0B 06  D0 FF 00 00 22 23 00 00  p.p........."#..
00019440  30 0A 50 0B 10 FF 1E 02  3F 00 00 00 22 23 00 00  0.P.....?..."#..
00019450  70 0C 30 0B 55 FF 7A 03  43 04 00 00 22 23 00 00  p.0.U.z.C..."#..
00019460  30 0A 50 0B 10 FF 1E 02  3F 00 00 00 22 23 00 00  0.P.....?..."#..
00019470  70 0C 30 0B FE FD A8 FC  74 04 00 00 22 23 00 00  p.0.....t..."#..
00019480  70 0C 70 0B 55 FF 7A 03  43 04 00 00 22 23 00 00  p.p.U.z.C..."#..
00019490  70 0C 30 0B 5A FE B0 FF  51 FB 00 00 22 23 00 00  p.0.Z...Q..."#..
000194A0  70 0C 70 0B EC FD 91 FB  E9 FD 00 00 22 23 00 00  p.p........."#..
000194B0  30 0A 50 0B 10 FF 1E 02  3F 00 00 00 22 23 00 00  0.P.....?..."#..
000194C0  70 0C 50 0B 76 FF 72 03  1A FC 00 00 22 23 00 00  p.P.v.r....."#..
000194D0  70 0C 70 0B 5A FE B0 FF  51 FB 00 00 22 23 00 00  p.p.Z...Q..."#..
000194E0  30 0A 50 0B 10 FF 1E 02  3F 00 00 00 22 23 00 00  0.P.....?..."#..
000194F0  90 06 70 0C B8 01 FA FE  78 FB 00 00 22 23 00 00  ..p.....x..."#..
00019500  90 06 F0 0D 5A FE B0 FF  51 FB 00 00 22 23 00 00  ....Z...Q..."#..
00019510  00 06 F0 0D 76 FF 72 03  1A FC 00 00 22 23 00 00  ....v.r....."#..
00019520  70 0C 30 0B 81 00 0B 06  D0 FF 00 00 22 23 00 00  p.0........."#..
00019530  70 0C 50 0B 76 FF 72 03  1A FC 00 00 22 23 00 00  p.P.v.r....."#..
00019540  30 0A 50 0B 10 FF 1E 02  3F 00 00 00 22 23 00 00  0.P.....?..."#..
00019550  B0 02 70 0C D3 01 8D FC  2D 03 00 00 22 23 00 00  ..p.....-..."#..
00019560  50 04 70 0C C0 02 AC 00  20 04 00 00 22 23 00 00  P.p..... ..."#..
00019570  B0 02 F0 0D FE FD A8 FC  74 04 00 00 22 23 00 00  ........t..."#..
00019580  90 06 70 0C B8 01 FA FE  78 FB 00 00 22 23 00 00  ..p.....x..."#..
00019590  00 06 F0 0D 76 FF 72 03  1A FC 00 00 22 23 00 00  ....v.r....."#..
000195A0  00 06 70 0C BA 02 7E 01  4D FC 00 00 22 23 00 00  ..p...~.M..."#..
000195B0  50 04 F0 0C CA 04 FB FE  E6 FF 00 00 22 23 00 00  P..........."#..
000195C0  90 06 70 0C B8 01 FA FE  78 FB 00 00 22 23 00 00  ..p.....x..."#..
000195D0  00 06 70 0C BA 02 7E 01  4D FC 00 00 22 23 00 00  ..p...~.M..."#..
000195E0  00 06 F0 0D 76 FF 72 03  1A FC 00 00 22 23 00 00  ....v.r....."#..
000195F0  70 05 F0 0D 81 00 0B 06  D0 FF 00 00 22 23 00 00  p..........."#..
00019600  00 06 70 0C BA 02 7E 01  4D FC 00 00 22 23 00 00  ..p...~.M..."#..
00019610  50 04 F0 0D EC FD 91 FB  E9 FD 00 00 22 23 00 00  P..........."#..
00019620  B0 02 F0 0D 5A FE B0 FF  51 FB 00 00 22 23 00 00  ....Z...Q..."#..
00019630  B0 02 70 0C B8 01 FA FE  78 FB 00 00 22 23 00 00  ..p.....x..."#..
00019640  B0 02 F0 0D FE FD A8 FC  74 04 00 00 22 23 00 00  ........t..."#..
00019650  50 04 70 0C C0 02 AC 00  20 04 00 00 22 23 00 00  P.p..... ..."#..
00019660  50 04 F0 0D 55 FF 7A 03  43 04 00 00 04 00 00 00  P...U.z.C.......
00019670  60 00 00 00 04 00 10 29  00 00 00 00 00 00 00 00  `......)........
00019680  00 00 00 00 00 00 00 00  00 00 00 00 22 23 00 00  ............"#..
00019690  50 04 70 0C C0 02 AC 00  20 04 00 00 22 23 00 00  P.p..... ..."#..
000196A0  70 05 70 0C D2 03 44 03  E2 FF 00 00 22 23 00 00  p.p...D....."#..
000196B0  70 05 F0 0D 81 00 0B 06  D0 FF 00 00 22 23 00 00  p..........."#..
000196C0  50 04 F0 0D 55 FF 7A 03  43 04 00 00 01 00 00 00  P...U.z.C.......
000196D0  08 00 00 00 02 00 00 7C  08 00 00 00 03 00 00 00  .......|........
000196E0  50 03 00 00 33 00 10 29  00 00 00 00 00 00 00 00  P...3..)........
000196F0  00 00 00 00 00 00 00 00  00 00 00 00 22 23 00 00  ............"#..
00019700  50 0D 90 01 07 00 09 00  83 FD 00 00 22 23 00 00  P..........."#..
00019710  50 0D 10 00 00 00 9E FC  00 00 00 00 22 23 00 00  P..........."#..
00019720  90 0E 10 00 1A FC 95 FB  9D FE 00 00 22 23 00 00  ............"#..
00019730  50 0D B0 04 C5 FF 27 01  B5 02 00 00 22 23 00 00  P.....'....."#..
00019740  90 0E D0 04 5B FC 81 02  F2 03 00 00 22 23 00 00  ....[......."#..
00019750  50 0D 90 06 CE FF DE FD  B5 02 00 00 22 23 00 00  P..........."#..
00019760  90 0E D0 04 5B FC 81 02  F2 03 00 00 22 23 00 00  ....[......."#..
00019770  50 0D B0 04 C5 FF 27 01  B5 02 00 00 22 23 00 00  P.....'....."#..
00019780  50 0D 50 03 00 00 A5 02  00 00 00 00 22 23 00 00  P.P........."#..
00019790  90 0E 90 01 F5 FB 10 01  DB FB 00 00 22 23 00 00  ............"#..
000197A0  F0 0F 90 01 F2 F7 B9 00  BD FC 00 00 22 23 00 00  ............"#..
000197B0  90 0E 10 03 6F FC FC 03  12 FF 00 00 22 23 00 00  ....o......."#..
000197C0  50 0D F0 07 00 00 9E FC  00 00 00 00 22 23 00 00  P..........."#..
000197D0  32 0C A2 05 E6 01 13 00  25 FF 00 00 22 23 00 00  2.......%..."#..
000197E0  50 0D 90 06 CE FF DE FD  B5 02 00 00 22 23 00 00  P..........."#..
000197F0  50 0D 90 06 CE FF DE FD  B5 02 00 00 22 23 00 00  P..........."#..
00019800  32 0C A2 05 E6 01 13 00  25 FF 00 00 22 23 00 00  2.......%..."#..
00019810  50 0D B0 04 C5 FF 27 01  B5 02 00 00 22 23 00 00  P.....'....."#..
00019820  10 0D 90 01 E6 01 13 00  25 FF 00 00 22 23 00 00  ........%..."#..
00019830  50 0D 90 01 07 00 09 00  83 FD 00 00 22 23 00 00  P..........."#..
00019840  50 0D 50 03 00 00 A5 02  00 00 00 00 22 23 00 00  P.P........."#..
00019850  50 0D 90 01 07 00 09 00  83 FD 00 00 22 23 00 00  P..........."#..
00019860  10 0D 90 01 E6 01 13 00  25 FF 00 00 22 23 00 00  ........%..."#..
00019870  50 0D 10 00 00 00 9E FC  00 00 00 00 22 23 00 00  P..........."#..
00019880  90 0E 90 06 41 FC FD FC  F2 03 00 00 22 23 00 00  ....A......."#..
00019890  50 0D 90 06 CE FF DE FD  B5 02 00 00 22 23 00 00  P..........."#..
000198A0  90 0E D0 04 5B FC 81 02  F2 03 00 00 22 23 00 00  ....[......."#..
000198B0  90 0E 10 03 6F FC FC 03  12 FF 00 00 22 23 00 00  ....o......."#..
000198C0  50 0D 90 01 07 00 09 00  83 FD 00 00 22 23 00 00  P..........."#..
000198D0  90 0E 90 01 F5 FB 10 01  DB FB 00 00 22 23 00 00  ............"#..
000198E0  90 0E 90 06 41 FC FD FC  F2 03 00 00 22 23 00 00  ....A......."#..
000198F0  90 0E F0 07 1A FC 95 FB  9D FE 00 00 22 23 00 00  ............"#..
00019900  50 0D F0 07 00 00 9E FC  00 00 00 00 22 23 00 00  P..........."#..
00019910  90 0E 10 03 6F FC FC 03  12 FF 00 00 22 23 00 00  ....o......."#..
00019920  50 0D 50 03 00 00 A5 02  00 00 00 00 22 23 00 00  P.P........."#..
00019930  50 0D 90 01 07 00 09 00  83 FD 00 00 22 23 00 00  P..........."#..
00019940  50 0D B0 04 C5 FF 27 01  B5 02 00 00 22 23 00 00  P.....'....."#..
00019950  32 0C A2 05 E6 01 13 00  25 FF 00 00 22 23 00 00  2.......%..."#..
00019960  50 0D 50 03 00 00 A5 02  00 00 00 00 22 23 00 00  P.P........."#..
00019970  F0 0F 90 01 F2 F7 B9 00  BD FC 00 00 22 23 00 00  ............"#..
00019980  F0 0F 50 03 FB F7 8F 03  C6 FF 00 00 22 23 00 00  ..P........."#..
00019990  90 0E 10 03 6F FC FC 03  12 FF 00 00 22 23 00 00  ....o......."#..
000199A0  90 0E 90 01 F5 FB 10 01  DB FB 00 00 22 23 00 00  ............"#..
000199B0  50 0D 90 01 07 00 09 00  83 FD 00 00 22 23 00 00  P..........."#..
000199C0  90 0E 10 00 1A FC 95 FB  9D FE 00 00 22 23 00 00  ............"#..
000199D0  90 0E 10 03 6F FC FC 03  12 FF 00 00 22 23 00 00  ....o......."#..
000199E0  90 0E D0 04 5B FC 81 02  F2 03 00 00 22 23 00 00  ....[......."#..
000199F0  50 0D 50 03 00 00 A5 02  00 00 00 00 22 23 00 00  P.P........."#..
00019A00  50 0D 90 06 CE FF DE FD  B5 02 00 00 22 23 00 00  P..........."#..
00019A10  90 0E 90 06 41 FC FD FC  F2 03 00 00 22 23 00 00  ....A......."#..
00019A20  50 0D F0 07 00 00 9E FC  00 00 00 00 04 00 00 00  P...............
00019A30  20 01 00 00 10 00 10 29  00 00 00 00 00 00 00 00   ......)........
00019A40  00 00 00 00 00 00 00 00  00 00 00 00 22 23 00 00  ............"#..
00019A50  F0 0F 50 03 FB F7 8F 03  C6 FF 00 00 22 23 00 00  ..P........."#..
00019A60  F0 0F F0 04 03 F8 2A 02  B5 03 00 00 22 23 00 00  ......*....."#..
00019A70  90 0E D0 04 5B FC 81 02  F2 03 00 00 22 23 00 00  ....[......."#..
00019A80  90 0E 10 03 6F FC FC 03  12 FF 00 00 22 23 00 00  ....o......."#..
00019A90  90 0E F0 07 1A FC 95 FB  9D FE 00 00 22 23 00 00  ............"#..
00019AA0  90 0E 90 06 41 FC FD FC  F2 03 00 00 22 23 00 00  ....A......."#..
00019AB0  F0 0F 50 06 13 F8 8F FD  91 03 00 00 22 23 00 00  ..P........."#..
00019AC0  F0 0F F0 07 F2 F7 C4 FC  92 FE 00 00 22 23 00 00  ............"#..
00019AD0  F0 0F 10 00 F2 F7 C4 FC  92 FE 00 00 22 23 00 00  ............"#..
00019AE0  F0 0F 90 01 F2 F7 B9 00  BD FC 00 00 22 23 00 00  ............"#..
00019AF0  90 0E 90 01 F5 FB 10 01  DB FB 00 00 22 23 00 00  ............"#..
00019B00  90 0E 10 00 1A FC 95 FB  9D FE 00 00 22 23 00 00  ............"#..
00019B10  90 0E D0 04 5B FC 81 02  F2 03 00 00 22 23 00 00  ....[......."#..
00019B20  F0 0F F0 04 03 F8 2A 02  B5 03 00 00 22 23 00 00  ......*....."#..
00019B30  F0 0F 50 06 13 F8 8F FD  91 03 00 00 22 23 00 00  ..P........."#..
00019B40  90 0E 90 06 41 FC FD FC  F2 03 00 00 01 00 00 00  ....A...........
00019B50  08 00 00 00 02 00 00 7C  08 00 00 00 03 00 00 00  .......|........
00019B60  10 01 00 00 0F 00 10 29  00 00 00 00 00 00 00 00  .......)........
00019B70  00 00 00 00 00 00 00 00  00 00 00 00 22 23 00 00  ............"#..
00019B80  B0 06 70 0C 7D F3 06 00  62 01 00 00 22 23 00 00  ..p.}...b..."#..
00019B90  90 07 10 0E 69 F4 2E 03  40 00 00 00 22 23 00 00  ....i...@..."#..
00019BA0  B0 06 10 0E 5A F4 7C 00  39 FD 00 00 22 23 00 00  ....Z.|.9..."#..
00019BB0  90 07 10 0E 62 F4 EB FC  E6 FE 00 00 22 23 00 00  ....b......."#..
00019BC0  B0 06 70 0C 7D F3 06 00  62 01 00 00 22 23 00 00  ..p.}...b..."#..
00019BD0  B0 06 10 0E 5A F4 7C 00  39 FD 00 00 22 23 00 00  ....Z.|.9..."#..
00019BE0  90 07 10 0E 98 F4 C5 FD  D4 03 00 00 22 23 00 00  ............"#..
00019BF0  B0 06 10 0E 79 F4 E9 01  F6 03 00 00 22 23 00 00  ....y......."#..
00019C00  B0 06 70 0C 7D F3 06 00  62 01 00 00 22 23 00 00  ..p.}...b..."#..
00019C10  90 07 10 0E 98 F4 C5 FD  D4 03 00 00 22 23 00 00  ............"#..
00019C20  B0 06 70 0C 7D F3 06 00  62 01 00 00 22 23 00 00  ..p.}...b..."#..
00019C30  90 07 10 0E 62 F4 EB FC  E6 FE 00 00 22 23 00 00  ....b......."#..
00019C40  B0 06 70 0C 7D F3 06 00  62 01 00 00 22 23 00 00  ..p.}...b..."#..
00019C50  B0 06 10 0E 79 F4 E9 01  F6 03 00 00 22 23 00 00  ....y......."#..
00019C60  90 07 10 0E 69 F4 2E 03  40 00 00 00 04 00 00 00  ....i...@.......
00019C70  60 01 00 00 14 00 10 29  00 00 00 00 00 00 00 00  `......)........
00019C80  00 00 00 00 00 00 00 00  00 00 00 00 22 23 00 00  ............"#..
00019C90  10 08 10 0A 03 F8 2A 02  B5 03 00 00 22 23 00 00  ......*....."#..
00019CA0  10 0A 10 0A 79 F4 E9 01  F6 03 00 00 22 23 00 00  ....y......."#..
00019CB0  10 0A 10 08 98 F4 C5 FD  D4 03 00 00 22 23 00 00  ............"#..
00019CC0  10 08 10 08 13 F8 8F FD  91 03 00 00 22 23 00 00  ............"#..
00019CD0  10 08 50 0B FB F7 8F 03  C6 FF 00 00 22 23 00 00  ..P........."#..
00019CE0  10 0A 50 0B 69 F4 2E 03  40 00 00 00 22 23 00 00  ..P.i...@..."#..
00019CF0  10 0A 10 0A 79 F4 E9 01  F6 03 00 00 22 23 00 00  ....y......."#..
00019D00  10 08 10 0A 03 F8 2A 02  B5 03 00 00 22 23 00 00  ......*....."#..
00019D10  10 08 10 08 F2 F7 C4 FC  92 FE 00 00 22 23 00 00  ............"#..
00019D20  10 0A 10 08 62 F4 EB FC  E6 FE 00 00 22 23 00 00  ....b......."#..
00019D30  10 0A 10 0A 5A F4 7C 00  39 FD 00 00 22 23 00 00  ....Z.|.9..."#..
00019D40  10 08 10 0A F2 F7 B9 00  BD FC 00 00 22 23 00 00  ............"#..
00019D50  10 08 10 0A F2 F7 C4 FC  92 FE 00 00 22 23 00 00  ............"#..
00019D60  10 08 70 0C 13 F8 8F FD  91 03 00 00 22 23 00 00  ..p........."#..
00019D70  10 0A 70 0C 98 F4 C5 FD  D4 03 00 00 22 23 00 00  ..p........."#..
00019D80  10 0A 10 0A 62 F4 EB FC  E6 FE 00 00 22 23 00 00  ....b......."#..
00019D90  10 08 70 0C F2 F7 B9 00  BD FC 00 00 22 23 00 00  ..p........."#..
00019DA0  10 0A 70 0C 5A F4 7C 00  39 FD 00 00 22 23 00 00  ..p.Z.|.9..."#..
00019DB0  10 0A 50 0B 69 F4 2E 03  40 00 00 00 22 23 00 00  ..P.i...@..."#..
00019DC0  10 08 50 0B FB F7 8F 03  C6 FF 00 00 01 00 00 00  ..P.............
00019DD0  08 00 00 00 02 00 00 7C  08 00 00 00 03 00 00 00  .......|........
00019DE0  10 01 00 00 0F 00 10 29  00 00 00 00 00 00 00 00  .......)........
00019DF0  00 00 00 00 00 00 00 00  00 00 00 00 22 23 00 00  ............"#..
00019E00  B0 06 70 0C 7D F3 06 00  62 01 00 00 22 23 00 00  ..p.}...b..."#..
00019E10  90 07 10 0E 69 F4 2E 03  40 00 00 00 22 23 00 00  ....i...@..."#..
00019E20  B0 06 10 0E 5A F4 7C 00  39 FD 00 00 22 23 00 00  ....Z.|.9..."#..
00019E30  90 07 10 0E 62 F4 EB FC  E6 FE 00 00 22 23 00 00  ....b......."#..
00019E40  B0 06 70 0C 7D F3 06 00  62 01 00 00 22 23 00 00  ..p.}...b..."#..
00019E50  B0 06 10 0E 5A F4 7C 00  39 FD 00 00 22 23 00 00  ....Z.|.9..."#..
00019E60  90 07 10 0E 98 F4 C5 FD  D4 03 00 00 22 23 00 00  ............"#..
00019E70  B0 06 10 0E 79 F4 E9 01  F6 03 00 00 22 23 00 00  ....y......."#..
00019E80  B0 06 70 0C 7D F3 06 00  62 01 00 00 22 23 00 00  ..p.}...b..."#..
00019E90  90 07 10 0E 98 F4 C5 FD  D4 03 00 00 22 23 00 00  ............"#..
00019EA0  B0 06 70 0C 7D F3 06 00  62 01 00 00 22 23 00 00  ..p.}...b..."#..
00019EB0  90 07 10 0E 62 F4 EB FC  E6 FE 00 00 22 23 00 00  ....b......."#..
00019EC0  B0 06 70 0C 7D F3 06 00  62 01 00 00 22 23 00 00  ..p.}...b..."#..
00019ED0  B0 06 10 0E 79 F4 E9 01  F6 03 00 00 22 23 00 00  ....y......."#..
00019EE0  90 07 10 0E 69 F4 2E 03  40 00 00 00 04 00 00 00  ....i...@.......
00019EF0  60 01 00 00 14 00 10 29  00 00 00 00 00 00 00 00  `......)........
00019F00  00 00 00 00 00 00 00 00  00 00 00 00 22 23 00 00  ............"#..
00019F10  10 08 10 0A 03 F8 2A 02  B5 03 00 00 22 23 00 00  ......*....."#..
00019F20  10 0A 10 0A 79 F4 E9 01  F6 03 00 00 22 23 00 00  ....y......."#..
00019F30  10 0A 10 08 98 F4 C5 FD  D4 03 00 00 22 23 00 00  ............"#..
00019F40  10 08 10 08 13 F8 8F FD  91 03 00 00 22 23 00 00  ............"#..
00019F50  10 08 50 0B FB F7 8F 03  C6 FF 00 00 22 23 00 00  ..P........."#..
00019F60  10 0A 50 0B 69 F4 2E 03  40 00 00 00 22 23 00 00  ..P.i...@..."#..
00019F70  10 0A 10 0A 79 F4 E9 01  F6 03 00 00 22 23 00 00  ....y......."#..
00019F80  10 08 10 0A 03 F8 2A 02  B5 03 00 00 22 23 00 00  ......*....."#..
00019F90  10 08 10 08 F2 F7 C4 FC  92 FE 00 00 22 23 00 00  ............"#..
00019FA0  10 0A 10 08 62 F4 EB FC  E6 FE 00 00 22 23 00 00  ....b......."#..
00019FB0  10 0A 10 0A 5A F4 7C 00  39 FD 00 00 22 23 00 00  ....Z.|.9..."#..
00019FC0  10 08 10 0A F2 F7 B9 00  BD FC 00 00 22 23 00 00  ............"#..
00019FD0  10 08 10 0A F2 F7 C4 FC  92 FE 00 00 22 23 00 00  ............"#..
00019FE0  10 08 70 0C 13 F8 8F FD  91 03 00 00 22 23 00 00  ..p........."#..
00019FF0  10 0A 70 0C 98 F4 C5 FD  D4 03 00 00 22 23 00 00  ..p........."#..
0001A000  10 0A 10 0A 62 F4 EB FC  E6 FE 00 00 22 23 00 00  ....b......."#..
0001A010  10 08 70 0C F2 F7 B9 00  BD FC 00 00 22 23 00 00  ..p........."#..
0001A020  10 0A 70 0C 5A F4 7C 00  39 FD 00 00 22 23 00 00  ..p.Z.|.9..."#..
0001A030  10 0A 50 0B 69 F4 2E 03  40 00 00 00 22 23 00 00  ..P.i...@..."#..
0001A040  10 08 50 0B FB F7 8F 03  C6 FF 00 00 01 00 00 00  ..P.............
0001A050  08 00 00 00 02 00 00 7C  08 00 00 00 03 00 00 00  .......|........
0001A060  10 01 00 00 0F 00 10 29  00 00 00 00 00 00 00 00  .......)........
0001A070  00 00 00 00 00 00 00 00  00 00 00 00 22 23 00 00  ............"#..
0001A080  B0 06 70 0C 7D F3 06 00  62 01 00 00 22 23 00 00  ..p.}...b..."#..
0001A090  90 07 10 0E 69 F4 2E 03  40 00 00 00 22 23 00 00  ....i...@..."#..
0001A0A0  B0 06 10 0E 5A F4 7C 00  39 FD 00 00 22 23 00 00  ....Z.|.9..."#..
0001A0B0  90 07 10 0E 62 F4 EB FC  E6 FE 00 00 22 23 00 00  ....b......."#..
0001A0C0  B0 06 70 0C 7D F3 06 00  62 01 00 00 22 23 00 00  ..p.}...b..."#..
0001A0D0  B0 06 10 0E 5A F4 7C 00  39 FD 00 00 22 23 00 00  ....Z.|.9..."#..
0001A0E0  90 07 10 0E 98 F4 C5 FD  D4 03 00 00 22 23 00 00  ............"#..
0001A0F0  B0 06 10 0E 79 F4 E9 01  F6 03 00 00 22 23 00 00  ....y......."#..
0001A100  B0 06 70 0C 7D F3 06 00  62 01 00 00 22 23 00 00  ..p.}...b..."#..
0001A110  90 07 10 0E 98 F4 C5 FD  D4 03 00 00 22 23 00 00  ............"#..
0001A120  B0 06 70 0C 7D F3 06 00  62 01 00 00 22 23 00 00  ..p.}...b..."#..
0001A130  90 07 10 0E 62 F4 EB FC  E6 FE 00 00 22 23 00 00  ....b......."#..
0001A140  B0 06 70 0C 7D F3 06 00  62 01 00 00 22 23 00 00  ..p.}...b..."#..
0001A150  B0 06 10 0E 79 F4 E9 01  F6 03 00 00 22 23 00 00  ....y......."#..
0001A160  90 07 10 0E 69 F4 2E 03  40 00 00 00 04 00 00 00  ....i...@.......
0001A170  60 01 00 00 14 00 10 29  00 00 00 00 00 00 00 00  `......)........
0001A180  00 00 00 00 00 00 00 00  00 00 00 00 22 23 00 00  ............"#..
0001A190  10 08 10 0A 03 F8 2A 02  B5 03 00 00 22 23 00 00  ......*....."#..
0001A1A0  10 0A 10 0A 79 F4 E9 01  F6 03 00 00 22 23 00 00  ....y......."#..
0001A1B0  10 0A 10 08 98 F4 C5 FD  D4 03 00 00 22 23 00 00  ............"#..
0001A1C0  10 08 10 08 13 F8 8F FD  91 03 00 00 22 23 00 00  ............"#..
0001A1D0  10 08 50 0B FB F7 8F 03  C6 FF 00 00 22 23 00 00  ..P........."#..
0001A1E0  10 0A 50 0B 69 F4 2E 03  40 00 00 00 22 23 00 00  ..P.i...@..."#..
0001A1F0  10 0A 10 0A 79 F4 E9 01  F6 03 00 00 22 23 00 00  ....y......."#..
0001A200  10 08 10 0A 03 F8 2A 02  B5 03 00 00 22 23 00 00  ......*....."#..
0001A210  10 08 10 08 F2 F7 C4 FC  92 FE 00 00 22 23 00 00  ............"#..
0001A220  10 0A 10 08 62 F4 EB FC  E6 FE 00 00 22 23 00 00  ....b......."#..
0001A230  10 0A 10 0A 5A F4 7C 00  39 FD 00 00 22 23 00 00  ....Z.|.9..."#..
0001A240  10 08 10 0A F2 F7 B9 00  BD FC 00 00 22 23 00 00  ............"#..
0001A250  10 08 10 0A F2 F7 C4 FC  92 FE 00 00 22 23 00 00  ............"#..
0001A260  10 08 70 0C 13 F8 8F FD  91 03 00 00 22 23 00 00  ..p........."#..
0001A270  10 0A 70 0C 98 F4 C5 FD  D4 03 00 00 22 23 00 00  ..p........."#..
0001A280  10 0A 10 0A 62 F4 EB FC  E6 FE 00 00 22 23 00 00  ....b......."#..
0001A290  10 08 70 0C F2 F7 B9 00  BD FC 00 00 22 23 00 00  ..p........."#..
0001A2A0  10 0A 70 0C 5A F4 7C 00  39 FD 00 00 22 23 00 00  ..p.Z.|.9..."#..
0001A2B0  10 0A 50 0B 69 F4 2E 03  40 00 00 00 22 23 00 00  ..P.i...@..."#..
0001A2C0  10 08 50 0B FB F7 8F 03  C6 FF 00 00 01 00 00 00  ..P.............
0001A2D0  08 00 00 00 02 00 00 7C  08 00 00 00 03 00 00 00  .......|........
0001A2E0  10 01 00 00 0F 00 10 29  00 00 00 00 00 00 00 00  .......)........
0001A2F0  00 00 00 00 00 00 00 00  00 00 00 00 22 23 00 00  ............"#..
0001A300  B0 06 70 0C 7D F3 06 00  62 01 00 00 22 23 00 00  ..p.}...b..."#..
0001A310  90 07 10 0E 69 F4 2E 03  40 00 00 00 22 23 00 00  ....i...@..."#..
0001A320  B0 06 10 0E 5A F4 7C 00  39 FD 00 00 22 23 00 00  ....Z.|.9..."#..
0001A330  90 07 10 0E 62 F4 EB FC  E6 FE 00 00 22 23 00 00  ....b......."#..
0001A340  B0 06 70 0C 7D F3 06 00  62 01 00 00 22 23 00 00  ..p.}...b..."#..
0001A350  B0 06 10 0E 5A F4 7C 00  39 FD 00 00 22 23 00 00  ....Z.|.9..."#..
0001A360  90 07 10 0E 98 F4 C5 FD  D4 03 00 00 22 23 00 00  ............"#..
0001A370  B0 06 10 0E 79 F4 E9 01  F6 03 00 00 22 23 00 00  ....y......."#..
0001A380  B0 06 70 0C 7D F3 06 00  62 01 00 00 22 23 00 00  ..p.}...b..."#..
0001A390  90 07 10 0E 98 F4 C5 FD  D4 03 00 00 22 23 00 00  ............"#..
0001A3A0  B0 06 70 0C 7D F3 06 00  62 01 00 00 22 23 00 00  ..p.}...b..."#..
0001A3B0  90 07 10 0E 62 F4 EB FC  E6 FE 00 00 22 23 00 00  ....b......."#..
0001A3C0  B0 06 70 0C 7D F3 06 00  62 01 00 00 22 23 00 00  ..p.}...b..."#..
0001A3D0  B0 06 10 0E 79 F4 E9 01  F6 03 00 00 22 23 00 00  ....y......."#..
0001A3E0  90 07 10 0E 69 F4 2E 03  40 00 00 00 04 00 00 00  ....i...@.......
0001A3F0  60 01 00 00 14 00 10 29  00 00 00 00 00 00 00 00  `......)........
0001A400  00 00 00 00 00 00 00 00  00 00 00 00 22 23 00 00  ............"#..
0001A410  10 08 10 0A 03 F8 2A 02  B5 03 00 00 22 23 00 00  ......*....."#..
0001A420  10 0A 10 0A 79 F4 E9 01  F6 03 00 00 22 23 00 00  ....y......."#..
0001A430  10 0A 10 08 98 F4 C5 FD  D4 03 00 00 22 23 00 00  ............"#..
0001A440  10 08 10 08 13 F8 8F FD  91 03 00 00 22 23 00 00  ............"#..
0001A450  10 08 50 0B FB F7 8F 03  C6 FF 00 00 22 23 00 00  ..P........."#..
0001A460  10 0A 50 0B 69 F4 2E 03  40 00 00 00 22 23 00 00  ..P.i...@..."#..
0001A470  10 0A 10 0A 79 F4 E9 01  F6 03 00 00 22 23 00 00  ....y......."#..
0001A480  10 08 10 0A 03 F8 2A 02  B5 03 00 00 22 23 00 00  ......*....."#..
0001A490  10 08 10 08 F2 F7 C4 FC  92 FE 00 00 22 23 00 00  ............"#..
0001A4A0  10 0A 10 08 62 F4 EB FC  E6 FE 00 00 22 23 00 00  ....b......."#..
0001A4B0  10 0A 10 0A 5A F4 7C 00  39 FD 00 00 22 23 00 00  ....Z.|.9..."#..
0001A4C0  10 08 10 0A F2 F7 B9 00  BD FC 00 00 22 23 00 00  ............"#..
0001A4D0  10 08 10 0A F2 F7 C4 FC  92 FE 00 00 22 23 00 00  ............"#..
0001A4E0  10 08 70 0C 13 F8 8F FD  91 03 00 00 22 23 00 00  ..p........."#..
0001A4F0  10 0A 70 0C 98 F4 C5 FD  D4 03 00 00 22 23 00 00  ..p........."#..
0001A500  10 0A 10 0A 62 F4 EB FC  E6 FE 00 00 22 23 00 00  ....b......."#..
0001A510  10 08 70 0C F2 F7 B9 00  BD FC 00 00 22 23 00 00  ..p........."#..
0001A520  10 0A 70 0C 5A F4 7C 00  39 FD 00 00 22 23 00 00  ..p.Z.|.9..."#..
0001A530  10 0A 50 0B 69 F4 2E 03  40 00 00 00 22 23 00 00  ..P.i...@..."#..
0001A540  10 08 50 0B FB F7 8F 03  C6 FF 00 00 01 00 00 00  ..P.............
0001A550  08 00 00 00 02 00 11 7C  08 00 00 00 03 00 00 00  .......|........
0001A560  C0 02 00 00 2A 00 10 29  00 00 00 00 00 00 00 00  ....*..)........
0001A570  00 00 00 00 00 00 00 00  00 00 00 00 22 23 00 00  ............"#..
0001A580  E0 02 60 06 09 F7 94 FD  83 03 00 00 22 23 00 00  ..`........."#..
0001A590  60 00 E0 03 D2 F9 2D FB  E6 05 00 00 22 23 00 00  `.....-....."#..
0001A5A0  D0 02 B0 02 D3 FA A3 FF  DE 05 00 00 22 23 00 00  ............"#..
0001A5B0  A0 07 20 00 82 FE FC 02  3A FF 00 00 22 23 00 00  .. .....:..."#..
0001A5C0  60 0A 20 00 B5 FE 40 00  29 FD 00 00 22 23 00 00  `. ...@.)..."#..
0001A5D0  60 0A E0 03 08 FA CA 00  8D FC 00 00 22 23 00 00  `..........."#..
0001A5E0  20 00 A0 06 B5 FE 40 00  29 FD 00 00 22 23 00 00   .....@.)..."#..
0001A5F0  E0 02 A0 06 82 FE FC 02  3A FF 00 00 22 23 00 00  ........:..."#..
0001A600  A0 02 20 09 37 01 D5 00  03 00 00 00 22 23 00 00  .. .7......."#..
0001A610  60 0A E0 03 08 FA CA 00  8D FC 00 00 22 23 00 00  `..........."#..
0001A620  60 0F E0 03 E5 FA 7E FB  A0 FD 00 00 22 23 00 00  `.....~....."#..
0001A630  E0 0C 60 06 C4 F8 26 FD  39 FD 00 00 22 23 00 00  ..`...&.9..."#..
0001A640  A0 07 20 00 82 FE FC 02  3A FF 00 00 22 23 00 00  .. .....:..."#..
0001A650  60 05 E0 03 9F F8 0B 03  88 03 00 00 22 23 00 00  `..........."#..
0001A660  60 05 20 00 8D FE 39 02  8C 02 00 00 22 23 00 00  `. ...9....."#..
0001A670  E0 02 A0 06 82 FE FC 02  3A FF 00 00 22 23 00 00  ........:..."#..
0001A680  20 05 A0 06 8D FE 39 02  8C 02 00 00 22 23 00 00   .....9....."#..
0001A690  A0 02 20 09 37 01 D5 00  03 00 00 00 22 23 00 00  .. .7......."#..
0001A6A0  20 00 A0 06 B5 FE 40 00  29 FD 00 00 22 23 00 00   .....@.)..."#..
0001A6B0  A0 02 20 09 37 01 D5 00  03 00 00 00 22 23 00 00  .. .7......."#..
0001A6C0  20 00 60 0B A3 FE 36 FD  C7 FD 00 00 22 23 00 00   .`...6....."#..
0001A6D0  20 05 60 0B C5 FE CE FD  4D 03 00 00 22 23 00 00   .`.....M..."#..
0001A6E0  20 00 60 0B A3 FE 36 FD  C7 FD 00 00 22 23 00 00   .`...6....."#..
0001A6F0  A0 02 20 09 37 01 D5 00  03 00 00 00 22 23 00 00  .. .7......."#..
0001A700  20 05 A0 06 8D FE 39 02  8C 02 00 00 22 23 00 00   .....9....."#..
0001A710  20 05 60 0B C5 FE CE FD  4D 03 00 00 22 23 00 00   .`.....M..."#..
0001A720  A0 02 20 09 37 01 D5 00  03 00 00 00 22 23 00 00  .. .7......."#..
0001A730  60 00 E0 03 D2 F9 2D FB  E6 05 00 00 22 23 00 00  `.....-....."#..
0001A740  60 00 20 00 C5 FE CE FD  4D 03 00 00 22 23 00 00  `. .....M..."#..
0001A750  D0 02 B0 02 D3 FA A3 FF  DE 05 00 00 22 23 00 00  ............"#..
0001A760  A0 07 20 00 82 FE FC 02  3A FF 00 00 22 23 00 00  .. .....:..."#..
0001A770  60 0A E0 03 08 FA CA 00  8D FC 00 00 22 23 00 00  `..........."#..
0001A780  60 05 E0 03 9F F8 0B 03  88 03 00 00 22 23 00 00  `..........."#..
0001A790  E0 02 60 06 09 F7 94 FD  83 03 00 00 22 23 00 00  ..`........."#..
0001A7A0  D0 02 B0 02 D3 FA A3 FF  DE 05 00 00 22 23 00 00  ............"#..
0001A7B0  60 05 E0 03 9F F8 0B 03  88 03 00 00 22 23 00 00  `..........."#..
0001A7C0  60 05 E0 03 9F F8 0B 03  88 03 00 00 22 23 00 00  `..........."#..
0001A7D0  D0 02 B0 02 D3 FA A3 FF  DE 05 00 00 22 23 00 00  ............"#..
0001A7E0  60 05 20 00 8D FE 39 02  8C 02 00 00 22 23 00 00  `. ...9....."#..
0001A7F0  60 00 20 00 C5 FE CE FD  4D 03 00 00 22 23 00 00  `. .....M..."#..
0001A800  60 05 20 00 8D FE 39 02  8C 02 00 00 22 23 00 00  `. ...9....."#..
0001A810  D0 02 B0 02 D3 FA A3 FF  DE 05 00 00 04 00 00 00  ................
0001A820  20 01 00 00 10 00 10 29  00 00 00 00 00 00 00 00   ......)........
0001A830  00 00 00 00 00 00 00 00  00 00 00 00 22 23 00 00  ............"#..
0001A840  60 0A 20 00 B5 FE 40 00  29 FD 00 00 22 23 00 00  `. ...@.)..."#..
0001A850  60 0F 20 00 A3 FE 36 FD  C7 FD 00 00 22 23 00 00  `. ...6....."#..
0001A860  60 0F E0 03 E5 FA 7E FB  A0 FD 00 00 22 23 00 00  `.....~....."#..
0001A870  60 0A E0 03 08 FA CA 00  8D FC 00 00 22 23 00 00  `..........."#..
0001A880  60 05 E0 03 9F F8 0B 03  88 03 00 00 22 23 00 00  `..........."#..
0001A890  60 0A E0 03 08 FA CA 00  8D FC 00 00 22 23 00 00  `..........."#..
0001A8A0  20 0A 60 06 C4 F8 26 FD  39 FD 00 00 22 23 00 00   .`...&.9..."#..
0001A8B0  E0 05 60 06 09 F7 94 FD  83 03 00 00 22 23 00 00  ..`........."#..
0001A8C0  60 05 E0 08 D2 F9 2D FB  E6 05 00 00 22 23 00 00  `.....-....."#..
0001A8D0  60 0A E0 08 E5 FA 7E FB  A0 FD 00 00 22 23 00 00  `.....~....."#..
0001A8E0  60 0A A0 0C A3 FE 36 FD  C7 FD 00 00 22 23 00 00  `.....6....."#..
0001A8F0  60 05 A0 0C C5 FE CE FD  4D 03 00 00 22 23 00 00  `.......M..."#..
0001A900  60 0A E0 08 E5 FA 7E FB  A0 FD 00 00 22 23 00 00  `.....~....."#..
0001A910  60 05 E0 08 D2 F9 2D FB  E6 05 00 00 22 23 00 00  `.....-....."#..
0001A920  E0 05 60 06 09 F7 94 FD  83 03 00 00 22 23 00 00  ..`........."#..
0001A930  20 0A 60 06 C4 F8 26 FD  39 FD 00 00 01 00 00 00   .`...&.9.......
0001A940  08 00 00 00 02 00 11 7C  08 00 00 00 03 00 00 00  .......|........
0001A950  70 07 00 00 75 00 10 29  00 00 00 00 00 00 00 00  p...u..)........
0001A960  00 00 00 00 00 00 00 00  00 00 00 00 22 23 00 00  ............"#..
0001A970  20 05 E0 10 6A F8 62 FD  65 06 00 00 22 23 00 00   ...j.b.e..."#..
0001A980  20 01 E0 10 A9 FA DF FE  57 04 00 00 22 23 00 00   .......W..."#..
0001A990  20 01 20 0F 61 FB 78 FD  B0 03 00 00 22 23 00 00   . .a.x....."#..
0001A9A0  20 05 20 0F 6A F8 62 FD  65 06 00 00 22 23 00 00   . .j.b.e..."#..
0001A9B0  20 05 60 0D EA F8 7D FD  86 07 00 00 22 23 00 00   .`...}....."#..
0001A9C0  20 01 60 0D 88 FB 1F FF  D0 05 00 00 22 23 00 00   .`........."#..
0001A9D0  20 05 60 0D 82 F9 E3 FB  F1 06 00 00 22 23 00 00   .`........."#..
0001A9E0  20 05 20 0F F3 F8 42 FC  F8 05 00 00 22 23 00 00   . ...B....."#..
0001A9F0  20 01 60 0D 39 FD 98 FD  97 04 00 00 22 23 00 00   .`.9......."#..
0001AA00  20 01 20 0F A9 FA DF FE  57 04 00 00 22 23 00 00   . .....W..."#..
0001AA10  20 05 20 0F 6A F8 62 FD  65 06 00 00 22 23 00 00   . .j.b.e..."#..
0001AA20  20 01 60 0D 88 FB 1F FF  D0 05 00 00 22 23 00 00   .`........."#..
0001AA30  20 05 20 0F F3 F8 42 FC  F8 05 00 00 22 23 00 00   . ...B....."#..
0001AA40  20 01 20 0F 61 FB 78 FD  B0 03 00 00 22 23 00 00   . .a.x....."#..
0001AA50  20 01 60 0D 39 FD 98 FD  97 04 00 00 22 23 00 00   .`.9......."#..
0001AA60  20 05 20 0F F3 F8 42 FC  F8 05 00 00 22 23 00 00   . ...B....."#..
0001AA70  20 05 E0 10 6A F8 62 FD  65 06 00 00 22 23 00 00   ...j.b.e..."#..
0001AA80  20 01 20 0F 61 FB 78 FD  B0 03 00 00 22 23 00 00   . .a.x....."#..
0001AA90  B5 05 60 04 63 F9 20 02  D0 03 00 00 22 23 00 00  ..`.c. ....."#..
0001AAA0  12 04 71 04 3E F9 27 00  DB 03 00 00 22 23 00 00  ..q.>.'....."#..
0001AAB0  B6 04 45 02 8D FB B3 00  81 04 00 00 22 23 00 00  ..E........."#..
0001AAC0  B5 08 20 00 D1 FE C1 02  6F FF 00 00 22 23 00 00  .. .....o..."#..
0001AAD0  B5 05 60 04 63 F9 20 02  D0 03 00 00 22 23 00 00  ..`.c. ....."#..
0001AAE0  75 06 20 00 C2 FE D3 01  52 03 00 00 22 23 00 00  u. .....R..."#..
0001AAF0  B5 08 20 00 D1 FE C1 02  6F FF 00 00 22 23 00 00  .. .....o..."#..
0001AB00  B5 0A 20 00 C2 FE 51 00  2A FD 00 00 22 23 00 00  .. ...Q.*..."#..
0001AB10  75 0A E0 03 F6 F9 84 01  91 FC 00 00 22 23 00 00  u..........."#..
0001AB20  E0 0C A0 0C E3 FB 65 FF  8E 00 00 00 22 23 00 00  ......e....."#..
0001AB30  E0 0F 20 0D 81 F8 49 00  14 00 00 00 22 23 00 00  .. ...I....."#..
0001AB40  20 0F E0 0F 77 FA ED FF  28 FD 00 00 22 23 00 00   ...w...(..."#..
0001AB50  35 08 32 05 81 F8 49 00  14 00 00 00 22 23 00 00  5.2...I....."#..
0001AB60  75 0A E0 03 F6 F9 84 01  91 FC 00 00 22 23 00 00  u..........."#..
0001AB70  75 0A 32 05 77 FA ED FF  28 FD 00 00 22 23 00 00  u.2.w...(..."#..
0001AB80  20 05 A0 06 D1 FE C1 02  6F FF 00 00 22 23 00 00   .......o..."#..
0001AB90  20 00 A0 06 C2 FE D3 01  52 03 00 00 22 23 00 00   .......R..."#..
0001ABA0  A0 02 20 09 37 01 98 00  03 00 00 00 22 23 00 00  .. .7......."#..
0001ABB0  75 03 20 00 C2 FE 57 FE  4C 03 00 00 22 23 00 00  u. ...W.L..."#..
0001ABC0  75 06 20 00 C2 FE D3 01  52 03 00 00 22 23 00 00  u. .....R..."#..
0001ABD0  60 02 20 01 39 FD 98 FD  97 04 00 00 22 23 00 00  `. .9......."#..
0001ABE0  B6 04 45 02 8D FB B3 00  81 04 00 00 22 23 00 00  ..E........."#..
0001ABF0  75 06 20 00 C2 FE D3 01  52 03 00 00 22 23 00 00  u. .....R..."#..
0001AC00  B5 05 60 04 63 F9 20 02  D0 03 00 00 22 23 00 00  ..`.c. ....."#..
0001AC10  B5 08 20 00 D1 FE C1 02  6F FF 00 00 22 23 00 00  .. .....o..."#..
0001AC20  75 0A E0 03 F6 F9 84 01  91 FC 00 00 22 23 00 00  u..........."#..
0001AC30  35 08 60 04 E8 F8 85 02  14 00 00 00 22 23 00 00  5.`........."#..
0001AC40  A0 02 20 09 37 01 98 00  03 00 00 00 22 23 00 00  .. .7......."#..
0001AC50  20 00 23 09 C2 FE 57 FE  4C 03 00 00 22 23 00 00   .#...W.L..."#..
0001AC60  A0 02 20 0B C2 FE A4 FD  9E FF 00 00 22 23 00 00  .. ........."#..
0001AC70  A0 02 20 09 37 01 98 00  03 00 00 00 22 23 00 00  .. .7......."#..
0001AC80  20 00 A0 06 C2 FE D3 01  52 03 00 00 22 23 00 00   .......R..."#..
0001AC90  20 00 23 09 C2 FE 57 FE  4C 03 00 00 22 23 00 00   .#...W.L..."#..
0001ACA0  20 05 20 09 C2 FE 51 00  2A FD 00 00 22 23 00 00   . ...Q.*..."#..
0001ACB0  20 05 A0 06 D1 FE C1 02  6F FF 00 00 22 23 00 00   .......o..."#..
0001ACC0  A0 02 20 09 37 01 98 00  03 00 00 00 22 23 00 00  .. .7......."#..
0001ACD0  B5 08 20 00 D1 FE C1 02  6F FF 00 00 22 23 00 00  .. .....o..."#..
0001ACE0  35 08 60 04 E8 F8 85 02  14 00 00 00 22 23 00 00  5.`........."#..
0001ACF0  B5 05 60 04 63 F9 20 02  D0 03 00 00 22 23 00 00  ..`.c. ....."#..
0001AD00  B5 05 32 05 3E F9 27 00  DB 03 00 00 22 23 00 00  ..2.>.'....."#..
0001AD10  B5 05 60 04 63 F9 20 02  D0 03 00 00 22 23 00 00  ..`.c. ....."#..
0001AD20  35 08 32 05 81 F8 49 00  14 00 00 00 22 23 00 00  5.2...I....."#..
0001AD30  A0 02 20 02 88 FB 1F FF  D0 05 00 00 22 23 00 00  .. ........."#..
0001AD40  B6 04 45 02 8D FB B3 00  81 04 00 00 22 23 00 00  ..E........."#..
0001AD50  A0 02 60 03 A9 FA DF FE  57 04 00 00 22 23 00 00  ..`.....W..."#..
0001AD60  B6 04 45 02 8D FB B3 00  81 04 00 00 22 23 00 00  ..E........."#..
0001AD70  A0 02 20 02 88 FB 1F FF  D0 05 00 00 22 23 00 00  .. ........."#..
0001AD80  75 06 20 00 C2 FE D3 01  52 03 00 00 22 23 00 00  u. .....R..."#..
0001AD90  60 0B E0 08 39 FD 98 FD  97 04 00 00 22 23 00 00  `...9......."#..
0001ADA0  E0 0B A0 0B 64 FC 5A FD  D3 01 00 00 22 23 00 00  ....d.Z....."#..
0001ADB0  A0 0A A0 0D C2 FE A4 FD  9E FF 00 00 22 23 00 00  ............"#..
0001ADC0  E0 0C A0 0C E3 FB 65 FF  8E 00 00 00 22 23 00 00  ......e....."#..
0001ADD0  60 0D E0 09 A9 FA DF FE  57 04 00 00 22 23 00 00  `.......W..."#..
0001ADE0  20 0F E0 09 3E F9 27 00  DB 03 00 00 22 23 00 00   ...>.'....."#..
0001ADF0  E0 0B A0 0B 64 FC 5A FD  D3 01 00 00 22 23 00 00  ....d.Z....."#..
0001AE00  C0 0C 1A 0A 61 FB 78 FD  B0 03 00 00 22 23 00 00  ....a.x....."#..
0001AE10  E0 0C A0 0C E3 FB 65 FF  8E 00 00 00 22 23 00 00  ......e....."#..
0001AE20  A0 0A A0 0D C2 FE A4 FD  9E FF 00 00 22 23 00 00  ............"#..
0001AE30  E0 0B A0 0B 64 FC 5A FD  D3 01 00 00 22 23 00 00  ....d.Z....."#..
0001AE40  E0 0C A0 0C E3 FB 65 FF  8E 00 00 00 22 23 00 00  ......e....."#..
0001AE50  A0 0A E0 0F C2 FE 51 00  2A FD 00 00 22 23 00 00  ......Q.*..."#..
0001AE60  A0 0A A0 0D C2 FE A4 FD  9E FF 00 00 22 23 00 00  ............"#..
0001AE70  20 0F E0 0F 77 FA ED FF  28 FD 00 00 22 23 00 00   ...w...(..."#..
0001AE80  E0 0C A0 0C E3 FB 65 FF  8E 00 00 00 22 23 00 00  ......e....."#..
0001AE90  20 0F E0 09 3E F9 27 00  DB 03 00 00 22 23 00 00   ...>.'....."#..
0001AEA0  E0 0F 20 0D 81 F8 49 00  14 00 00 00 22 23 00 00  .. ...I....."#..
0001AEB0  B5 0A 20 00 C2 FE 51 00  2A FD 00 00 22 23 00 00  .. ...Q.*..."#..
0001AEC0  4D 0B 3B 03 77 FA ED FF  28 FD 00 00 22 23 00 00  M.;.w...(..."#..
0001AED0  75 0A E0 03 F6 F9 84 01  91 FC 00 00 22 23 00 00  u..........."#..
0001AEE0  A0 0A A0 0D C2 FE A4 FD  9E FF 00 00 22 23 00 00  ............"#..
0001AEF0  E0 0C A0 0C E3 FB 65 FF  8E 00 00 00 22 23 00 00  ......e....."#..
0001AF00  20 0F E0 0F 77 FA ED FF  28 FD 00 00 22 23 00 00   ...w...(..."#..
0001AF10  20 05 20 09 C2 FE 51 00  2A FD 00 00 22 23 00 00   . ...Q.*..."#..
0001AF20  A0 02 20 09 37 01 98 00  03 00 00 00 22 23 00 00  .. .7......."#..
0001AF30  A0 02 20 0B C2 FE A4 FD  9E FF 00 00 22 23 00 00  .. ........."#..
0001AF40  A0 0A 20 0A C2 FE 57 FE  4C 03 00 00 22 23 00 00  .. ...W.L..."#..
0001AF50  60 0B E0 08 39 FD 98 FD  97 04 00 00 22 23 00 00  `...9......."#..
0001AF60  A0 0A A0 0D C2 FE A4 FD  9E FF 00 00 22 23 00 00  ............"#..
0001AF70  12 04 71 04 3E F9 27 00  DB 03 00 00 22 23 00 00  ..q.>.'....."#..
0001AF80  A0 02 60 03 A9 FA DF FE  57 04 00 00 22 23 00 00  ..`.....W..."#..
0001AF90  B6 04 45 02 8D FB B3 00  81 04 00 00 22 23 00 00  ..E........."#..
0001AFA0  35 08 32 05 81 F8 49 00  14 00 00 00 22 23 00 00  5.2...I....."#..
0001AFB0  35 08 60 04 E8 F8 85 02  14 00 00 00 22 23 00 00  5.`........."#..
0001AFC0  75 0A E0 03 F6 F9 84 01  91 FC 00 00 22 23 00 00  u..........."#..
0001AFD0  B5 05 60 04 63 F9 20 02  D0 03 00 00 22 23 00 00  ..`.c. ....."#..
0001AFE0  35 08 60 04 E8 F8 85 02  14 00 00 00 22 23 00 00  5.`........."#..
0001AFF0  35 08 32 05 81 F8 49 00  14 00 00 00 22 23 00 00  5.2...I....."#..
0001B000  C0 0C 1A 0A 61 FB 78 FD  B0 03 00 00 22 23 00 00  ....a.x....."#..
0001B010  60 0D E0 09 A9 FA DF FE  57 04 00 00 22 23 00 00  `.......W..."#..
0001B020  E0 0C A0 0C E3 FB 65 FF  8E 00 00 00 22 23 00 00  ......e....."#..
0001B030  A0 02 60 03 A9 FA DF FE  57 04 00 00 22 23 00 00  ..`.....W..."#..
0001B040  20 02 60 03 61 FB 78 FD  B0 03 00 00 22 23 00 00   .`.a.x....."#..
0001B050  A0 02 20 02 88 FB 1F FF  D0 05 00 00 22 23 00 00  .. ........."#..
0001B060  E0 0B A0 0B 64 FC 5A FD  D3 01 00 00 22 23 00 00  ....d.Z....."#..
0001B070  60 0B E0 08 39 FD 98 FD  97 04 00 00 22 23 00 00  `...9......."#..
0001B080  C0 0C 1A 0A 61 FB 78 FD  B0 03 00 00 22 23 00 00  ....a.x....."#..
0001B090  75 06 20 00 C2 FE D3 01  52 03 00 00 22 23 00 00  u. .....R..."#..
0001B0A0  A0 02 20 02 88 FB 1F FF  D0 05 00 00 22 23 00 00  .. ........."#..
0001B0B0  60 02 20 01 39 FD 98 FD  97 04 00 00 04 00 00 00  `. .9...........
0001B0C0  A0 05 00 00 58 00 10 29  00 00 00 00 00 00 00 00  ....X..)........
0001B0D0  00 00 00 00 00 00 00 00  00 00 00 00 22 23 00 00  ............"#..
0001B0E0  20 05 60 0D 86 F4 74 01  76 05 00 00 22 23 00 00   .`...t.v..."#..
0001B0F0  20 05 20 0F 9D F4 70 00  5D 05 00 00 22 23 00 00   . ...p.]..."#..
0001B100  20 00 20 0F 3E F9 27 00  DB 03 00 00 22 23 00 00   . .>.'....."#..
0001B110  20 00 60 0D 63 F9 20 02  D0 03 00 00 22 23 00 00   .`.c. ....."#..
0001B120  20 00 60 0D 36 F9 3F 02  29 02 00 00 22 23 00 00   .`.6.?.)..."#..
0001B130  20 05 60 0D 0E F4 87 01  15 04 00 00 22 23 00 00   .`........."#..
0001B140  20 05 A0 0B 86 F4 74 01  76 05 00 00 22 23 00 00   .....t.v..."#..
0001B150  20 00 A0 0B 63 F9 20 02  D0 03 00 00 22 23 00 00   ...c. ....."#..
0001B160  20 00 20 0F E7 F8 25 00  32 02 00 00 22 23 00 00   . ...%.2..."#..
0001B170  20 05 20 0F 25 F4 83 00  FD 03 00 00 22 23 00 00   . .%......."#..
0001B180  20 05 60 0D 0E F4 87 01  15 04 00 00 22 23 00 00   .`........."#..
0001B190  20 00 60 0D 36 F9 3F 02  29 02 00 00 22 23 00 00   .`.6.?.)..."#..
0001B1A0  20 00 E0 10 3E F9 27 00  DB 03 00 00 22 23 00 00   ...>.'....."#..
0001B1B0  20 05 E0 10 9D F4 70 00  5D 05 00 00 22 23 00 00   .....p.]..."#..
0001B1C0  20 05 20 0F 25 F4 83 00  FD 03 00 00 22 23 00 00   . .%......."#..
0001B1D0  20 00 20 0F E7 F8 25 00  32 02 00 00 22 23 00 00   . ...%.2..."#..
0001B1E0  20 06 20 0F 9D F4 70 00  5D 05 00 00 22 23 00 00   . ...p.]..."#..
0001B1F0  20 06 60 0D 86 F4 74 01  76 05 00 00 22 23 00 00   .`...t.v..."#..
0001B200  20 05 60 0D 0E F4 87 01  15 04 00 00 22 23 00 00   .`........."#..
0001B210  20 05 20 0F 25 F4 83 00  FD 03 00 00 22 23 00 00   . .%......."#..
0001B220  20 05 60 0D B7 F2 04 00  59 02 00 00 22 23 00 00   .`.....Y..."#..
0001B230  20 05 20 0F 40 F3 26 FF  3E 02 00 00 22 23 00 00   . .@.&.>..."#..
0001B240  20 00 20 0F EE F8 3F 00  D3 01 00 00 22 23 00 00   . ...?....."#..
0001B250  20 00 60 0D 40 F9 49 02  D2 01 00 00 22 23 00 00   .`.@.I....."#..
0001B260  20 00 60 0D E8 F8 85 02  14 00 00 00 22 23 00 00   .`........."#..
0001B270  20 05 60 0D 81 F2 0C 00  E7 00 00 00 22 23 00 00   .`........."#..
0001B280  20 05 A0 0B B7 F2 04 00  59 02 00 00 22 23 00 00   .......Y..."#..
0001B290  20 00 A0 0B 40 F9 49 02  D2 01 00 00 22 23 00 00   ...@.I....."#..
0001B2A0  20 00 20 0F 0C F9 66 00  22 00 00 00 22 23 00 00   . ...f."..."#..
0001B2B0  20 05 20 0F 0A F3 2F FF  CC 00 00 00 22 23 00 00   . .../....."#..
0001B2C0  20 05 60 0D 81 F2 0C 00  E7 00 00 00 22 23 00 00   .`........."#..
0001B2D0  20 00 60 0D E8 F8 85 02  14 00 00 00 22 23 00 00   .`........."#..
0001B2E0  20 00 E0 10 EE F8 3F 00  D3 01 00 00 22 23 00 00   .....?....."#..
0001B2F0  20 05 E0 10 40 F3 26 FF  3E 02 00 00 22 23 00 00   ...@.&.>..."#..
0001B300  20 05 20 0F 0A F3 2F FF  CC 00 00 00 22 23 00 00   . .../....."#..
0001B310  20 00 20 0F 0C F9 66 00  22 00 00 00 22 23 00 00   . ...f."..."#..
0001B320  20 06 20 0F 40 F3 26 FF  3E 02 00 00 22 23 00 00   . .@.&.>..."#..
0001B330  20 06 60 0D B7 F2 04 00  59 02 00 00 22 23 00 00   .`.....Y..."#..
0001B340  20 05 60 0D 81 F2 0C 00  E7 00 00 00 22 23 00 00   .`........."#..
0001B350  20 05 20 0F 0A F3 2F FF  CC 00 00 00 22 23 00 00   . .../....."#..
0001B360  20 05 60 0D 25 F4 F9 FE  52 FF 00 00 22 23 00 00   .`.%...R..."#..
0001B370  20 05 20 0F DE F4 4B FE  91 FF 00 00 22 23 00 00   . ...K....."#..
0001B380  20 00 20 0F 57 F9 49 00  6D 00 00 00 22 23 00 00   . .W.I.m..."#..
0001B390  20 00 60 0D E8 F8 85 02  14 00 00 00 22 23 00 00   .`........."#..
0001B3A0  20 00 60 0D 6C F9 02 02  6D FE 00 00 22 23 00 00   .`.l...m..."#..
0001B3B0  20 05 60 0D 76 F4 C7 FE  EA FD 00 00 22 23 00 00   .`.v......."#..
0001B3C0  20 05 A0 0B 25 F4 F9 FE  52 FF 00 00 22 23 00 00   ...%...R..."#..
0001B3D0  20 00 A0 0B E8 F8 85 02  14 00 00 00 22 23 00 00   ..........."#..
0001B3E0  20 00 20 0F D0 F9 24 00  BC FE 00 00 22 23 00 00   . ...$....."#..
0001B3F0  20 05 20 0F 2F F5 19 FE  28 FE 00 00 22 23 00 00   . ./...(..."#..
0001B400  20 05 60 0D 76 F4 C7 FE  EA FD 00 00 22 23 00 00   .`.v......."#..
0001B410  20 00 60 0D 6C F9 02 02  6D FE 00 00 22 23 00 00   .`.l...m..."#..
0001B420  20 00 E0 10 57 F9 49 00  6D 00 00 00 22 23 00 00   ...W.I.m..."#..
0001B430  20 05 E0 10 DE F4 4B FE  91 FF 00 00 22 23 00 00   .....K....."#..
0001B440  20 05 20 0F 2F F5 19 FE  28 FE 00 00 22 23 00 00   . ./...(..."#..
0001B450  20 00 20 0F D0 F9 24 00  BC FE 00 00 22 23 00 00   . ...$....."#..
0001B460  20 06 20 0F DE F4 4B FE  91 FF 00 00 22 23 00 00   . ...K....."#..
0001B470  20 06 60 0D 25 F4 F9 FE  52 FF 00 00 22 23 00 00   .`.%...R..."#..
0001B480  20 05 60 0D 76 F4 C7 FE  EA FD 00 00 22 23 00 00   .`.v......."#..
0001B490  20 05 20 0F 2F F5 19 FE  28 FE 00 00 22 23 00 00   . ./...(..."#..
0001B4A0  20 05 60 0D C6 F6 12 FE  9B FC 00 00 22 23 00 00   .`........."#..
0001B4B0  20 05 20 0F 57 F7 88 FD  0F FD 00 00 22 23 00 00   . .W......."#..
0001B4C0  20 00 20 0F 44 FA A3 00  C5 FE 00 00 22 23 00 00   . .D......."#..
0001B4D0  20 00 60 0D 8B F9 E7 01  F6 FD 00 00 22 23 00 00   .`........."#..
0001B4E0  20 00 A0 0B F6 F9 84 01  91 FC 00 00 22 23 00 00   ..........."#..
0001B4F0  20 05 A0 0B 89 F7 F9 FD  92 FB 00 00 22 23 00 00   ..........."#..
0001B500  20 05 60 0D C6 F6 12 FE  9B FC 00 00 22 23 00 00   .`........."#..
0001B510  20 00 60 0D 8B F9 E7 01  F6 FD 00 00 22 23 00 00   .`........."#..
0001B520  20 00 20 0F 8E FA 25 00  77 FD 00 00 22 23 00 00   . ...%.w..."#..
0001B530  20 05 20 0F 1A F8 6F FD  07 FC 00 00 22 23 00 00   . ...o....."#..
0001B540  20 05 60 0D 89 F7 F9 FD  92 FB 00 00 22 23 00 00   .`........."#..
0001B550  20 00 60 0D F6 F9 84 01  91 FC 00 00 22 23 00 00   .`........."#..
0001B560  20 00 E0 10 44 FA A3 00  C5 FE 00 00 22 23 00 00   ...D......."#..
0001B570  20 05 E0 10 57 F7 88 FD  0F FD 00 00 22 23 00 00   ...W......."#..
0001B580  20 05 20 0F 1A F8 6F FD  07 FC 00 00 22 23 00 00   . ...o....."#..
0001B590  20 00 20 0F 8E FA 25 00  77 FD 00 00 22 23 00 00   . ...%.w..."#..
0001B5A0  20 06 20 0F 57 F7 88 FD  0F FD 00 00 22 23 00 00   . .W......."#..
0001B5B0  20 06 60 0D C6 F6 12 FE  9B FC 00 00 22 23 00 00   .`........."#..
0001B5C0  20 05 60 0D 89 F7 F9 FD  92 FB 00 00 22 23 00 00   .`........."#..
0001B5D0  20 05 20 0F 1A F8 6F FD  07 FC 00 00 22 23 00 00   . ...o....."#..
0001B5E0  20 01 A0 0B 88 FB 1F FF  D0 05 00 00 22 23 00 00   ..........."#..
0001B5F0  20 05 A0 0B EA F8 7D FD  86 07 00 00 22 23 00 00   .....}....."#..
0001B600  20 05 60 0D 82 F9 E3 FB  F1 06 00 00 22 23 00 00   .`........."#..
0001B610  20 01 60 0D 39 FD 98 FD  97 04 00 00 22 23 00 00   .`.9......."#..
0001B620  20 06 20 0F F3 F8 42 FC  F8 05 00 00 22 23 00 00   . ...B....."#..
0001B630  20 06 60 0D 82 F9 E3 FB  F1 06 00 00 22 23 00 00   .`........."#..
0001B640  20 05 60 0D EA F8 7D FD  86 07 00 00 22 23 00 00   .`...}....."#..
0001B650  20 05 20 0F 6A F8 62 FD  65 06 00 00 01 00 00 00   . .j.b.e.......
0001B660  08 00 00 00 02 00 11 7C  08 00 00 00 03 00 00 00  .......|........
0001B670  30 08 00 00 81 00 10 29  00 00 00 00 00 00 00 00  0......)........
0001B680  00 00 00 00 00 00 00 00  00 00 00 00 22 23 00 00  ............"#..
0001B690  A0 05 00 10 55 F6 B8 FE  6B 03 00 00 22 23 00 00  ....U...k..."#..
0001B6A0  20 05 60 0D 14 F5 5F FF  44 04 00 00 22 23 00 00   .`..._.D..."#..
0001B6B0  20 06 60 0D DE F4 5E FF  CA 02 00 00 22 23 00 00   .`...^....."#..
0001B6C0  20 00 00 10 9B F9 F6 FF  99 03 00 00 22 23 00 00   ..........."#..
0001B6D0  20 00 60 0D EE F9 FA 01  81 03 00 00 22 23 00 00   .`........."#..
0001B6E0  A0 02 60 0D 7E F6 FC 01  14 04 00 00 22 23 00 00  ..`.~......."#..
0001B6F0  20 00 50 11 5A F9 07 00  E8 01 00 00 22 23 00 00   .P.Z......."#..
0001B700  A0 02 00 10 80 F7 52 00  2D 03 00 00 22 23 00 00  ......R.-..."#..
0001B710  A0 02 A0 12 61 F6 2B 02  82 02 00 00 22 23 00 00  ....a.+....."#..
0001B720  A0 05 00 10 C2 F8 9B FD  B7 00 00 00 22 23 00 00  ............"#..
0001B730  20 05 60 0D A2 F7 F5 FC  8B 01 00 00 22 23 00 00   .`........."#..
0001B740  20 06 60 0D 83 F7 E2 FC  0F 00 00 00 22 23 00 00   .`........."#..
0001B750  08 0D E0 03 17 FA D3 FF  CC FF 00 00 22 23 00 00  ............"#..
0001B760  7A 0A D8 03 6D F9 61 02  B1 FF 00 00 22 23 00 00  z...m.a....."#..
0001B770  E8 0C 36 06 16 F8 09 FF  96 FF 00 00 22 23 00 00  ..6........."#..
0001B780  08 0D E0 03 07 FB 43 FF  B4 FC 00 00 22 23 00 00  ......C....."#..
0001B790  E8 0C 36 06 39 F9 A0 FE  84 FC 00 00 22 23 00 00  ..6.9......."#..
0001B7A0  7A 0A D8 03 81 FA 5A 01  1A FC 00 00 22 23 00 00  z.....Z....."#..
0001B7B0  08 0D E0 03 07 FB 43 FF  B4 FC 00 00 22 23 00 00  ......C....."#..
0001B7C0  6C 0F F1 03 00 FC 97 FD  33 FD 00 00 22 23 00 00  l.......3..."#..
0001B7D0  E8 0C 36 06 39 F9 A0 FE  84 FC 00 00 22 23 00 00  ..6.9......."#..
0001B7E0  6C 0F F1 03 45 FB DF FD  D1 FF 00 00 22 23 00 00  l...E......."#..
0001B7F0  08 0D E0 03 17 FA D3 FF  CC FF 00 00 22 23 00 00  ............"#..
0001B800  E8 0C 36 06 16 F8 09 FF  96 FF 00 00 22 23 00 00  ..6........."#..
0001B810  A0 05 00 10 6F F9 2C FD  8E 03 00 00 22 23 00 00  ....o.,....."#..
0001B820  20 05 60 0D 56 F9 C8 FB  1C 04 00 00 22 23 00 00   .`.V......."#..
0001B830  20 06 60 0D AB F8 5F FD  C3 04 00 00 22 23 00 00   .`..._....."#..
0001B840  B6 05 59 04 EE F9 FA 01  81 03 00 00 22 23 00 00  ..Y........."#..
0001B850  12 04 DF 03 9B F9 F6 FF  99 03 00 00 22 23 00 00  ............"#..
0001B860  B6 04 3D 02 23 FC 85 00  E2 03 00 00 22 23 00 00  ..=.#......."#..
0001B870  B8 08 15 00 33 FF 9E 02  08 FF 00 00 22 23 00 00  ....3......."#..
0001B880  B6 05 59 04 EE F9 FA 01  81 03 00 00 22 23 00 00  ..Y........."#..
0001B890  76 06 15 00 22 FF AB 01  00 03 00 00 22 23 00 00  v..."......."#..
0001B8A0  B8 08 15 00 33 FF 9E 02  08 FF 00 00 22 23 00 00  ....3......."#..
0001B8B0  BA 0A 15 00 22 FF 20 00  B6 FC 00 00 22 23 00 00  ....". ....."#..
0001B8C0  7A 0A D8 03 84 FA 5A 01  1A FC 00 00 22 23 00 00  z.....Z....."#..
0001B8D0  E6 0C A0 0C 7B FC 2F FF  2D 00 00 00 22 23 00 00  ....{./.-..."#..
0001B8E0  A9 0F 20 0D 06 F9 19 00  B1 FF 00 00 22 23 00 00  .. ........."#..
0001B8F0  22 0E E2 0F 07 FB 43 FF  B4 FC 00 00 22 23 00 00  ".....C....."#..
0001B900  38 08 2C 05 06 F9 19 00  B1 FF 00 00 22 23 00 00  8.,........."#..
0001B910  7A 0A D8 03 84 FA 5A 01  1A FC 00 00 22 23 00 00  z.....Z....."#..
0001B920  7A 0A 2C 05 07 FB 43 FF  B4 FC 00 00 22 23 00 00  z.,...C....."#..
0001B930  20 05 9B 06 33 FF 9E 02  08 FF 00 00 22 23 00 00   ...3......."#..
0001B940  1C 00 9B 06 22 FF AB 01  00 03 00 00 22 23 00 00  ...."......."#..
0001B950  9E 02 1D 09 31 02 B1 FF  0B 00 00 00 22 23 00 00  ....1......."#..
0001B960  74 03 15 00 22 FF 1C FE  FB 02 00 00 22 23 00 00  t..."......."#..
0001B970  76 06 15 00 22 FF AB 01  00 03 00 00 22 23 00 00  v..."......."#..
0001B980  73 02 96 01 D9 FD 59 FD  8A 03 00 00 22 23 00 00  s.....Y....."#..
0001B990  B6 04 3D 02 23 FC 85 00  E2 03 00 00 22 23 00 00  ..=.#......."#..
0001B9A0  76 06 15 00 22 FF AB 01  00 03 00 00 22 23 00 00  v..."......."#..
0001B9B0  B6 05 59 04 EE F9 FA 01  81 03 00 00 22 23 00 00  ..Y........."#..
0001B9C0  B8 08 15 00 33 FF 9E 02  08 FF 00 00 22 23 00 00  ....3......."#..
0001B9D0  7A 0A D8 03 84 FA 5A 01  1A FC 00 00 22 23 00 00  z.....Z....."#..
0001B9E0  38 08 59 04 6F F9 61 02  B1 FF 00 00 22 23 00 00  8.Y.o.a....."#..
0001B9F0  9E 02 1D 09 31 02 B1 FF  0B 00 00 00 22 23 00 00  ....1......."#..
0001BA00  1C 00 20 09 22 FF 1C FE  FB 02 00 00 22 23 00 00  .. ."......."#..
0001BA10  AA 02 1E 0B 22 FF 64 FD  37 FF 00 00 22 23 00 00  ....".d.7..."#..
0001BA20  9E 02 1D 09 31 02 B1 FF  0B 00 00 00 22 23 00 00  ....1......."#..
0001BA30  1C 00 9B 06 22 FF AB 01  00 03 00 00 22 23 00 00  ...."......."#..
0001BA40  1C 00 20 09 22 FF 1C FE  FB 02 00 00 22 23 00 00  .. ."......."#..
0001BA50  20 05 1D 09 22 FF 20 00  B6 FC 00 00 22 23 00 00   ...". ....."#..
0001BA60  20 05 9B 06 33 FF 9E 02  08 FF 00 00 22 23 00 00   ...3......."#..
0001BA70  9E 02 1D 09 31 02 B1 FF  0B 00 00 00 22 23 00 00  ....1......."#..
0001BA80  B8 08 15 00 33 FF 9E 02  08 FF 00 00 22 23 00 00  ....3......."#..
0001BA90  38 08 59 04 6F F9 61 02  B1 FF 00 00 22 23 00 00  8.Y.o.a....."#..
0001BAA0  B6 05 59 04 EE F9 FA 01  81 03 00 00 22 23 00 00  ..Y........."#..
0001BAB0  B6 05 2C 05 9B F9 F6 FF  99 03 00 00 22 23 00 00  ..,........."#..
0001BAC0  B6 05 59 04 EE F9 FA 01  81 03 00 00 22 23 00 00  ..Y........."#..
0001BAD0  38 08 2C 05 06 F9 19 00  B1 FF 00 00 22 23 00 00  8.,........."#..
0001BAE0  B6 04 3D 02 23 FC 85 00  E2 03 00 00 22 23 00 00  ..=.#......."#..
0001BAF0  74 03 17 02 1E FC E8 FE  CA 04 00 00 22 23 00 00  t..........."#..
0001BB00  76 06 15 00 22 FF AB 01  00 03 00 00 22 23 00 00  v..."......."#..
0001BB10  65 0B DC 08 D9 FD 59 FD  8A 03 00 00 22 23 00 00  e.....Y....."#..
0001BB20  E5 0B 9F 0B FF FC 19 FD  79 01 00 00 22 23 00 00  ........y..."#..
0001BB30  A4 0A A0 0D 22 FF 64 FD  37 FF 00 00 22 23 00 00  ....".d.7..."#..
0001BB40  E6 0C A0 0C 7B FC 2F FF  2D 00 00 00 22 23 00 00  ....{./.-..."#..
0001BB50  67 0D DD 09 99 FB 10 FE  40 03 00 00 22 23 00 00  g.......@..."#..
0001BB60  28 0F DD 09 9B F9 F6 FF  99 03 00 00 22 23 00 00  (..........."#..
0001BB70  E5 0B 9F 0B FF FC 19 FD  79 01 00 00 22 23 00 00  ........y..."#..
0001BB80  16 0D FB 09 99 FB 10 FE  40 03 00 00 22 23 00 00  ........@..."#..
0001BB90  E6 0C A0 0C 7B FC 2F FF  2D 00 00 00 22 23 00 00  ....{./.-..."#..
0001BBA0  A4 0A A0 0D 22 FF 64 FD  37 FF 00 00 22 23 00 00  ....".d.7..."#..
0001BBB0  E5 0B 9F 0B FF FC 19 FD  79 01 00 00 22 23 00 00  ........y..."#..
0001BBC0  E6 0C A0 0C 7B FC 2F FF  2D 00 00 00 22 23 00 00  ....{./.-..."#..
0001BBD0  A4 0A E2 0F 22 FF 20 00  B6 FC 00 00 22 23 00 00  ....". ....."#..
0001BBE0  A4 0A A0 0D 22 FF 64 FD  37 FF 00 00 22 23 00 00  ....".d.7..."#..
0001BBF0  22 0E E2 0F 07 FB 43 FF  B4 FC 00 00 22 23 00 00  ".....C....."#..
0001BC00  E6 0C A0 0C 7B FC 2F FF  2D 00 00 00 22 23 00 00  ....{./.-..."#..
0001BC10  28 0F DD 09 9B F9 F6 FF  99 03 00 00 22 23 00 00  (..........."#..
0001BC20  A9 0F 20 0D 06 F9 19 00  B1 FF 00 00 22 23 00 00  .. ........."#..
0001BC30  BA 0A 15 00 22 FF 20 00  B6 FC 00 00 22 23 00 00  ....". ....."#..
0001BC40  62 0B 9C 03 07 FB 43 FF  B4 FC 00 00 22 23 00 00  b.....C....."#..
0001BC50  7A 0A D8 03 84 FA 5A 01  1A FC 00 00 22 23 00 00  z.....Z....."#..
0001BC60  A4 0A A0 0D 22 FF 64 FD  37 FF 00 00 22 23 00 00  ....".d.7..."#..
0001BC70  E6 0C A0 0C 7B FC 2F FF  2D 00 00 00 22 23 00 00  ....{./.-..."#..
0001BC80  22 0E E2 0F 07 FB 43 FF  B4 FC 00 00 22 23 00 00  ".....C....."#..
0001BC90  20 05 1D 09 22 FF 20 00  B6 FC 00 00 22 23 00 00   ...". ....."#..
0001BCA0  9E 02 1D 09 31 02 B1 FF  0B 00 00 00 22 23 00 00  ....1......."#..
0001BCB0  AA 02 1E 0B 22 FF 64 FD  37 FF 00 00 22 23 00 00  ....".d.7..."#..
0001BCC0  A4 0A 1E 0A 22 FF 1C FE  FB 02 00 00 22 23 00 00  ...."......."#..
0001BCD0  65 0B DC 08 D9 FD 59 FD  8A 03 00 00 22 23 00 00  e.....Y....."#..
0001BCE0  A4 0A A0 0D 22 FF 64 FD  37 FF 00 00 22 23 00 00  ....".d.7..."#..
0001BCF0  33 03 D1 02 99 FB 10 FE  40 03 00 00 22 23 00 00  3.......@..."#..
0001BD00  74 03 17 02 1E FC E8 FE  CA 04 00 00 22 23 00 00  t..........."#..
0001BD10  12 04 DF 03 9B F9 F6 FF  99 03 00 00 22 23 00 00  ............"#..
0001BD20  38 08 2C 05 06 F9 19 00  B1 FF 00 00 22 23 00 00  8.,........."#..
0001BD30  38 08 59 04 6F F9 61 02  B1 FF 00 00 22 23 00 00  8.Y.o.a....."#..
0001BD40  7A 0A D8 03 84 FA 5A 01  1A FC 00 00 22 23 00 00  z.....Z....."#..
0001BD50  B6 05 59 04 EE F9 FA 01  81 03 00 00 22 23 00 00  ..Y........."#..
0001BD60  38 08 59 04 6F F9 61 02  B1 FF 00 00 22 23 00 00  8.Y.o.a....."#..
0001BD70  38 08 2C 05 06 F9 19 00  B1 FF 00 00 22 23 00 00  8.,........."#..
0001BD80  E5 0B 9F 0B FF FC 19 FD  79 01 00 00 22 23 00 00  ........y..."#..
0001BD90  65 0B DC 08 D9 FD 59 FD  8A 03 00 00 22 23 00 00  e.....Y....."#..
0001BDA0  C6 0C 18 0A 99 FB 10 FE  40 03 00 00 22 23 00 00  ........@..."#..
0001BDB0  76 06 15 00 22 FF AB 01  00 03 00 00 22 23 00 00  v..."......."#..
0001BDC0  74 03 17 02 1E FC E8 FE  CA 04 00 00 22 23 00 00  t..........."#..
0001BDD0  73 02 96 01 D9 FD 59 FD  8A 03 00 00 22 23 00 00  s.....Y....."#..
0001BDE0  74 03 17 02 1E FC E8 FE  CA 04 00 00 22 23 00 00  t..........."#..
0001BDF0  B6 04 3D 02 23 FC 85 00  E2 03 00 00 22 23 00 00  ..=.#......."#..
0001BE00  12 04 DF 03 9B F9 F6 FF  99 03 00 00 22 23 00 00  ............"#..
0001BE10  20 00 00 10 9B F9 F6 FF  99 03 00 00 22 23 00 00   ..........."#..
0001BE20  A0 02 00 10 80 F7 52 00  2D 03 00 00 22 23 00 00  ......R.-..."#..
0001BE30  20 00 50 11 5A F9 07 00  E8 01 00 00 22 23 00 00   .P.Z......."#..
0001BE40  20 00 50 11 5A F9 07 00  E8 01 00 00 22 23 00 00   .P.Z......."#..
0001BE50  A0 02 A0 12 61 F6 2B 02  82 02 00 00 22 23 00 00  ....a.+....."#..
0001BE60  20 00 A0 12 C0 F9 1A 02  D1 01 00 00 22 23 00 00   ..........."#..
0001BE70  A0 02 00 10 80 F7 52 00  2D 03 00 00 22 23 00 00  ......R.-..."#..
0001BE80  20 00 00 10 9B F9 F6 FF  99 03 00 00 22 23 00 00   ..........."#..
0001BE90  A0 02 60 0D 7E F6 FC 01  14 04 00 00 04 00 00 00  ..`.~...........
0001BEA0  E0 04 00 00 4C 00 10 29  00 00 00 00 00 00 00 00  ....L..)........
0001BEB0  00 00 00 00 00 00 00 00  00 00 00 00 22 23 00 00  ............"#..
0001BEC0  20 05 60 0D 14 F5 5F FF  44 04 00 00 22 23 00 00   .`..._.D..."#..
0001BED0  20 05 00 10 55 F6 B8 FE  6B 03 00 00 22 23 00 00   ...U...k..."#..
0001BEE0  A0 02 00 10 80 F7 52 00  2D 03 00 00 22 23 00 00  ......R.-..."#..
0001BEF0  A0 02 60 0D 7E F6 FC 01  14 04 00 00 22 23 00 00  ..`.~......."#..
0001BF00  A0 02 A0 0B 61 F6 2B 02  82 02 00 00 22 23 00 00  ....a.+....."#..
0001BF10  20 05 A0 0B DE F4 5E FF  CA 02 00 00 22 23 00 00   .....^....."#..
0001BF20  20 05 60 0D 14 F5 5F FF  44 04 00 00 22 23 00 00   .`..._.D..."#..
0001BF30  A0 02 60 0D 7E F6 FC 01  14 04 00 00 22 23 00 00  ..`.~......."#..
0001BF40  A0 02 00 10 80 F7 52 00  2D 03 00 00 22 23 00 00  ......R.-..."#..
0001BF50  20 05 00 10 55 F6 B8 FE  6B 03 00 00 22 23 00 00   ...U...k..."#..
0001BF60  20 05 A0 12 DE F4 5E FF  CA 02 00 00 22 23 00 00   .....^....."#..
0001BF70  A0 02 A0 12 61 F6 2B 02  82 02 00 00 22 23 00 00  ....a.+....."#..
0001BF80  20 00 A0 0B C0 F9 1A 02  D1 01 00 00 22 23 00 00   ..........."#..
0001BF90  A0 02 A0 0B 61 F6 2B 02  82 02 00 00 22 23 00 00  ....a.+....."#..
0001BFA0  A0 02 60 0D 7E F6 FC 01  14 04 00 00 22 23 00 00  ..`.~......."#..
0001BFB0  20 00 60 0D EE F9 FA 01  81 03 00 00 22 23 00 00   .`........."#..
0001BFC0  20 05 60 0D A2 F7 F5 FC  8B 01 00 00 22 23 00 00   .`........."#..
0001BFD0  20 05 00 10 C2 F8 9B FD  B7 00 00 00 22 23 00 00   ..........."#..
0001BFE0  A0 02 00 10 55 F8 97 FF  B9 00 00 00 22 23 00 00  ....U......."#..
0001BFF0  A0 02 60 0D 45 F6 A2 00  AC 01 00 00 22 23 00 00  ..`.E......."#..
0001C000  A0 02 A0 0B F4 F5 B0 00  0B 00 00 00 22 23 00 00  ............"#..
0001C010  20 05 A0 0B 83 F7 E2 FC  0F 00 00 00 22 23 00 00   ..........."#..
0001C020  20 05 60 0D A2 F7 F5 FC  8B 01 00 00 22 23 00 00   .`........."#..
0001C030  A0 02 60 0D 45 F6 A2 00  AC 01 00 00 22 23 00 00  ..`.E......."#..
0001C040  A0 02 00 10 55 F8 97 FF  B9 00 00 00 22 23 00 00  ....U......."#..
0001C050  20 05 00 10 C2 F8 9B FD  B7 00 00 00 22 23 00 00   ..........."#..
0001C060  20 05 A0 12 83 F7 E2 FC  0F 00 00 00 22 23 00 00   ..........."#..
0001C070  A0 02 A0 12 F4 F5 B0 00  0B 00 00 00 22 23 00 00  ............"#..
0001C080  20 00 A0 0B 6F F9 61 02  B1 FF 00 00 22 23 00 00   ...o.a....."#..
0001C090  A0 02 A0 0B F4 F5 B0 00  0B 00 00 00 22 23 00 00  ............"#..
0001C0A0  A0 02 60 0D 45 F6 A2 00  AC 01 00 00 22 23 00 00  ..`.E......."#..
0001C0B0  20 00 60 0D CA F9 23 02  78 01 00 00 22 23 00 00   .`...#.x..."#..
0001C0C0  A0 02 00 10 55 F8 97 FF  B9 00 00 00 22 23 00 00  ....U......."#..
0001C0D0  20 00 00 10 85 F9 22 00  9C 00 00 00 22 23 00 00   ....."....."#..
0001C0E0  20 00 60 0D CA F9 23 02  78 01 00 00 22 23 00 00   .`...#.x..."#..
0001C0F0  A0 02 60 0D 45 F6 A2 00  AC 01 00 00 22 23 00 00  ..`.E......."#..
0001C100  20 00 00 10 85 F9 22 00  9C 00 00 00 22 23 00 00   ....."....."#..
0001C110  A0 02 00 10 55 F8 97 FF  B9 00 00 00 22 23 00 00  ....U......."#..
0001C120  A0 02 A0 12 F4 F5 B0 00  0B 00 00 00 22 23 00 00  ............"#..
0001C130  20 00 A0 12 6F F9 61 02  B1 FF 00 00 22 23 00 00   ...o.a....."#..
0001C140  2D 08 0F 09 45 FB DF FD  D1 FF 00 00 22 23 00 00  -...E......."#..
0001C150  64 0A 0D 09 00 FC 97 FD  33 FD 00 00 22 23 00 00  d.......3..."#..
0001C160  6B 0A 0D 07 07 FB 43 FF  B4 FC 00 00 22 23 00 00  k.....C....."#..
0001C170  31 08 12 07 17 FA D3 FF  CC FF 00 00 22 23 00 00  1..........."#..
0001C180  71 05 DA 05 16 F8 09 FF  96 FF 00 00 22 23 00 00  q..........."#..
0001C190  71 05 14 04 6D F9 61 02  B1 FF 00 00 22 23 00 00  q...m.a....."#..
0001C1A0  09 08 14 04 81 FA 5A 01  1A FC 00 00 22 23 00 00  ......Z....."#..
0001C1B0  09 08 DA 05 39 F9 A0 FE  84 FC 00 00 22 23 00 00  ....9......."#..
0001C1C0  71 05 5A 07 45 FB DF FD  D1 FF 00 00 22 23 00 00  q.Z.E......."#..
0001C1D0  71 05 DA 05 16 F8 09 FF  96 FF 00 00 22 23 00 00  q..........."#..
0001C1E0  09 08 DA 05 39 F9 A0 FE  84 FC 00 00 22 23 00 00  ....9......."#..
0001C1F0  09 08 5A 07 00 FC 97 FD  33 FD 00 00 22 23 00 00  ..Z.....3..."#..
0001C200  20 01 60 0D 1E FC E8 FE  CA 04 00 00 22 23 00 00   .`........."#..
0001C210  A0 02 60 0D BA FA 13 FE  A5 05 00 00 22 23 00 00  ..`........."#..
0001C220  A0 02 A0 0B A3 FB 3A FC  EB 04 00 00 22 23 00 00  ......:....."#..
0001C230  20 01 A0 0B D9 FD 59 FD  8A 03 00 00 22 23 00 00   .....Y....."#..
0001C240  20 01 60 0D 1E FC E8 FE  CA 04 00 00 22 23 00 00   .`........."#..
0001C250  20 01 00 10 99 FB 10 FE  40 03 00 00 22 23 00 00   .......@..."#..
0001C260  A0 02 00 10 AA FA 74 FD  E9 03 00 00 22 23 00 00  ......t....."#..
0001C270  A0 02 60 0D BA FA 13 FE  A5 05 00 00 22 23 00 00  ..`........."#..
0001C280  20 01 A0 12 D9 FD 59 FD  8A 03 00 00 22 23 00 00   .....Y....."#..
0001C290  A0 02 A0 12 A3 FB 3A FC  EB 04 00 00 22 23 00 00  ......:....."#..
0001C2A0  A0 02 00 10 AA FA 74 FD  E9 03 00 00 22 23 00 00  ......t....."#..
0001C2B0  20 01 00 10 99 FB 10 FE  40 03 00 00 22 23 00 00   .......@..."#..
0001C2C0  A0 02 60 0D BA FA 13 FE  A5 05 00 00 22 23 00 00  ..`........."#..
0001C2D0  A0 02 00 10 AA FA 74 FD  E9 03 00 00 22 23 00 00  ......t....."#..
0001C2E0  20 05 00 10 6F F9 2C FD  8E 03 00 00 22 23 00 00   ...o.,....."#..
0001C2F0  20 05 60 0D AB F8 5F FD  C3 04 00 00 22 23 00 00   .`..._....."#..
0001C300  A0 02 A0 12 A3 FB 3A FC  EB 04 00 00 22 23 00 00  ......:....."#..
0001C310  20 05 A0 12 56 F9 C8 FB  1C 04 00 00 22 23 00 00   ...V......."#..
0001C320  20 05 00 10 6F F9 2C FD  8E 03 00 00 22 23 00 00   ...o.,....."#..
0001C330  A0 02 00 10 AA FA 74 FD  E9 03 00 00 22 23 00 00  ......t....."#..
0001C340  A0 02 60 0D BA FA 13 FE  A5 05 00 00 22 23 00 00  ..`........."#..
0001C350  20 05 60 0D AB F8 5F FD  C3 04 00 00 22 23 00 00   .`..._....."#..
0001C360  20 05 A0 0B 56 F9 C8 FB  1C 04 00 00 22 23 00 00   ...V......."#..
0001C370  A0 02 A0 0B A3 FB 3A FC  EB 04 00 00 01 00 00 00  ......:.........
0001C380  08 00 00 00 02 00 11 7C  08 00 00 00 03 00 00 00  .......|........
0001C390  60 0E 00 00 E4 00 10 29  00 00 00 00 00 00 00 00  `......)........
0001C3A0  00 00 00 00 00 00 00 00  00 00 00 00 22 23 00 00  ............"#..
0001C3B0  A0 02 60 0D FD F5 ED 00  A9 04 00 00 22 23 00 00  ..`........."#..
0001C3C0  A0 02 00 10 2F F8 18 00  37 03 00 00 22 23 00 00  ..../...7..."#..
0001C3D0  20 00 20 0F 3E F9 27 00  DB 03 00 00 22 23 00 00   . .>.'....."#..
0001C3E0  20 00 20 0F E7 F8 25 00  32 02 00 00 22 23 00 00   . ...%.2..."#..
0001C3F0  A0 02 60 0D AB F5 07 01  26 03 00 00 22 23 00 00  ..`.....&..."#..
0001C400  20 00 60 0D 36 F9 3F 02  29 02 00 00 22 23 00 00   .`.6.?.)..."#..
0001C410  20 00 E0 10 3E F9 27 00  DB 03 00 00 22 23 00 00   ...>.'....."#..
0001C420  A0 02 00 10 2F F8 18 00  37 03 00 00 22 23 00 00  ..../...7..."#..
0001C430  20 00 20 0F E7 F8 25 00  32 02 00 00 22 23 00 00   . ...%.2..."#..
0001C440  A0 02 60 0D 3A F5 EE 00  DA 01 00 00 22 23 00 00  ..`.:......."#..
0001C450  A0 02 00 10 B7 F7 34 00  1B 01 00 00 22 23 00 00  ......4....."#..
0001C460  20 00 20 0F EE F8 3F 00  D3 01 00 00 22 23 00 00   . ...?....."#..
0001C470  20 00 20 0F 81 F8 49 00  14 00 00 00 22 23 00 00   . ...I....."#..
0001C480  A0 02 60 0D 28 F5 06 01  2F 00 00 00 22 23 00 00  ..`.(.../..."#..
0001C490  20 00 60 0D E8 F8 85 02  14 00 00 00 22 23 00 00   .`........."#..
0001C4A0  20 00 E0 10 EE F8 3F 00  D3 01 00 00 22 23 00 00   .....?....."#..
0001C4B0  A0 02 00 10 B7 F7 34 00  1B 01 00 00 22 23 00 00  ......4....."#..
0001C4C0  20 00 20 0F 81 F8 49 00  14 00 00 00 22 23 00 00   . ...I....."#..
0001C4D0  20 05 60 0D B7 F7 DC FD  A3 FF 00 00 22 23 00 00   .`........."#..
0001C4E0  20 05 20 0F B1 F8 16 FE  D4 FF 00 00 22 23 00 00   . ........."#..
0001C4F0  A0 02 60 0D 4C F6 64 00  2F FF 00 00 22 23 00 00  ..`.L.d./..."#..
0001C500  20 05 20 0F 06 F9 ED FD  6C FE 00 00 22 23 00 00   . .....l..."#..
0001C510  20 05 60 0D 0C F8 B3 FD  3A FE 00 00 22 23 00 00   .`.....:..."#..
0001C520  A0 02 60 0D B7 F6 09 00  A7 FD 00 00 22 23 00 00  ..`........."#..
0001C530  A0 02 00 10 8E F8 AF FF  EA FE 00 00 22 23 00 00  ............"#..
0001C540  20 05 E0 10 B1 F8 16 FE  D4 FF 00 00 22 23 00 00   ..........."#..
0001C550  20 05 20 0F 06 F9 ED FD  6C FE 00 00 22 23 00 00   . .....l..."#..
0001C560  20 00 20 0F D1 FA 8A 00  CE FE 00 00 22 23 00 00   . ........."#..
0001C570  20 00 60 0D BB FA 07 02  4F FE 00 00 22 23 00 00   .`.....O..."#..
0001C580  A0 02 60 0D E3 F8 7E FF  B3 FC 00 00 22 23 00 00  ..`...~....."#..
0001C590  20 00 80 0C 82 FA A3 01  A1 FC 00 00 22 23 00 00   ..........."#..
0001C5A0  A0 02 60 0D E3 F8 7E FF  B3 FC 00 00 22 23 00 00  ..`...~....."#..
0001C5B0  20 00 60 0D BB FA 07 02  4F FE 00 00 22 23 00 00   .`.....O..."#..
0001C5C0  20 00 20 0F B3 FB F1 FF  55 FD 00 00 22 23 00 00   . .....U..."#..
0001C5D0  A0 02 60 0D D9 F9 6C FF  BC FB 00 00 22 23 00 00  ..`...l....."#..
0001C5E0  20 00 60 0D 9E FB 45 01  DD FC 00 00 22 23 00 00   .`...E....."#..
0001C5F0  20 00 E0 10 D1 FA 8A 00  CE FE 00 00 22 23 00 00   ..........."#..
0001C600  A0 02 00 10 B6 FA AA FF  BB FD 00 00 22 23 00 00  ............"#..
0001C610  20 00 20 0F B3 FB F1 FF  55 FD 00 00 22 23 00 00   . .....U..."#..
0001C620  B5 05 60 04 63 F9 20 02  D0 03 00 00 22 23 00 00  ..`.c. ....."#..
0001C630  12 04 71 04 3E F9 27 00  DB 03 00 00 22 23 00 00  ..q.>.'....."#..
0001C640  B6 04 45 02 8D FB B3 00  81 04 00 00 22 23 00 00  ..E........."#..
0001C650  B5 08 20 00 D1 FE C1 02  6F FF 00 00 22 23 00 00  .. .....o..."#..
0001C660  B5 05 60 04 63 F9 20 02  D0 03 00 00 22 23 00 00  ..`.c. ....."#..
0001C670  75 06 20 00 C2 FE D3 01  52 03 00 00 22 23 00 00  u. .....R..."#..
0001C680  B5 08 20 00 D1 FE C1 02  6F FF 00 00 22 23 00 00  .. .....o..."#..
0001C690  B5 0A 20 00 C2 FE 51 00  2A FD 00 00 22 23 00 00  .. ...Q.*..."#..
0001C6A0  75 0A E0 03 82 FA A3 01  A1 FC 00 00 22 23 00 00  u..........."#..
0001C6B0  E0 0C A0 0C E3 FB 65 FF  8E 00 00 00 22 23 00 00  ......e....."#..
0001C6C0  E0 0F 20 0D 81 F8 49 00  14 00 00 00 22 23 00 00  .. ...I....."#..
0001C6D0  20 0F E0 0F 03 FB 0B 00  38 FD 00 00 22 23 00 00   .......8..."#..
0001C6E0  35 08 32 05 81 F8 49 00  14 00 00 00 22 23 00 00  5.2...I....."#..
0001C6F0  75 0A E0 03 82 FA A3 01  A1 FC 00 00 22 23 00 00  u..........."#..
0001C700  75 0A 32 05 03 FB 0B 00  38 FD 00 00 22 23 00 00  u.2.....8..."#..
0001C710  20 05 A0 06 D1 FE C1 02  6F FF 00 00 22 23 00 00   .......o..."#..
0001C720  20 00 A0 06 C2 FE D3 01  52 03 00 00 22 23 00 00   .......R..."#..
0001C730  A0 02 20 09 37 01 98 00  03 00 00 00 22 23 00 00  .. .7......."#..
0001C740  75 03 20 00 C2 FE 57 FE  4C 03 00 00 22 23 00 00  u. ...W.L..."#..
0001C750  75 06 20 00 C2 FE D3 01  52 03 00 00 22 23 00 00  u. .....R..."#..
0001C760  60 02 20 01 39 FD 98 FD  97 04 00 00 22 23 00 00  `. .9......."#..
0001C770  B6 04 45 02 8D FB B3 00  81 04 00 00 22 23 00 00  ..E........."#..
0001C780  75 06 20 00 C2 FE D3 01  52 03 00 00 22 23 00 00  u. .....R..."#..
0001C790  B5 05 60 04 63 F9 20 02  D0 03 00 00 22 23 00 00  ..`.c. ....."#..
0001C7A0  B5 08 20 00 D1 FE C1 02  6F FF 00 00 22 23 00 00  .. .....o..."#..
0001C7B0  75 0A E0 03 82 FA A3 01  A1 FC 00 00 22 23 00 00  u..........."#..
0001C7C0  35 08 60 04 E8 F8 85 02  14 00 00 00 22 23 00 00  5.`........."#..
0001C7D0  A0 02 20 09 37 01 98 00  03 00 00 00 22 23 00 00  .. .7......."#..
0001C7E0  20 00 23 09 C2 FE 57 FE  4C 03 00 00 22 23 00 00   .#...W.L..."#..
0001C7F0  A0 02 20 0B C2 FE A4 FD  9E FF 00 00 22 23 00 00  .. ........."#..
0001C800  A0 02 20 09 37 01 98 00  03 00 00 00 22 23 00 00  .. .7......."#..
0001C810  20 00 A0 06 C2 FE D3 01  52 03 00 00 22 23 00 00   .......R..."#..
0001C820  20 00 23 09 C2 FE 57 FE  4C 03 00 00 22 23 00 00   .#...W.L..."#..
0001C830  20 05 20 09 C2 FE 51 00  2A FD 00 00 22 23 00 00   . ...Q.*..."#..
0001C840  20 05 A0 06 D1 FE C1 02  6F FF 00 00 22 23 00 00   .......o..."#..
0001C850  A0 02 20 09 37 01 98 00  03 00 00 00 22 23 00 00  .. .7......."#..
0001C860  B5 08 20 00 D1 FE C1 02  6F FF 00 00 22 23 00 00  .. .....o..."#..
0001C870  35 08 60 04 E8 F8 85 02  14 00 00 00 22 23 00 00  5.`........."#..
0001C880  B5 05 60 04 63 F9 20 02  D0 03 00 00 22 23 00 00  ..`.c. ....."#..
0001C890  B5 05 32 05 3E F9 27 00  DB 03 00 00 22 23 00 00  ..2.>.'....."#..
0001C8A0  B5 05 60 04 63 F9 20 02  D0 03 00 00 22 23 00 00  ..`.c. ....."#..
0001C8B0  35 08 32 05 81 F8 49 00  14 00 00 00 22 23 00 00  5.2...I....."#..
0001C8C0  A0 02 20 02 88 FB 1F FF  D0 05 00 00 22 23 00 00  .. ........."#..
0001C8D0  B6 04 45 02 8D FB B3 00  81 04 00 00 22 23 00 00  ..E........."#..
0001C8E0  A0 02 60 03 A9 FA DF FE  57 04 00 00 22 23 00 00  ..`.....W..."#..
0001C8F0  B6 04 45 02 8D FB B3 00  81 04 00 00 22 23 00 00  ..E........."#..
0001C900  A0 02 20 02 88 FB 1F FF  D0 05 00 00 22 23 00 00  .. ........."#..
0001C910  75 06 20 00 C2 FE D3 01  52 03 00 00 22 23 00 00  u. .....R..."#..
0001C920  60 0B E0 08 39 FD 98 FD  97 04 00 00 22 23 00 00  `...9......."#..
0001C930  E0 0B A0 0B 64 FC 5A FD  D3 01 00 00 22 23 00 00  ....d.Z....."#..
0001C940  A0 0A A0 0D C2 FE A4 FD  9E FF 00 00 22 23 00 00  ............"#..
0001C950  E0 0C A0 0C E3 FB 65 FF  8E 00 00 00 22 23 00 00  ......e....."#..
0001C960  60 0D E0 09 A9 FA DF FE  57 04 00 00 22 23 00 00  `.......W..."#..
0001C970  20 0F E0 09 3E F9 27 00  DB 03 00 00 22 23 00 00   ...>.'....."#..
0001C980  E0 0B A0 0B 64 FC 5A FD  D3 01 00 00 22 23 00 00  ....d.Z....."#..
0001C990  C0 0C 1A 0A 61 FB 78 FD  B0 03 00 00 22 23 00 00  ....a.x....."#..
0001C9A0  E0 0C A0 0C E3 FB 65 FF  8E 00 00 00 22 23 00 00  ......e....."#..
0001C9B0  A0 0A A0 0D C2 FE A4 FD  9E FF 00 00 22 23 00 00  ............"#..
0001C9C0  E0 0B A0 0B 64 FC 5A FD  D3 01 00 00 22 23 00 00  ....d.Z....."#..
0001C9D0  E0 0C A0 0C E3 FB 65 FF  8E 00 00 00 22 23 00 00  ......e....."#..
0001C9E0  A0 0A E0 0F C2 FE 51 00  2A FD 00 00 22 23 00 00  ......Q.*..."#..
0001C9F0  A0 0A A0 0D C2 FE A4 FD  9E FF 00 00 22 23 00 00  ............"#..
0001CA00  20 0F E0 0F 03 FB 0B 00  38 FD 00 00 22 23 00 00   .......8..."#..
0001CA10  E0 0C A0 0C E3 FB 65 FF  8E 00 00 00 22 23 00 00  ......e....."#..
0001CA20  20 0F E0 09 3E F9 27 00  DB 03 00 00 22 23 00 00   ...>.'....."#..
0001CA30  E0 0F 20 0D 81 F8 49 00  14 00 00 00 22 23 00 00  .. ...I....."#..
0001CA40  B5 0A 20 00 C2 FE 51 00  2A FD 00 00 22 23 00 00  .. ...Q.*..."#..
0001CA50  4D 0B 3B 03 03 FB 0B 00  38 FD 00 00 22 23 00 00  M.;.....8..."#..
0001CA60  75 0A E0 03 82 FA A3 01  A1 FC 00 00 22 23 00 00  u..........."#..
0001CA70  A0 0A A0 0D C2 FE A4 FD  9E FF 00 00 22 23 00 00  ............"#..
0001CA80  E0 0C A0 0C E3 FB 65 FF  8E 00 00 00 22 23 00 00  ......e....."#..
0001CA90  20 0F E0 0F 03 FB 0B 00  38 FD 00 00 22 23 00 00   .......8..."#..
0001CAA0  20 05 20 09 C2 FE 51 00  2A FD 00 00 22 23 00 00   . ...Q.*..."#..
0001CAB0  A0 02 20 09 37 01 98 00  03 00 00 00 22 23 00 00  .. .7......."#..
0001CAC0  A0 02 20 0B C2 FE A4 FD  9E FF 00 00 22 23 00 00  .. ........."#..
0001CAD0  A0 0A 20 0A C2 FE 57 FE  4C 03 00 00 22 23 00 00  .. ...W.L..."#..
0001CAE0  60 0B E0 08 39 FD 98 FD  97 04 00 00 22 23 00 00  `...9......."#..
0001CAF0  A0 0A A0 0D C2 FE A4 FD  9E FF 00 00 22 23 00 00  ............"#..
0001CB00  12 04 71 04 3E F9 27 00  DB 03 00 00 22 23 00 00  ..q.>.'....."#..
0001CB10  A0 02 60 03 A9 FA DF FE  57 04 00 00 22 23 00 00  ..`.....W..."#..
0001CB20  B6 04 45 02 8D FB B3 00  81 04 00 00 22 23 00 00  ..E........."#..
0001CB30  35 08 32 05 81 F8 49 00  14 00 00 00 22 23 00 00  5.2...I....."#..
0001CB40  35 08 60 04 E8 F8 85 02  14 00 00 00 22 23 00 00  5.`........."#..
0001CB50  75 0A E0 03 82 FA A3 01  A1 FC 00 00 22 23 00 00  u..........."#..
0001CB60  B5 05 60 04 63 F9 20 02  D0 03 00 00 22 23 00 00  ..`.c. ....."#..
0001CB70  35 08 60 04 E8 F8 85 02  14 00 00 00 22 23 00 00  5.`........."#..
0001CB80  35 08 32 05 81 F8 49 00  14 00 00 00 22 23 00 00  5.2...I....."#..
0001CB90  C0 0C 1A 0A 61 FB 78 FD  B0 03 00 00 22 23 00 00  ....a.x....."#..
0001CBA0  60 0D E0 09 A9 FA DF FE  57 04 00 00 22 23 00 00  `.......W..."#..
0001CBB0  E0 0C A0 0C E3 FB 65 FF  8E 00 00 00 22 23 00 00  ......e....."#..
0001CBC0  A0 02 60 03 A9 FA DF FE  57 04 00 00 22 23 00 00  ..`.....W..."#..
0001CBD0  20 02 60 03 61 FB 78 FD  B0 03 00 00 22 23 00 00   .`.a.x....."#..
0001CBE0  A0 02 20 02 88 FB 1F FF  D0 05 00 00 22 23 00 00  .. ........."#..
0001CBF0  E0 0B A0 0B 64 FC 5A FD  D3 01 00 00 22 23 00 00  ....d.Z....."#..
0001CC00  60 0B E0 08 39 FD 98 FD  97 04 00 00 22 23 00 00  `...9......."#..
0001CC10  C0 0C 1A 0A 61 FB 78 FD  B0 03 00 00 22 23 00 00  ....a.x....."#..
0001CC20  75 06 20 00 C2 FE D3 01  52 03 00 00 22 23 00 00  u. .....R..."#..
0001CC30  A0 02 20 02 88 FB 1F FF  D0 05 00 00 22 23 00 00  .. ........."#..
0001CC40  60 02 20 01 39 FD 98 FD  97 04 00 00 22 23 00 00  `. .9......."#..
0001CC50  20 05 20 0F 32 F8 C2 FE  01 04 00 00 22 23 00 00   . .2......."#..
0001CC60  A0 02 00 10 2F F8 18 00  37 03 00 00 22 23 00 00  ..../...7..."#..
0001CC70  A0 02 60 0D FD F5 ED 00  A9 04 00 00 22 23 00 00  ..`........."#..
0001CC80  20 05 20 0F D3 F7 CC FE  98 02 00 00 22 23 00 00   . ........."#..
0001CC90  20 05 60 0D EE F6 5B FE  D4 02 00 00 22 23 00 00   .`...[....."#..
0001CCA0  A0 02 60 0D AB F5 07 01  26 03 00 00 22 23 00 00  ..`.....&..."#..
0001CCB0  A0 02 00 10 2F F8 18 00  37 03 00 00 22 23 00 00  ..../...7..."#..
0001CCC0  20 05 E0 10 32 F8 C2 FE  01 04 00 00 22 23 00 00   ...2......."#..
0001CCD0  20 05 20 0F D3 F7 CC FE  98 02 00 00 22 23 00 00   . ........."#..
0001CCE0  A0 02 00 10 B7 F7 34 00  1B 01 00 00 22 23 00 00  ......4....."#..
0001CCF0  20 05 E0 10 D6 F7 3E FE  D1 01 00 00 22 23 00 00   .....>....."#..
0001CD00  20 05 20 0F C4 F7 54 FE  66 00 00 00 22 23 00 00   . ...T.f..."#..
0001CD10  20 05 20 0F D6 F7 3E FE  D1 01 00 00 22 23 00 00   . ...>....."#..
0001CD20  A0 02 00 10 B7 F7 34 00  1B 01 00 00 22 23 00 00  ......4....."#..
0001CD30  A0 02 60 0D 3A F5 EE 00  DA 01 00 00 22 23 00 00  ..`.:......."#..
0001CD40  20 05 20 0F C4 F7 54 FE  66 00 00 00 22 23 00 00   . ...T.f..."#..
0001CD50  20 05 60 0D CE F6 F7 FD  70 00 00 00 22 23 00 00   .`.....p..."#..
0001CD60  A0 02 60 0D 28 F5 06 01  2F 00 00 00 22 23 00 00  ..`.(.../..."#..
0001CD70  20 00 E0 10 93 F9 25 00  0C 00 00 00 22 23 00 00   .....%....."#..
0001CD80  A0 02 00 10 8E F8 AF FF  EA FE 00 00 22 23 00 00  ............"#..
0001CD90  20 00 20 0F 39 FA 17 00  5A FE 00 00 22 23 00 00   . .9...Z..."#..
0001CDA0  20 00 20 0F 39 FA 17 00  5A FE 00 00 22 23 00 00   . .9...Z..."#..
0001CDB0  A0 02 60 0D B7 F6 09 00  A7 FD 00 00 22 23 00 00  ..`........."#..
0001CDC0  20 00 60 0D FF F9 E9 01  0F FE 00 00 22 23 00 00   .`........."#..
0001CDD0  20 00 20 0F 93 F9 25 00  0C 00 00 00 22 23 00 00   . ...%....."#..
0001CDE0  20 00 60 0D 24 F9 61 02  B3 FF 00 00 22 23 00 00   .`.$.a....."#..
0001CDF0  A0 02 60 0D 4C F6 64 00  2F FF 00 00 22 23 00 00  ..`.L.d./..."#..
0001CE00  20 05 20 0F EA FA C6 FD  79 FD 00 00 22 23 00 00   . .....y..."#..
0001CE10  20 05 60 0D 59 FA 7C FD  D4 FC 00 00 22 23 00 00   .`.Y.|....."#..
0001CE20  A0 02 60 0D D9 F9 6C FF  BC FB 00 00 22 23 00 00  ..`...l....."#..
0001CE30  A0 02 00 10 B6 FA AA FF  BB FD 00 00 22 23 00 00  ............"#..
0001CE40  20 05 E0 10 EB F9 E8 FD  46 FE 00 00 22 23 00 00   .......F..."#..
0001CE50  20 05 20 0F EA FA C6 FD  79 FD 00 00 22 23 00 00   . .....y..."#..
0001CE60  20 05 20 0F EB F9 E8 FD  46 FE 00 00 22 23 00 00   . .....F..."#..
0001CE70  A0 02 00 10 B6 FA AA FF  BB FD 00 00 22 23 00 00  ............"#..
0001CE80  A0 02 60 0D E3 F8 7E FF  B3 FC 00 00 22 23 00 00  ..`...~....."#..
0001CE90  20 05 60 0D 4E F7 50 FE  3C 04 00 00 22 23 00 00   .`.N.P.<..."#..
0001CEA0  20 05 20 0F 32 F8 C2 FE  01 04 00 00 22 23 00 00   . .2......."#..
0001CEB0  A0 02 60 0D FD F5 ED 00  A9 04 00 00 22 23 00 00  ..`........."#..
0001CEC0  A0 02 60 0D FD F5 ED 00  A9 04 00 00 22 23 00 00  ..`........."#..
0001CED0  20 00 20 0F 3E F9 27 00  DB 03 00 00 22 23 00 00   . .>.'....."#..
0001CEE0  20 00 60 0D 63 F9 20 02  D0 03 00 00 22 23 00 00   .`.c. ....."#..
0001CEF0  A0 02 00 10 2F F8 18 00  37 03 00 00 22 23 00 00  ..../...7..."#..
0001CF00  20 05 20 0F D3 F7 CC FE  98 02 00 00 22 23 00 00   . ........."#..
0001CF10  A0 02 60 0D AB F5 07 01  26 03 00 00 22 23 00 00  ..`.....&..."#..
0001CF20  20 00 20 0F E7 F8 25 00  32 02 00 00 22 23 00 00   . ...%.2..."#..
0001CF30  A0 02 00 10 2F F8 18 00  37 03 00 00 22 23 00 00  ..../...7..."#..
0001CF40  A0 02 60 0D AB F5 07 01  26 03 00 00 22 23 00 00  ..`.....&..."#..
0001CF50  A0 02 60 0D 3A F5 EE 00  DA 01 00 00 22 23 00 00  ..`.:......."#..
0001CF60  20 00 20 0F EE F8 3F 00  D3 01 00 00 22 23 00 00   . ...?....."#..
0001CF70  20 00 60 0D 40 F9 49 02  D2 01 00 00 22 23 00 00   .`.@.I....."#..
0001CF80  20 05 60 0D E0 F6 E1 FD  DC 01 00 00 22 23 00 00   .`........."#..
0001CF90  20 05 20 0F D6 F7 3E FE  D1 01 00 00 22 23 00 00   . ...>....."#..
0001CFA0  A0 02 60 0D 3A F5 EE 00  DA 01 00 00 22 23 00 00  ..`.:......."#..
0001CFB0  A0 02 00 10 B7 F7 34 00  1B 01 00 00 22 23 00 00  ......4....."#..
0001CFC0  20 05 20 0F C4 F7 54 FE  66 00 00 00 22 23 00 00   . ...T.f..."#..
0001CFD0  A0 02 60 0D 28 F5 06 01  2F 00 00 00 22 23 00 00  ..`.(.../..."#..
0001CFE0  20 00 20 0F 81 F8 49 00  14 00 00 00 22 23 00 00   . ...I....."#..
0001CFF0  A0 02 00 10 B7 F7 34 00  1B 01 00 00 22 23 00 00  ......4....."#..
0001D000  A0 02 60 0D 28 F5 06 01  2F 00 00 00 22 23 00 00  ..`.(.../..."#..
0001D010  A0 02 00 10 8E F8 AF FF  EA FE 00 00 22 23 00 00  ............"#..
0001D020  20 00 20 0F 93 F9 25 00  0C 00 00 00 22 23 00 00   . ...%....."#..
0001D030  A0 02 60 0D 4C F6 64 00  2F FF 00 00 22 23 00 00  ..`.L.d./..."#..
0001D040  20 05 20 0F B1 F8 16 FE  D4 FF 00 00 22 23 00 00   . ........."#..
0001D050  A0 02 00 10 8E F8 AF FF  EA FE 00 00 22 23 00 00  ............"#..
0001D060  A0 02 60 0D 4C F6 64 00  2F FF 00 00 22 23 00 00  ..`.L.d./..."#..
0001D070  A0 02 00 10 8E F8 AF FF  EA FE 00 00 22 23 00 00  ............"#..
0001D080  20 05 20 0F 06 F9 ED FD  6C FE 00 00 22 23 00 00   . .....l..."#..
0001D090  A0 02 60 0D B7 F6 09 00  A7 FD 00 00 22 23 00 00  ..`........."#..
0001D0A0  20 00 20 0F 39 FA 17 00  5A FE 00 00 22 23 00 00   . .9...Z..."#..
0001D0B0  A0 02 00 10 8E F8 AF FF  EA FE 00 00 22 23 00 00  ............"#..
0001D0C0  A0 02 60 0D B7 F6 09 00  A7 FD 00 00 22 23 00 00  ..`........."#..
0001D0D0  A0 02 00 10 B6 FA AA FF  BB FD 00 00 22 23 00 00  ............"#..
0001D0E0  20 00 20 0F D1 FA 8A 00  CE FE 00 00 22 23 00 00   . ........."#..
0001D0F0  A0 02 60 0D E3 F8 7E FF  B3 FC 00 00 22 23 00 00  ..`...~....."#..
0001D100  20 05 60 0D 5A F9 9E FD  A2 FD 00 00 22 23 00 00   .`.Z......."#..
0001D110  20 05 20 0F EB F9 E8 FD  46 FE 00 00 22 23 00 00   . .....F..."#..
0001D120  A0 02 60 0D E3 F8 7E FF  B3 FC 00 00 22 23 00 00  ..`...~....."#..
0001D130  A0 02 00 10 B6 FA AA FF  BB FD 00 00 22 23 00 00  ............"#..
0001D140  20 05 20 0F EA FA C6 FD  79 FD 00 00 22 23 00 00   . .....y..."#..
0001D150  A0 02 60 0D D9 F9 6C FF  BC FB 00 00 22 23 00 00  ..`...l....."#..
0001D160  20 00 20 0F B3 FB F1 FF  55 FD 00 00 22 23 00 00   . .....U..."#..
0001D170  A0 02 00 10 B6 FA AA FF  BB FD 00 00 22 23 00 00  ............"#..
0001D180  A0 02 60 0D D9 F9 6C FF  BC FB 00 00 22 23 00 00  ..`...l....."#..
0001D190  20 00 A0 0B 9E FB 45 01  DD FC 00 00 22 23 00 00   .....E....."#..
0001D1A0  A0 02 A0 0B D9 F9 6C FF  BC FB 00 00 22 23 00 00  ......l....."#..
0001D1B0  20 00 80 0C 82 FA A3 01  A1 FC 00 00 22 23 00 00   ..........."#..
0001D1C0  A0 02 A0 0B D9 F9 6C FF  BC FB 00 00 22 23 00 00  ......l....."#..
0001D1D0  A0 02 60 0D E3 F8 7E FF  B3 FC 00 00 22 23 00 00  ..`...~....."#..
0001D1E0  20 00 80 0C 82 FA A3 01  A1 FC 00 00 04 00 00 00   ...............
0001D1F0  20 05 00 00 50 00 10 29  00 00 00 00 00 00 00 00   ...P..)........
0001D200  00 00 00 00 00 00 00 00  00 00 00 00 22 23 00 00  ............"#..
0001D210  20 00 60 0D 36 F9 3F 02  29 02 00 00 22 23 00 00   .`.6.?.)..."#..
0001D220  A0 02 60 0D AB F5 07 01  26 03 00 00 22 23 00 00  ..`.....&..."#..
0001D230  A0 02 A0 0B FD F5 ED 00  A9 04 00 00 22 23 00 00  ............"#..
0001D240  20 00 A0 0B 63 F9 20 02  D0 03 00 00 22 23 00 00   ...c. ....."#..
0001D250  20 06 20 0F 32 F8 C2 FE  01 04 00 00 22 23 00 00   . .2......."#..
0001D260  20 06 60 0D 4E F7 50 FE  3C 04 00 00 22 23 00 00   .`.N.P.<..."#..
0001D270  20 05 60 0D EE F6 5B FE  D4 02 00 00 22 23 00 00   .`...[....."#..
0001D280  20 05 20 0F D3 F7 CC FE  98 02 00 00 22 23 00 00   . ........."#..
0001D290  20 00 60 0D E8 F8 85 02  14 00 00 00 22 23 00 00   .`........."#..
0001D2A0  A0 02 60 0D 28 F5 06 01  2F 00 00 00 22 23 00 00  ..`.(.../..."#..
0001D2B0  A0 02 A0 0B 3A F5 EE 00  DA 01 00 00 22 23 00 00  ....:......."#..
0001D2C0  20 00 A0 0B 40 F9 49 02  D2 01 00 00 22 23 00 00   ...@.I....."#..
0001D2D0  20 06 20 0F D6 F7 3E FE  D1 01 00 00 22 23 00 00   . ...>....."#..
0001D2E0  20 06 60 0D E0 F6 E1 FD  DC 01 00 00 22 23 00 00   .`........."#..
0001D2F0  20 05 60 0D CE F6 F7 FD  70 00 00 00 22 23 00 00   .`.....p..."#..
0001D300  20 05 20 0F C4 F7 54 FE  66 00 00 00 22 23 00 00   . ...T.f..."#..
0001D310  A0 02 60 0D B7 F6 09 00  A7 FD 00 00 22 23 00 00  ..`........."#..
0001D320  20 05 60 0D 0C F8 B3 FD  3A FE 00 00 22 23 00 00   .`.....:..."#..
0001D330  20 05 A0 0B B7 F7 DC FD  A3 FF 00 00 22 23 00 00   ..........."#..
0001D340  A0 02 A0 0B 4C F6 64 00  2F FF 00 00 22 23 00 00  ....L.d./..."#..
0001D350  20 06 20 0F B1 F8 16 FE  D4 FF 00 00 22 23 00 00   . ........."#..
0001D360  20 06 60 0D B7 F7 DC FD  A3 FF 00 00 22 23 00 00   .`........."#..
0001D370  20 05 60 0D 0C F8 B3 FD  3A FE 00 00 22 23 00 00   .`.....:..."#..
0001D380  20 05 20 0F 06 F9 ED FD  6C FE 00 00 22 23 00 00   . .....l..."#..
0001D390  20 06 20 0F EB F9 E8 FD  46 FE 00 00 22 23 00 00   . .....F..."#..
0001D3A0  20 06 60 0D 5A F9 9E FD  A2 FD 00 00 22 23 00 00   .`.Z......."#..
0001D3B0  20 05 60 0D 59 FA 7C FD  D4 FC 00 00 22 23 00 00   .`.Y.|....."#..
0001D3C0  20 05 20 0F EA FA C6 FD  79 FD 00 00 22 23 00 00   . .....y..."#..
0001D3D0  20 01 20 0F 61 FB 78 FD  B0 03 00 00 22 23 00 00   . .a.x....."#..
0001D3E0  20 03 20 0F BE FA E0 FC  B3 04 00 00 22 23 00 00   . ........."#..
0001D3F0  20 03 E0 10 1F FA 41 FE  44 05 00 00 22 23 00 00   .....A.D..."#..
0001D400  20 01 E0 10 A9 FA DF FE  57 04 00 00 22 23 00 00   .......W..."#..
0001D410  20 03 A0 0B 76 FA 99 FD  76 07 00 00 22 23 00 00   ...v...v..."#..
0001D420  20 05 A0 0B 8B F8 4C FD  3D 05 00 00 22 23 00 00   .....L.=..."#..
0001D430  20 05 60 0D 40 F9 3D FC  9D 04 00 00 22 23 00 00   .`.@.=....."#..
0001D440  20 03 60 0D 71 FB 3D FC  A8 06 00 00 22 23 00 00   .`.q.=....."#..
0001D450  20 03 60 0D 76 FA 99 FD  76 07 00 00 22 23 00 00   .`.v...v..."#..
0001D460  20 03 20 0F 1F FA 41 FE  44 05 00 00 22 23 00 00   . ...A.D..."#..
0001D470  20 05 20 0F 5C F9 25 FE  83 04 00 00 22 23 00 00   . .\.%....."#..
0001D480  20 05 60 0D 8B F8 4C FD  3D 05 00 00 22 23 00 00   .`...L.=..."#..
0001D490  20 06 20 0F EC F9 F4 FC  03 04 00 00 22 23 00 00   . ........."#..
0001D4A0  20 06 60 0D 40 F9 3D FC  9D 04 00 00 22 23 00 00   .`.@.=....."#..
0001D4B0  20 05 60 0D 8B F8 4C FD  3D 05 00 00 22 23 00 00   .`...L.=..."#..
0001D4C0  20 05 20 0F 5C F9 25 FE  83 04 00 00 22 23 00 00   . .\.%....."#..
0001D4D0  20 03 60 0D 71 FB 3D FC  A8 06 00 00 22 23 00 00   .`.q.=....."#..
0001D4E0  20 05 60 0D 40 F9 3D FC  9D 04 00 00 22 23 00 00   .`.@.=....."#..
0001D4F0  20 05 20 0F EC F9 F4 FC  03 04 00 00 22 23 00 00   . ........."#..
0001D500  20 03 20 0F BE FA E0 FC  B3 04 00 00 22 23 00 00   . ........."#..
0001D510  20 01 60 0D 88 FB 1F FF  D0 05 00 00 22 23 00 00   .`........."#..
0001D520  20 01 20 0F A9 FA DF FE  57 04 00 00 22 23 00 00   . .....W..."#..
0001D530  20 03 20 0F 1F FA 41 FE  44 05 00 00 22 23 00 00   . ...A.D..."#..
0001D540  20 03 60 0D 76 FA 99 FD  76 07 00 00 22 23 00 00   .`.v...v..."#..
0001D550  20 01 A0 0B 88 FB 1F FF  D0 05 00 00 22 23 00 00   ..........."#..
0001D560  20 03 A0 0B 76 FA 99 FD  76 07 00 00 22 23 00 00   ...v...v..."#..
0001D570  20 03 60 0D 71 FB 3D FC  A8 06 00 00 22 23 00 00   .`.q.=....."#..
0001D580  20 01 60 0D 39 FD 98 FD  97 04 00 00 22 23 00 00   .`.9......."#..
0001D590  20 01 60 0D 39 FD 98 FD  97 04 00 00 22 23 00 00   .`.9......."#..
0001D5A0  20 03 60 0D 71 FB 3D FC  A8 06 00 00 22 23 00 00   .`.q.=....."#..
0001D5B0  20 03 20 0F BE FA E0 FC  B3 04 00 00 22 23 00 00   . ........."#..
0001D5C0  20 01 20 0F 61 FB 78 FD  B0 03 00 00 22 23 00 00   . .a.x....."#..
0001D5D0  20 03 20 0F BE FA E0 FC  B3 04 00 00 22 23 00 00   . ........."#..
0001D5E0  20 05 20 0F EC F9 F4 FC  03 04 00 00 22 23 00 00   . ........."#..
0001D5F0  20 05 E0 10 5C F9 25 FE  83 04 00 00 22 23 00 00   ...\.%....."#..
0001D600  20 03 E0 10 1F FA 41 FE  44 05 00 00 22 23 00 00   .....A.D..."#..
0001D610  A0 02 60 0D AB F5 07 01  26 03 00 00 22 23 00 00  ..`.....&..."#..
0001D620  20 05 60 0D EE F6 5B FE  D4 02 00 00 22 23 00 00   .`...[....."#..
0001D630  20 05 A0 0B 4E F7 50 FE  3C 04 00 00 22 23 00 00   ...N.P.<..."#..
0001D640  A0 02 A0 0B FD F5 ED 00  A9 04 00 00 22 23 00 00  ............"#..
0001D650  A0 02 60 0D 28 F5 06 01  2F 00 00 00 22 23 00 00  ..`.(.../..."#..
0001D660  20 05 60 0D CE F6 F7 FD  70 00 00 00 22 23 00 00   .`.....p..."#..
0001D670  20 05 A0 0B E0 F6 E1 FD  DC 01 00 00 22 23 00 00   ..........."#..
0001D680  A0 02 A0 0B 3A F5 EE 00  DA 01 00 00 22 23 00 00  ....:......."#..
0001D690  20 00 60 0D FF F9 E9 01  0F FE 00 00 22 23 00 00   .`........."#..
0001D6A0  A0 02 60 0D B7 F6 09 00  A7 FD 00 00 22 23 00 00  ..`........."#..
0001D6B0  A0 02 A0 0B 4C F6 64 00  2F FF 00 00 22 23 00 00  ....L.d./..."#..
0001D6C0  20 00 A0 0B 24 F9 61 02  B3 FF 00 00 22 23 00 00   ...$.a....."#..
0001D6D0  A0 02 A0 0B D9 F9 6C FF  BC FB 00 00 22 23 00 00  ......l....."#..
0001D6E0  20 05 A0 0B 59 FA 7C FD  D4 FC 00 00 22 23 00 00   ...Y.|....."#..
0001D6F0  20 05 60 0D 5A F9 9E FD  A2 FD 00 00 22 23 00 00   .`.Z......."#..
0001D700  A0 02 60 0D E3 F8 7E FF  B3 FC 00 00 01 00 00 00  ..`...~.........
0001D710  08 00 00 00 02 00 01 7C  08 00 00 00 03 00 00 00  .......|........
0001D720  00 08 00 00 7E 00 10 29  00 00 00 00 00 00 00 00  ....~..)........
0001D730  00 00 00 00 00 00 00 00  00 00 00 00 22 23 00 00  ............"#..
0001D740  30 0F 90 03 5E 08 3A 03  0B 00 00 00 22 23 00 00  0...^.:....."#..
0001D750  30 0F 50 02 C7 06 A8 02  AB 03 00 00 22 23 00 00  0.P........."#..
0001D760  D0 0C 90 03 AD 0A 84 FB  98 FF 00 00 22 23 00 00  ............"#..
0001D770  D0 0C 90 03 AD 0A 84 FB  98 FF 00 00 22 23 00 00  ............"#..
0001D780  D0 0C 50 02 5D 08 A1 FA  FF 03 00 00 22 23 00 00  ..P.]......."#..
0001D790  B0 0B 50 02 5E 08 B6 F6  77 03 00 00 22 23 00 00  ..P.^...w..."#..
0001D7A0  B0 0B 70 04 CA 08 B1 F6  34 FB 00 00 22 23 00 00  ..p.....4..."#..
0001D7B0  D0 0C 10 05 80 08 CA FB  90 F8 00 00 22 23 00 00  ............"#..
0001D7C0  70 0B 90 03 ED 09 A5 F5  61 FF 00 00 22 23 00 00  p.......a..."#..
0001D7D0  F0 10 10 06 00 00 25 07  8A 00 00 00 22 23 00 00  ......%....."#..
0001D7E0  30 0F 10 05 D1 06 72 03  29 FB 00 00 22 23 00 00  0.....r.)..."#..
0001D7F0  30 0F 70 07 00 00 15 03  93 F9 00 00 22 23 00 00  0.p........."#..
0001D800  F0 10 F0 02 00 00 25 07  8A 00 00 00 22 23 00 00  ......%....."#..
0001D810  30 0F 50 02 C7 06 A8 02  AB 03 00 00 22 23 00 00  0.P........."#..
0001D820  30 0F 90 03 5E 08 3A 03  0B 00 00 00 22 23 00 00  0...^.:....."#..
0001D830  30 0F 50 02 39 F9 A8 02  AB 03 00 00 22 23 00 00  0.P.9......."#..
0001D840  D0 0C 90 03 53 F5 84 FB  98 FF 00 00 22 23 00 00  ....S......."#..
0001D850  D0 0C 50 02 A3 F7 A1 FA  FF 03 00 00 22 23 00 00  ..P........."#..
0001D860  D0 0C 50 02 5D 08 A1 FA  FF 03 00 00 22 23 00 00  ..P.]......."#..
0001D870  30 0F 10 00 00 00 D2 01  40 06 00 00 22 23 00 00  0.......@..."#..
0001D880  90 0C 10 00 00 00 44 F9  41 06 00 00 22 23 00 00  ......D.A..."#..
0001D890  D0 0C 90 03 53 F5 84 FB  98 FF 00 00 22 23 00 00  ....S......."#..
0001D8A0  B0 0B 50 02 A2 F7 B6 F6  77 03 00 00 22 23 00 00  ..P.....w..."#..
0001D8B0  D0 0C 50 02 A3 F7 A1 FA  FF 03 00 00 22 23 00 00  ..P........."#..
0001D8C0  D0 0C 10 05 80 08 CA FB  90 F8 00 00 22 23 00 00  ............"#..
0001D8D0  50 0B 70 07 00 00 5E F5  96 F9 00 00 22 23 00 00  P.p...^....."#..
0001D8E0  10 0D 70 07 00 00 73 FC  39 F7 00 00 22 23 00 00  ..p...s.9..."#..
0001D8F0  D0 0C 90 03 53 F5 84 FB  98 FF 00 00 22 23 00 00  ....S......."#..
0001D900  70 0B 90 03 13 F6 A5 F5  61 FF 00 00 22 23 00 00  p.......a..."#..
0001D910  B0 0B 50 02 A2 F7 B6 F6  77 03 00 00 22 23 00 00  ..P.....w..."#..
0001D920  30 0F 90 03 A2 F7 3A 03  0B 00 00 00 22 23 00 00  0.....:....."#..
0001D930  F0 10 70 04 00 00 25 07  8A 00 00 00 22 23 00 00  ..p...%....."#..
0001D940  30 0F 10 05 2F F9 72 03  29 FB 00 00 22 23 00 00  0.../.r.)..."#..
0001D950  F0 10 10 01 00 00 25 07  8A 00 00 00 22 23 00 00  ......%....."#..
0001D960  30 0F 10 00 00 00 D2 01  40 06 00 00 22 23 00 00  0.......@..."#..
0001D970  30 0F 50 02 C7 06 A8 02  AB 03 00 00 22 23 00 00  0.P........."#..
0001D980  70 0B D0 00 E3 02 A5 F5  DA 04 00 00 22 23 00 00  p..........."#..
0001D990  50 0A 50 02 4A 06 F8 F3  3D FF 00 00 22 23 00 00  P.P.J...=..."#..
0001D9A0  B0 0B 50 02 5E 08 B6 F6  77 03 00 00 22 23 00 00  ..P.^...w..."#..
0001D9B0  F0 10 10 01 00 00 25 07  8A 00 00 00 22 23 00 00  ......%....."#..
0001D9C0  30 0F 50 02 39 F9 A8 02  AB 03 00 00 22 23 00 00  0.P.9......."#..
0001D9D0  30 0F 10 00 00 00 D2 01  40 06 00 00 22 23 00 00  0.......@..."#..
0001D9E0  90 0C 10 00 00 00 44 F9  41 06 00 00 22 23 00 00  ......D.A..."#..
0001D9F0  30 0F 10 00 00 00 D2 01  40 06 00 00 22 23 00 00  0.......@..."#..
0001DA00  D0 0C 50 02 A3 F7 A1 FA  FF 03 00 00 22 23 00 00  ..P........."#..
0001DA10  70 0B D0 00 1D FD A5 F5  DA 04 00 00 22 23 00 00  p..........."#..
0001DA20  10 0B 10 00 00 00 66 F4  5C 02 00 00 22 23 00 00  ......f.\..."#..
0001DA30  90 0C 10 00 00 00 44 F9  41 06 00 00 22 23 00 00  ......D.A..."#..
0001DA40  50 0A D0 05 B6 F9 F8 F3  3D FF 00 00 22 23 00 00  P.......=..."#..
0001DA50  B0 0B 10 05 36 F7 B1 F6  34 FB 00 00 22 23 00 00  ....6...4..."#..
0001DA60  50 0B 70 07 00 00 5E F5  96 F9 00 00 22 23 00 00  P.p...^....."#..
0001DA70  10 0D 70 07 00 00 73 FC  39 F7 00 00 22 23 00 00  ..p...s.9..."#..
0001DA80  50 0B 70 07 00 00 5E F5  96 F9 00 00 22 23 00 00  P.p...^....."#..
0001DA90  D0 0C 10 05 80 F7 CA FB  90 F8 00 00 22 23 00 00  ............"#..
0001DAA0  F0 10 10 06 00 00 25 07  8A 00 00 00 22 23 00 00  ......%....."#..
0001DAB0  30 0F 70 07 00 00 15 03  93 F9 00 00 22 23 00 00  0.p........."#..
0001DAC0  30 0F 10 05 2F F9 72 03  29 FB 00 00 22 23 00 00  0.../.r.)..."#..
0001DAD0  D0 0C 90 03 AD 0A 84 FB  98 FF 00 00 22 23 00 00  ............"#..
0001DAE0  30 0F 50 02 C7 06 A8 02  AB 03 00 00 22 23 00 00  0.P........."#..
0001DAF0  D0 0C 50 02 5D 08 A1 FA  FF 03 00 00 22 23 00 00  ..P.]......."#..
0001DB00  30 0F 50 02 C7 06 A8 02  AB 03 00 00 22 23 00 00  0.P........."#..
0001DB10  30 0F 10 00 00 00 D2 01  40 06 00 00 22 23 00 00  0.......@..."#..
0001DB20  D0 0C 50 02 5D 08 A1 FA  FF 03 00 00 22 23 00 00  ..P.]......."#..
0001DB30  D0 0C 50 02 A3 F7 A1 FA  FF 03 00 00 22 23 00 00  ..P........."#..
0001DB40  30 0F 10 00 00 00 D2 01  40 06 00 00 22 23 00 00  0.......@..."#..
0001DB50  30 0F 50 02 39 F9 A8 02  AB 03 00 00 22 23 00 00  0.P.9......."#..
0001DB60  10 0B 10 00 00 00 66 F4  5C 02 00 00 22 23 00 00  ......f.\..."#..
0001DB70  D0 09 10 00 00 00 5E F5  96 F9 00 00 22 23 00 00  ......^....."#..
0001DB80  50 0A 50 02 4A 06 F8 F3  3D FF 00 00 22 23 00 00  P.P.J...=..."#..
0001DB90  B0 0B 50 02 A2 F7 B6 F6  77 03 00 00 22 23 00 00  ..P.....w..."#..
0001DBA0  70 0B 90 03 13 F6 A5 F5  61 FF 00 00 22 23 00 00  p.......a..."#..
0001DBB0  50 0A 90 03 B6 F9 F8 F3  3D FF 00 00 22 23 00 00  P.......=..."#..
0001DBC0  50 0A D0 05 4A 06 F8 F3  3D FF 00 00 22 23 00 00  P...J...=..."#..
0001DBD0  50 0B 70 07 00 00 5E F5  96 F9 00 00 22 23 00 00  P.p...^....."#..
0001DBE0  B0 0B 10 05 CA 08 B1 F6  34 FB 00 00 22 23 00 00  ........4..."#..
0001DBF0  70 0B 90 03 ED 09 A5 F5  61 FF 00 00 22 23 00 00  p.......a..."#..
0001DC00  50 0A 90 03 4A 06 F8 F3  3D FF 00 00 22 23 00 00  P...J...=..."#..
0001DC10  B0 0B 70 04 CA 08 B1 F6  34 FB 00 00 22 23 00 00  ..p.....4..."#..
0001DC20  10 0B 10 00 00 00 66 F4  5C 02 00 00 22 23 00 00  ......f.\..."#..
0001DC30  50 0A 50 02 B6 F9 F8 F3  3D FF 00 00 22 23 00 00  P.P.....=..."#..
0001DC40  D0 09 10 00 00 00 5E F5  96 F9 00 00 22 23 00 00  ......^....."#..
0001DC50  70 0B D0 00 1D FD A5 F5  DA 04 00 00 22 23 00 00  p..........."#..
0001DC60  50 0A 50 02 B6 F9 F8 F3  3D FF 00 00 22 23 00 00  P.P.....=..."#..
0001DC70  10 0B 10 00 00 00 66 F4  5C 02 00 00 22 23 00 00  ......f.\..."#..
0001DC80  70 0B 90 03 ED 09 A5 F5  61 FF 00 00 22 23 00 00  p.......a..."#..
0001DC90  D0 0C 90 03 AD 0A 84 FB  98 FF 00 00 22 23 00 00  ............"#..
0001DCA0  B0 0B 50 02 5E 08 B6 F6  77 03 00 00 22 23 00 00  ..P.^...w..."#..
0001DCB0  B0 0B 50 02 5E 08 B6 F6  77 03 00 00 22 23 00 00  ..P.^...w..."#..
0001DCC0  50 0A 90 03 4A 06 F8 F3  3D FF 00 00 22 23 00 00  P...J...=..."#..
0001DCD0  70 0B 90 03 ED 09 A5 F5  61 FF 00 00 22 23 00 00  p.......a..."#..
0001DCE0  D0 0C 10 05 80 F7 CA FB  90 F8 00 00 22 23 00 00  ............"#..
0001DCF0  70 0B 90 03 13 F6 A5 F5  61 FF 00 00 22 23 00 00  p.......a..."#..
0001DD00  D0 0C 90 03 53 F5 84 FB  98 FF 00 00 22 23 00 00  ....S......."#..
0001DD10  50 0A 90 03 B6 F9 F8 F3  3D FF 00 00 22 23 00 00  P.......=..."#..
0001DD20  70 0B 90 03 13 F6 A5 F5  61 FF 00 00 22 23 00 00  p.......a..."#..
0001DD30  B0 0B 70 04 36 F7 B1 F6  34 FB 00 00 22 23 00 00  ..p.6...4..."#..
0001DD40  10 0B 10 00 00 00 66 F4  5C 02 00 00 22 23 00 00  ......f.\..."#..
0001DD50  70 0B D0 00 E3 02 A5 F5  DA 04 00 00 22 23 00 00  p..........."#..
0001DD60  90 0C 10 00 00 00 44 F9  41 06 00 00 22 23 00 00  ......D.A..."#..
0001DD70  10 0B 10 00 00 00 66 F4  5C 02 00 00 22 23 00 00  ......f.\..."#..
0001DD80  50 0A 50 02 4A 06 F8 F3  3D FF 00 00 22 23 00 00  P.P.J...=..."#..
0001DD90  70 0B D0 00 E3 02 A5 F5  DA 04 00 00 22 23 00 00  p..........."#..
0001DDA0  B0 0B 50 02 A2 F7 B6 F6  77 03 00 00 22 23 00 00  ..P.....w..."#..
0001DDB0  50 0A 50 02 B6 F9 F8 F3  3D FF 00 00 22 23 00 00  P.P.....=..."#..
0001DDC0  70 0B D0 00 1D FD A5 F5  DA 04 00 00 22 23 00 00  p..........."#..
0001DDD0  B0 0B 70 04 36 F7 B1 F6  34 FB 00 00 22 23 00 00  ..p.6...4..."#..
0001DDE0  70 0B 90 03 13 F6 A5 F5  61 FF 00 00 22 23 00 00  p.......a..."#..
0001DDF0  D0 0C 10 05 80 F7 CA FB  90 F8 00 00 22 23 00 00  ............"#..
0001DE00  70 0B 90 03 ED 09 A5 F5  61 FF 00 00 22 23 00 00  p.......a..."#..
0001DE10  D0 0C 10 05 80 08 CA FB  90 F8 00 00 22 23 00 00  ............"#..
0001DE20  D0 0C 90 03 AD 0A 84 FB  98 FF 00 00 22 23 00 00  ............"#..
0001DE30  F0 10 70 04 00 00 25 07  8A 00 00 00 22 23 00 00  ..p...%....."#..
0001DE40  30 0F 90 03 5E 08 3A 03  0B 00 00 00 22 23 00 00  0...^.:....."#..
0001DE50  30 0F 10 05 D1 06 72 03  29 FB 00 00 22 23 00 00  0.....r.)..."#..
0001DE60  30 0F 90 03 A2 F7 3A 03  0B 00 00 00 22 23 00 00  0.....:....."#..
0001DE70  D0 0C 90 03 53 F5 84 FB  98 FF 00 00 22 23 00 00  ....S......."#..
0001DE80  30 0F 50 02 39 F9 A8 02  AB 03 00 00 22 23 00 00  0.P.9......."#..
0001DE90  30 0F 50 02 39 F9 A8 02  AB 03 00 00 22 23 00 00  0.P.9......."#..
0001DEA0  F0 10 F0 02 00 00 25 07  8A 00 00 00 22 23 00 00  ......%....."#..
0001DEB0  30 0F 90 03 A2 F7 3A 03  0B 00 00 00 22 23 00 00  0.....:....."#..
0001DEC0  B0 0B 10 05 CA 08 B1 F6  34 FB 00 00 22 23 00 00  ........4..."#..
0001DED0  50 0B 70 07 00 00 5E F5  96 F9 00 00 22 23 00 00  P.p...^....."#..
0001DEE0  D0 0C 10 05 80 08 CA FB  90 F8 00 00 22 23 00 00  ............"#..
0001DEF0  D0 0C 10 05 80 F7 CA FB  90 F8 00 00 22 23 00 00  ............"#..
0001DF00  50 0B 70 07 00 00 5E F5  96 F9 00 00 22 23 00 00  P.p...^....."#..
0001DF10  B0 0B 10 05 36 F7 B1 F6  34 FB 00 00 04 00 00 00  ....6...4.......
0001DF20  A0 01 00 00 18 00 10 29  00 00 00 00 00 00 00 00  .......)........
0001DF30  00 00 00 00 00 00 00 00  00 00 00 00 22 23 00 00  ............"#..
0001DF40  90 0C 10 00 00 00 44 F9  41 06 00 00 22 23 00 00  ......D.A..."#..
0001DF50  70 0B D0 00 E3 02 A5 F5  DA 04 00 00 22 23 00 00  p..........."#..
0001DF60  B0 0B 50 02 5E 08 B6 F6  77 03 00 00 22 23 00 00  ..P.^...w..."#..
0001DF70  D0 0C 50 02 5D 08 A1 FA  FF 03 00 00 22 23 00 00  ..P.]......."#..
0001DF80  30 0F 70 07 00 00 15 03  93 F9 00 00 22 23 00 00  0.p........."#..
0001DF90  30 0F 10 05 D1 06 72 03  29 FB 00 00 22 23 00 00  0.....r.)..."#..
0001DFA0  D0 0C 10 05 80 08 CA FB  90 F8 00 00 22 23 00 00  ............"#..
0001DFB0  10 0D 70 07 00 00 73 FC  39 F7 00 00 22 23 00 00  ..p...s.9..."#..
0001DFC0  30 0F 10 05 2F F9 72 03  29 FB 00 00 22 23 00 00  0.../.r.)..."#..
0001DFD0  30 0F 70 07 00 00 15 03  93 F9 00 00 22 23 00 00  0.p........."#..
0001DFE0  10 0D 70 07 00 00 73 FC  39 F7 00 00 22 23 00 00  ..p...s.9..."#..
0001DFF0  D0 0C 10 05 80 F7 CA FB  90 F8 00 00 22 23 00 00  ............"#..
0001E000  30 0F 90 03 5E 08 3A 03  0B 00 00 00 22 23 00 00  0...^.:....."#..
0001E010  D0 0C 90 03 AD 0A 84 FB  98 FF 00 00 22 23 00 00  ............"#..
0001E020  D0 0C 10 05 80 08 CA FB  90 F8 00 00 22 23 00 00  ............"#..
0001E030  30 0F 10 05 D1 06 72 03  29 FB 00 00 22 23 00 00  0.....r.)..."#..
0001E040  30 0F 90 03 A2 F7 3A 03  0B 00 00 00 22 23 00 00  0.....:....."#..
0001E050  30 0F 10 05 2F F9 72 03  29 FB 00 00 22 23 00 00  0.../.r.)..."#..
0001E060  D0 0C 10 05 80 F7 CA FB  90 F8 00 00 22 23 00 00  ............"#..
0001E070  D0 0C 90 03 53 F5 84 FB  98 FF 00 00 22 23 00 00  ....S......."#..
0001E080  B0 0B 50 02 A2 F7 B6 F6  77 03 00 00 22 23 00 00  ..P.....w..."#..
0001E090  70 0B D0 00 1D FD A5 F5  DA 04 00 00 22 23 00 00  p..........."#..
0001E0A0  90 0C 10 00 00 00 44 F9  41 06 00 00 22 23 00 00  ......D.A..."#..
0001E0B0  D0 0C 50 02 A3 F7 A1 FA  FF 03 00 00 01 00 00 00  ..P.............
0001E0C0  08 00 00 00 02 00 01 7C  08 00 00 00 03 00 00 00  .......|........
0001E0D0  60 05 00 00 54 00 10 29  00 00 00 00 00 00 00 00  `...T..)........
0001E0E0  00 00 00 00 00 00 00 00  00 00 00 00 22 23 00 00  ............"#..
0001E0F0  90 07 D0 00 4B 03 D9 FD  4F F8 00 00 22 23 00 00  ....K...O..."#..
0001E100  B0 08 30 04 B2 00 DC EF  95 F4 00 00 22 23 00 00  ..0........."#..
0001E110  D0 09 D0 00 28 FB D9 FD  4F F8 00 00 22 23 00 00  ....(...O..."#..
0001E120  D0 05 F0 04 74 09 D4 EB  2C FE 00 00 22 23 00 00  ....t...,..."#..
0001E130  D0 04 D0 00 15 04 E5 FD  93 03 00 00 22 23 00 00  ............"#..
0001E140  D0 04 B0 04 50 05 42 EC  54 02 00 00 22 23 00 00  ....P.B.T..."#..
0001E150  90 07 30 04 77 05 82 EF  D8 F6 00 00 22 23 00 00  ..0.w......."#..
0001E160  D0 05 D0 00 B1 05 0B FE  DC FF 00 00 22 23 00 00  ............"#..
0001E170  D0 05 F0 04 74 09 D4 EB  2C FE 00 00 22 23 00 00  ....t...,..."#..
0001E180  D0 01 F0 04 E4 F7 D7 EB  30 FE 00 00 22 23 00 00  ........0..."#..
0001E190  10 00 D0 00 28 FB D9 FD  4F F8 00 00 22 23 00 00  ....(...O..."#..
0001E1A0  10 00 30 04 17 FC 82 EF  D8 F6 00 00 22 23 00 00  ..0........."#..
0001E1B0  D0 03 D0 00 9B 00 BF FC  B9 05 00 00 22 23 00 00  ............"#..
0001E1C0  D0 01 F0 04 E4 F7 D7 EB  30 FE 00 00 22 23 00 00  ........0..."#..
0001E1D0  D0 03 90 04 9B 00 7A EC  FB 04 00 00 22 23 00 00  ......z....."#..
0001E1E0  D0 03 50 05 9B 00 CC E7  B3 01 00 00 22 23 00 00  ..P........."#..
0001E1F0  D0 05 F0 04 74 09 D4 EB  2C FE 00 00 22 23 00 00  ....t...,..."#..
0001E200  D0 04 B0 04 50 05 42 EC  54 02 00 00 22 23 00 00  ....P.B.T..."#..
0001E210  30 03 50 0B B2 00 DC EF  95 F4 00 00 22 23 00 00  0.P........."#..
0001E220  30 03 70 0A 9B 00 C1 EA  BF F6 00 00 22 23 00 00  0.p........."#..
0001E230  30 01 90 0A 17 FC 82 EF  D8 F6 00 00 22 23 00 00  0..........."#..
0001E240  D0 03 90 04 9B 00 7A EC  FB 04 00 00 22 23 00 00  ......z....."#..
0001E250  D0 01 F0 04 E4 F7 D7 EB  30 FE 00 00 22 23 00 00  ........0..."#..
0001E260  D0 03 50 05 9B 00 CC E7  B3 01 00 00 22 23 00 00  ..P........."#..
0001E270  D0 01 D0 00 87 FA 03 FE  A8 00 00 00 22 23 00 00  ............"#..
0001E280  D0 03 D0 00 9B 00 BF FC  B9 05 00 00 22 23 00 00  ............"#..
0001E290  D0 02 B0 FF F0 FF 58 06  8E FF 00 00 22 23 00 00  ......X....."#..
0001E2A0  90 07 D0 00 4B 03 D9 FD  4F F8 00 00 22 23 00 00  ....K...O..."#..
0001E2B0  D0 09 D0 00 28 FB D9 FD  4F F8 00 00 22 23 00 00  ....(...O..."#..
0001E2C0  B0 08 B0 FF F0 FF 58 06  8E FF 00 00 22 23 00 00  ......X....."#..
0001E2D0  D0 00 B0 FF F0 FF 58 06  8E FF 00 00 22 23 00 00  ......X....."#..
0001E2E0  D0 01 D0 00 28 FB D9 FD  4F F8 00 00 22 23 00 00  ....(...O..."#..
0001E2F0  10 00 D0 00 87 FA 03 FE  A8 00 00 00 22 23 00 00  ............"#..
0001E300  D0 04 B0 FF F0 FF 58 06  8E FF 00 00 22 23 00 00  ......X....."#..
0001E310  D0 03 D0 00 9B 00 BF FC  B9 05 00 00 22 23 00 00  ............"#..
0001E320  D0 04 D0 00 15 04 E5 FD  93 03 00 00 22 23 00 00  ............"#..
0001E330  D0 05 D0 00 B1 05 0B FE  DC FF 00 00 22 23 00 00  ............"#..
0001E340  90 07 D0 00 4B 03 D9 FD  4F F8 00 00 22 23 00 00  ....K...O..."#..
0001E350  B0 06 B0 FF F0 FF 58 06  8E FF 00 00 22 23 00 00  ......X....."#..
0001E360  D0 05 F0 04 74 09 D4 EB  2C FE 00 00 22 23 00 00  ....t...,..."#..
0001E370  D0 03 50 05 9B 00 CC E7  B3 01 00 00 22 23 00 00  ..P........."#..
0001E380  D0 03 10 06 9B 00 3D E7  D9 FC 00 00 22 23 00 00  ......=....."#..
0001E390  D0 03 10 06 9B 00 3D E7  D9 FC 00 00 22 23 00 00  ......=....."#..
0001E3A0  D0 03 50 05 9B 00 CC E7  B3 01 00 00 22 23 00 00  ..P........."#..
0001E3B0  D0 01 F0 04 E4 F7 D7 EB  30 FE 00 00 22 23 00 00  ........0..."#..
0001E3C0  90 07 D0 00 4B 03 D9 FD  4F F8 00 00 22 23 00 00  ....K...O..."#..
0001E3D0  90 07 30 04 77 05 82 EF  D8 F6 00 00 22 23 00 00  ..0.w......."#..
0001E3E0  B0 08 30 04 B2 00 DC EF  95 F4 00 00 22 23 00 00  ..0........."#..
0001E3F0  D0 09 D0 00 28 FB D9 FD  4F F8 00 00 22 23 00 00  ....(...O..."#..
0001E400  B0 08 30 04 B2 00 DC EF  95 F4 00 00 22 23 00 00  ..0........."#..
0001E410  D0 09 30 04 17 FC 82 EF  D8 F6 00 00 22 23 00 00  ..0........."#..
0001E420  30 05 90 0A 77 05 82 EF  D8 F6 00 00 22 23 00 00  0...w......."#..
0001E430  30 03 70 0A 9B 00 C1 EA  BF F6 00 00 22 23 00 00  0.p........."#..
0001E440  30 03 50 0B B2 00 DC EF  95 F4 00 00 22 23 00 00  0.P........."#..
0001E450  30 03 50 09 9B 00 3D E7  D9 FC 00 00 22 23 00 00  0.P...=....."#..
0001E460  30 03 70 0A 9B 00 C1 EA  BF F6 00 00 22 23 00 00  0.p........."#..
0001E470  30 05 D0 08 74 09 D4 EB  2C FE 00 00 22 23 00 00  0...t...,..."#..
0001E480  30 01 D0 08 E4 F7 D7 EB  30 FE 00 00 22 23 00 00  0.......0..."#..
0001E490  30 03 70 0A 9B 00 C1 EA  BF F6 00 00 22 23 00 00  0.p........."#..
0001E4A0  30 03 50 09 9B 00 3D E7  D9 FC 00 00 22 23 00 00  0.P...=....."#..
0001E4B0  D0 03 D0 00 9B 00 BF FC  B9 05 00 00 22 23 00 00  ............"#..
0001E4C0  D0 01 D0 00 87 FA 03 FE  A8 00 00 00 22 23 00 00  ............"#..
0001E4D0  D0 01 F0 04 E4 F7 D7 EB  30 FE 00 00 22 23 00 00  ........0..."#..
0001E4E0  D0 03 50 05 9B 00 CC E7  B3 01 00 00 22 23 00 00  ..P........."#..
0001E4F0  D0 04 B0 04 50 05 42 EC  54 02 00 00 22 23 00 00  ....P.B.T..."#..
0001E500  D0 03 90 04 9B 00 7A EC  FB 04 00 00 22 23 00 00  ......z....."#..
0001E510  D0 05 D0 00 B1 05 0B FE  DC FF 00 00 22 23 00 00  ............"#..
0001E520  D0 04 B0 FF F0 FF 58 06  8E FF 00 00 22 23 00 00  ......X....."#..
0001E530  D0 04 D0 00 15 04 E5 FD  93 03 00 00 22 23 00 00  ............"#..
0001E540  D0 05 F0 04 74 09 D4 EB  2C FE 00 00 22 23 00 00  ....t...,..."#..
0001E550  D0 05 D0 00 B1 05 0B FE  DC FF 00 00 22 23 00 00  ............"#..
0001E560  D0 04 D0 00 15 04 E5 FD  93 03 00 00 22 23 00 00  ............"#..
0001E570  D0 01 F0 04 E4 F7 D7 EB  30 FE 00 00 22 23 00 00  ........0..."#..
0001E580  D0 01 D0 00 87 FA 03 FE  A8 00 00 00 22 23 00 00  ............"#..
0001E590  10 00 D0 00 28 FB D9 FD  4F F8 00 00 22 23 00 00  ....(...O..."#..
0001E5A0  90 07 D0 00 4B 03 D9 FD  4F F8 00 00 22 23 00 00  ....K...O..."#..
0001E5B0  D0 05 D0 00 B1 05 0B FE  DC FF 00 00 22 23 00 00  ............"#..
0001E5C0  90 07 30 04 77 05 82 EF  D8 F6 00 00 22 23 00 00  ..0.w......."#..
0001E5D0  30 01 90 0A 17 FC 82 EF  D8 F6 00 00 22 23 00 00  0..........."#..
0001E5E0  30 03 70 0A 9B 00 C1 EA  BF F6 00 00 22 23 00 00  0.p........."#..
0001E5F0  30 01 D0 08 E4 F7 D7 EB  30 FE 00 00 22 23 00 00  0.......0..."#..
0001E600  30 05 D0 08 74 09 D4 EB  2C FE 00 00 22 23 00 00  0...t...,..."#..
0001E610  30 03 70 0A 9B 00 C1 EA  BF F6 00 00 22 23 00 00  0.p........."#..
0001E620  30 05 90 0A 77 05 82 EF  D8 F6 00 00 04 00 00 00  0...w...........
0001E630  60 00 00 00 04 00 10 29  00 00 00 00 00 00 00 00  `......)........
0001E640  00 00 00 00 00 00 00 00  00 00 00 00 22 23 00 00  ............"#..
0001E650  D0 04 B0 04 50 05 42 EC  54 02 00 00 22 23 00 00  ....P.B.T..."#..
0001E660  D0 04 D0 00 15 04 E5 FD  93 03 00 00 22 23 00 00  ............"#..
0001E670  D0 03 D0 00 9B 00 BF FC  B9 05 00 00 22 23 00 00  ............"#..
0001E680  D0 03 90 04 9B 00 7A EC  FB 04 00 00 01 00 00 00  ......z.........
0001E690  08 00 00 00 02 00 01 7C  08 00 00 00 03 00 00 00  .......|........
0001E6A0  C0 08 00 00 8A 00 10 29  00 00 00 00 00 00 00 00  .......)........
0001E6B0  00 00 00 00 00 00 00 00  00 00 00 00 22 23 00 00  ............"#..
0001E6C0  B0 08 F0 04 B2 00 C9 00  83 F6 00 00 22 23 00 00  ............"#..
0001E6D0  D0 09 30 06 EA F9 94 FA  3F F9 00 00 22 23 00 00  ..0.....?..."#..
0001E6E0  D0 09 F0 04 A0 FC 6F 00  BA F9 00 00 22 23 00 00  ......o....."#..
0001E6F0  30 05 B0 08 33 05 54 F4  57 03 00 00 22 23 00 00  0...3.T.W..."#..
0001E700  D0 03 70 07 9B 00 CF F8  29 07 00 00 22 23 00 00  ..p.....)..."#..
0001E710  70 02 B0 08 06 FB 43 F4  77 03 00 00 22 23 00 00  p.....C.w..."#..
0001E720  90 07 B0 08 69 04 92 F4  A1 F9 00 00 22 23 00 00  ....i......."#..
0001E730  B0 08 30 08 19 00 A8 F0  A5 FE 00 00 22 23 00 00  ..0........."#..
0001E740  D0 09 B0 08 E3 FB 94 F4  7A F9 00 00 22 23 00 00  ........z..."#..
0001E750  D0 05 F0 04 74 09 32 00  E4 FE 00 00 22 23 00 00  ....t.2....."#..
0001E760  90 07 30 06 45 08 F3 FA  4C F8 00 00 22 23 00 00  ..0.E...L..."#..
0001E770  90 07 F0 04 8D 05 6F 00  68 F8 00 00 22 23 00 00  ......o.h..."#..
0001E780  70 02 B0 08 06 FB 43 F4  77 03 00 00 22 23 00 00  p.....C.w..."#..
0001E790  D0 01 D0 07 55 F8 68 F7  DC 01 00 00 22 23 00 00  ....U.h....."#..
0001E7A0  10 00 B0 08 E3 FB 94 F4  7A F9 00 00 22 23 00 00  ........z..."#..
0001E7B0  D0 03 50 04 B2 00 D8 00  E0 04 00 00 22 23 00 00  ..P........."#..
0001E7C0  D0 01 F0 04 E6 F7 35 00  E8 FE 00 00 22 23 00 00  ......5....."#..
0001E7D0  D0 01 30 06 0C F8 38 FB  91 01 00 00 22 23 00 00  ..0...8....."#..
0001E7E0  B0 08 70 07 28 00 D9 F8  B7 F5 00 00 22 23 00 00  ..p.(......."#..
0001E7F0  D0 09 B0 08 E3 FB 94 F4  7A F9 00 00 22 23 00 00  ........z..."#..
0001E800  D0 09 D0 07 60 FA B5 F6  C3 F8 00 00 22 23 00 00  ....`......."#..
0001E810  D0 03 D0 05 9B 00 F4 FC  2A 07 00 00 22 23 00 00  ........*..."#..
0001E820  D0 04 90 04 50 05 A0 00  F2 02 00 00 22 23 00 00  ....P......."#..
0001E830  D0 03 50 04 B2 00 D8 00  E0 04 00 00 22 23 00 00  ..P........."#..
0001E840  D0 05 D0 07 1C 09 68 F7  03 02 00 00 22 23 00 00  ......h....."#..
0001E850  90 07 B0 08 69 04 92 F4  A1 F9 00 00 22 23 00 00  ....i......."#..
0001E860  90 07 D0 07 E1 07 1D F7  DA F8 00 00 22 23 00 00  ............"#..
0001E870  D0 01 30 06 0C F8 38 FB  91 01 00 00 22 23 00 00  ..0...8....."#..
0001E880  D0 01 F0 04 E6 F7 35 00  E8 FE 00 00 22 23 00 00  ......5....."#..
0001E890  10 00 30 06 EA F9 94 FA  3F F9 00 00 22 23 00 00  ..0.....?..."#..
0001E8A0  D0 01 F0 04 E6 F7 35 00  E8 FE 00 00 22 23 00 00  ......5....."#..
0001E8B0  D0 03 50 04 B2 00 D8 00  E0 04 00 00 22 23 00 00  ..P........."#..
0001E8C0  D0 03 D0 03 B2 00 95 04  09 00 00 00 22 23 00 00  ............"#..
0001E8D0  D0 03 50 04 B2 00 D8 00  E0 04 00 00 22 23 00 00  ..P........."#..
0001E8E0  D0 04 90 04 50 05 A0 00  F2 02 00 00 22 23 00 00  ....P......."#..
0001E8F0  D0 03 D0 03 B2 00 95 04  09 00 00 00 22 23 00 00  ............"#..
0001E900  D0 05 F0 04 74 09 32 00  E4 FE 00 00 22 23 00 00  ....t.2....."#..
0001E910  90 07 F0 04 8D 05 6F 00  68 F8 00 00 22 23 00 00  ......o.h..."#..
0001E920  D0 03 D0 03 B2 00 95 04  09 00 00 00 22 23 00 00  ............"#..
0001E930  D0 09 F0 04 A0 FC 6F 00  BA F9 00 00 22 23 00 00  ......o....."#..
0001E940  B0 08 D0 03 B2 00 95 04  09 00 00 00 22 23 00 00  ............"#..
0001E950  B0 08 F0 04 B2 00 C9 00  83 F6 00 00 22 23 00 00  ............"#..
0001E960  10 00 F0 04 A0 FC 6F 00  BA F9 00 00 22 23 00 00  ......o....."#..
0001E970  D0 01 F0 04 E6 F7 35 00  E8 FE 00 00 22 23 00 00  ......5....."#..
0001E980  D0 03 D0 03 B2 00 95 04  09 00 00 00 22 23 00 00  ............"#..
0001E990  B0 08 F0 04 B2 00 C9 00  83 F6 00 00 22 23 00 00  ............"#..
0001E9A0  90 07 30 06 45 08 F3 FA  4C F8 00 00 22 23 00 00  ..0.E...L..."#..
0001E9B0  B0 08 D0 05 34 00 1E FC  F6 F5 00 00 22 23 00 00  ....4......."#..
0001E9C0  90 07 F0 04 8D 05 6F 00  68 F8 00 00 22 23 00 00  ......o.h..."#..
0001E9D0  90 07 30 06 45 08 F3 FA  4C F8 00 00 22 23 00 00  ..0.E...L..."#..
0001E9E0  B0 08 F0 04 B2 00 C9 00  83 F6 00 00 22 23 00 00  ............"#..
0001E9F0  B0 08 F0 04 B2 00 C9 00  83 F6 00 00 22 23 00 00  ............"#..
0001EA00  B0 08 D0 05 34 00 1E FC  F6 F5 00 00 22 23 00 00  ....4......."#..
0001EA10  D0 09 30 06 EA F9 94 FA  3F F9 00 00 22 23 00 00  ..0.....?..."#..
0001EA20  90 07 D0 07 E1 07 1D F7  DA F8 00 00 22 23 00 00  ............"#..
0001EA30  90 07 B0 08 69 04 92 F4  A1 F9 00 00 22 23 00 00  ....i......."#..
0001EA40  B0 08 70 07 28 00 D9 F8  B7 F5 00 00 22 23 00 00  ..p.(......."#..
0001EA50  B0 08 70 07 28 00 D9 F8  B7 F5 00 00 22 23 00 00  ..p.(......."#..
0001EA60  90 07 B0 08 69 04 92 F4  A1 F9 00 00 22 23 00 00  ....i......."#..
0001EA70  D0 09 B0 08 E3 FB 94 F4  7A F9 00 00 22 23 00 00  ........z..."#..
0001EA80  30 05 B0 08 33 05 54 F4  57 03 00 00 22 23 00 00  0...3.T.W..."#..
0001EA90  D0 05 D0 07 1C 09 68 F7  03 02 00 00 22 23 00 00  ......h....."#..
0001EAA0  D0 03 70 07 9B 00 CF F8  29 07 00 00 22 23 00 00  ..p.....)..."#..
0001EAB0  70 02 B0 08 06 FB 43 F4  77 03 00 00 22 23 00 00  p.....C.w..."#..
0001EAC0  D0 03 70 07 9B 00 CF F8  29 07 00 00 22 23 00 00  ..p.....)..."#..
0001EAD0  D0 01 D0 07 55 F8 68 F7  DC 01 00 00 22 23 00 00  ....U.h....."#..
0001EAE0  D0 05 D0 07 1C 09 68 F7  03 02 00 00 22 23 00 00  ......h....."#..
0001EAF0  30 05 B0 08 33 05 54 F4  57 03 00 00 22 23 00 00  0...3.T.W..."#..
0001EB00  90 07 B0 08 69 04 92 F4  A1 F9 00 00 22 23 00 00  ....i......."#..
0001EB10  10 00 B0 08 E3 FB 94 F4  7A F9 00 00 22 23 00 00  ........z..."#..
0001EB20  D0 01 D0 07 55 F8 68 F7  DC 01 00 00 22 23 00 00  ....U.h....."#..
0001EB30  10 00 D0 07 60 FA B5 F6  C3 F8 00 00 22 23 00 00  ....`......."#..
0001EB40  30 05 B0 08 33 05 54 F4  57 03 00 00 22 23 00 00  0...3.T.W..."#..
0001EB50  70 02 B0 08 06 FB 43 F4  77 03 00 00 22 23 00 00  p.....C.w..."#..
0001EB60  D0 03 30 08 19 00 A8 F0  A5 FE 00 00 22 23 00 00  ..0........."#..
0001EB70  50 01 30 08 19 00 A8 F0  A5 FE 00 00 22 23 00 00  P.0........."#..
0001EB80  70 02 B0 08 06 FB 43 F4  77 03 00 00 22 23 00 00  p.....C.w..."#..
0001EB90  10 00 B0 08 E3 FB 94 F4  7A F9 00 00 22 23 00 00  ........z..."#..
0001EBA0  30 05 B0 08 33 05 54 F4  57 03 00 00 22 23 00 00  0...3.T.W..."#..
0001EBB0  70 06 30 08 19 00 A8 F0  A5 FE 00 00 22 23 00 00  p.0........."#..
0001EBC0  90 07 B0 08 69 04 92 F4  A1 F9 00 00 22 23 00 00  ....i......."#..
0001EBD0  D0 03 50 04 B2 00 D8 00  E0 04 00 00 22 23 00 00  ..P........."#..
0001EBE0  D0 01 30 06 0C F8 38 FB  91 01 00 00 22 23 00 00  ..0...8....."#..
0001EBF0  D0 03 D0 05 9B 00 F4 FC  2A 07 00 00 22 23 00 00  ........*..."#..
0001EC00  B0 08 F0 04 B2 00 C9 00  83 F6 00 00 22 23 00 00  ............"#..
0001EC10  B0 08 D0 03 B2 00 95 04  09 00 00 00 22 23 00 00  ............"#..
0001EC20  90 07 F0 04 8D 05 6F 00  68 F8 00 00 22 23 00 00  ......o.h..."#..
0001EC30  D0 05 30 06 65 09 38 FB  B5 01 00 00 22 23 00 00  ..0.e.8....."#..
0001EC40  D0 05 F0 04 74 09 32 00  E4 FE 00 00 22 23 00 00  ....t.2....."#..
0001EC50  D0 04 90 04 50 05 A0 00  F2 02 00 00 22 23 00 00  ....P......."#..
0001EC60  D0 05 30 06 65 09 38 FB  B5 01 00 00 22 23 00 00  ..0.e.8....."#..
0001EC70  D0 04 90 04 50 05 A0 00  F2 02 00 00 22 23 00 00  ....P......."#..
0001EC80  D0 03 D0 05 9B 00 F4 FC  2A 07 00 00 22 23 00 00  ........*..."#..
0001EC90  D0 03 D0 03 B2 00 95 04  09 00 00 00 22 23 00 00  ............"#..
0001ECA0  D0 04 90 04 50 05 A0 00  F2 02 00 00 22 23 00 00  ....P......."#..
0001ECB0  D0 05 F0 04 74 09 32 00  E4 FE 00 00 22 23 00 00  ....t.2....."#..
0001ECC0  D0 05 F0 04 74 09 32 00  E4 FE 00 00 22 23 00 00  ....t.2....."#..
0001ECD0  D0 05 30 06 65 09 38 FB  B5 01 00 00 22 23 00 00  ..0.e.8....."#..
0001ECE0  90 07 30 06 45 08 F3 FA  4C F8 00 00 22 23 00 00  ..0.E...L..."#..
0001ECF0  10 00 30 06 EA F9 94 FA  3F F9 00 00 22 23 00 00  ..0.....?..."#..
0001ED00  D0 01 F0 04 E6 F7 35 00  E8 FE 00 00 22 23 00 00  ......5....."#..
0001ED10  10 00 F0 04 A0 FC 6F 00  BA F9 00 00 22 23 00 00  ......o....."#..
0001ED20  D0 05 D0 07 1C 09 68 F7  03 02 00 00 22 23 00 00  ......h....."#..
0001ED30  D0 04 B0 04 9B 00 F2 03  9B FD 00 00 22 23 00 00  ............"#..
0001ED40  D0 03 70 07 9B 00 CF F8  29 07 00 00 22 23 00 00  ..p.....)..."#..
0001ED50  B0 08 70 07 28 00 D9 F8  B7 F5 00 00 22 23 00 00  ..p.(......."#..
0001ED60  D0 09 D0 07 60 FA B5 F6  C3 F8 00 00 22 23 00 00  ....`......."#..
0001ED70  B0 08 B0 04 9B 00 F2 03  9B FD 00 00 22 23 00 00  ............"#..
0001ED80  F0 00 B0 04 9B 00 F2 03  9B FD 00 00 22 23 00 00  ............"#..
0001ED90  10 00 D0 07 60 FA B5 F6  C3 F8 00 00 22 23 00 00  ....`......."#..
0001EDA0  D0 01 D0 07 55 F8 68 F7  DC 01 00 00 22 23 00 00  ....U.h....."#..
0001EDB0  F0 02 B0 04 9B 00 F2 03  9B FD 00 00 22 23 00 00  ............"#..
0001EDC0  D0 01 D0 07 55 F8 68 F7  DC 01 00 00 22 23 00 00  ....U.h....."#..
0001EDD0  D0 03 70 07 9B 00 CF F8  29 07 00 00 22 23 00 00  ..p.....)..."#..
0001EDE0  90 07 D0 07 E1 07 1D F7  DA F8 00 00 22 23 00 00  ............"#..
0001EDF0  90 06 B0 04 9B 00 F2 03  9B FD 00 00 22 23 00 00  ............"#..
0001EE00  D0 05 D0 07 1C 09 68 F7  03 02 00 00 22 23 00 00  ......h....."#..
0001EE10  B0 08 70 07 28 00 D9 F8  B7 F5 00 00 22 23 00 00  ..p.(......."#..
0001EE20  B0 08 B0 04 9B 00 F2 03  9B FD 00 00 22 23 00 00  ............"#..
0001EE30  90 07 D0 07 E1 07 1D F7  DA F8 00 00 22 23 00 00  ............"#..
0001EE40  90 07 30 06 45 08 F3 FA  4C F8 00 00 22 23 00 00  ..0.E...L..."#..
0001EE50  B0 08 B0 08 47 00 7B EE  F7 FE 00 00 22 23 00 00  ....G.{....."#..
0001EE60  B0 08 D0 05 34 00 1E FC  F6 F5 00 00 22 23 00 00  ....4......."#..
0001EE70  D0 03 D0 05 9B 00 F4 FC  2A 07 00 00 22 23 00 00  ........*..."#..
0001EE80  D0 01 30 06 0C F8 38 FB  91 01 00 00 22 23 00 00  ..0...8....."#..
0001EE90  D0 03 B0 08 47 00 7B EE  F7 FE 00 00 22 23 00 00  ....G.{....."#..
0001EEA0  F0 00 B0 08 47 00 7B EE  F7 FE 00 00 22 23 00 00  ....G.{....."#..
0001EEB0  D0 01 30 06 0C F8 38 FB  91 01 00 00 22 23 00 00  ..0...8....."#..
0001EEC0  10 00 30 06 EA F9 94 FA  3F F9 00 00 22 23 00 00  ..0.....?..."#..
0001EED0  B0 08 B0 08 47 00 7B EE  F7 FE 00 00 22 23 00 00  ....G.{....."#..
0001EEE0  D0 09 30 06 EA F9 94 FA  3F F9 00 00 22 23 00 00  ..0.....?..."#..
0001EEF0  B0 08 D0 05 34 00 1E FC  F6 F5 00 00 22 23 00 00  ....4......."#..
0001EF00  D0 05 30 06 65 09 38 FB  B5 01 00 00 22 23 00 00  ..0.e.8....."#..
0001EF10  B0 06 B0 08 47 00 7B EE  F7 FE 00 00 22 23 00 00  ....G.{....."#..
0001EF20  90 07 30 06 45 08 F3 FA  4C F8 00 00 22 23 00 00  ..0.E...L..."#..
0001EF30  D0 03 D0 05 9B 00 F4 FC  2A 07 00 00 22 23 00 00  ........*..."#..
0001EF40  D0 03 B0 08 47 00 7B EE  F7 FE 00 00 22 23 00 00  ....G.{....."#..
0001EF50  D0 05 30 06 65 09 38 FB  B5 01 00 00 02 00 00 7C  ..0.e.8........|
0001EF60  08 00 00 00 03 00 00 00  10 01 00 00 0F 00 10 29  ...............)
0001EF70  00 00 00 00 00 00 00 00  00 00 00 00 00 00 00 00  ................
0001EF80  00 00 00 00 22 23 00 00  10 0E F0 15 3F FD AD EC  ...."#......?...
0001EF90  D2 FA 00 00 22 23 00 00  10 0D 70 15 22 00 75 E9  ...."#....p.".u.
0001EFA0  F9 FE 00 00 22 23 00 00  30 0C F0 15 D2 FC AC EC  ...."#..0.......
0001EFB0  40 02 00 00 22 23 00 00  30 0A F0 15 D2 FC AC EC  @..."#..0.......
0001EFC0  40 02 00 00 22 23 00 00  30 0B 70 15 22 00 75 E9  @..."#..0.p.".u.
0001EFD0  F9 FE 00 00 22 23 00 00  30 0B F0 15 2F 00 9C ED  ...."#..0.../...
0001EFE0  39 03 00 00 22 23 00 00  F0 0F F0 15 3F FD AD EC  9..."#......?...
0001EFF0  D2 FA 00 00 22 23 00 00  10 0E F0 15 16 03 AE EC  ...."#..........
0001F000  D3 FA 00 00 22 23 00 00  F0 0E 70 15 22 00 75 E9  ...."#....p.".u.
0001F010  F9 FE 00 00 22 23 00 00  10 0D 70 15 22 00 75 E9  ...."#....p.".u.
0001F020  F9 FE 00 00 22 23 00 00  10 0E F0 15 16 03 AE EC  ...."#..........
0001F030  D3 FA 00 00 22 23 00 00  30 0C F0 15 8E 03 AC EC  ...."#..0.......
0001F040  40 02 00 00 22 23 00 00  30 0B F0 15 2F 00 9C ED  @..."#..0.../...
0001F050  39 03 00 00 22 23 00 00  30 0B 70 15 22 00 75 E9  9..."#..0.p.".u.
0001F060  F9 FE 00 00 22 23 00 00  30 0C F0 15 8E 03 AC EC  ...."#..0.......
0001F070  40 02 00 00 04 00 00 00  60 01 00 00 14 00 10 29  @.......`......)
0001F080  00 00 00 00 00 00 00 00  00 00 00 00 00 00 00 00  ................
0001F090  00 00 00 00 22 23 00 00  F0 0F F0 17 D4 FC EE F3  ...."#..........
0001F0A0  67 FA 00 00 22 23 00 00  10 0E F0 17 81 03 EE F3  g..."#..........
0001F0B0  68 FA 00 00 22 23 00 00  10 0E F0 15 16 03 AE EC  h..."#..........
0001F0C0  D3 FA 00 00 22 23 00 00  F0 0F F0 15 3F FD AD EC  ...."#......?...
0001F0D0  D2 FA 00 00 22 23 00 00  30 0C F0 17 78 FC EE F3  ...."#..0...x...
0001F0E0  78 02 00 00 22 23 00 00  10 0E F0 17 D4 FC EE F3  x..."#..........
0001F0F0  67 FA 00 00 22 23 00 00  10 0E F0 15 3F FD AD EC  g..."#......?...
0001F100  D2 FA 00 00 22 23 00 00  30 0C F0 15 D2 FC AC EC  ...."#..0.......
0001F110  40 02 00 00 22 23 00 00  10 0E F0 17 81 03 EE F3  @..."#..........
0001F120  68 FA 00 00 22 23 00 00  30 0C F0 17 F4 03 ED F3  h..."#..0.......
0001F130  78 02 00 00 22 23 00 00  30 0C F0 15 8E 03 AC EC  x..."#..0.......
0001F140  40 02 00 00 22 23 00 00  10 0E F0 15 16 03 AE EC  @..."#..........
0001F150  D3 FA 00 00 22 23 00 00  30 0A F0 15 D2 FC AC EC  ...."#..0.......
0001F160  40 02 00 00 22 23 00 00  30 0B F0 15 2F 00 9C ED  @..."#..0.../...
0001F170  39 03 00 00 22 23 00 00  30 0B F0 17 35 00 71 F4  9..."#..0...5.q.
0001F180  71 03 00 00 22 23 00 00  30 0A F0 17 78 FC EE F3  q..."#..0...x...
0001F190  78 02 00 00 22 23 00 00  30 0B F0 17 35 00 71 F4  x..."#..0...5.q.
0001F1A0  71 03 00 00 22 23 00 00  30 0B F0 15 2F 00 9C ED  q..."#..0.../...
0001F1B0  39 03 00 00 22 23 00 00  30 0C F0 15 8E 03 AC EC  9..."#..0.......
0001F1C0  40 02 00 00 22 23 00 00  30 0C F0 17 F4 03 ED F3  @..."#..0.......
0001F1D0  78 02 00 00 01 00 00 00  08 00 00 00 02 00 00 7C  x..............|
0001F1E0  08 00 00 00 03 00 00 00  20 03 00 00 30 00 10 29  ........ ...0..)
0001F1F0  00 00 00 00 00 00 00 00  00 00 00 00 00 00 00 00  ................
0001F200  00 00 00 00 22 23 00 00  30 09 70 0E C0 FC 80 00  ...."#..0.p.....
0001F210  78 03 00 00 22 23 00 00  30 09 F0 0F E2 FB 47 FB  x..."#..0.....G.
0001F220  B6 09 00 00 22 23 00 00  10 0A 50 0F E1 FF FB FD  ...."#....P.....
0001F230  F0 09 00 00 22 23 00 00  10 0A 50 0F E1 FF FB FD  ...."#....P.....
0001F240  F0 09 00 00 22 23 00 00  F0 0A F0 0F 45 04 47 FB  ...."#......E.G.
0001F250  B6 09 00 00 22 23 00 00  F0 0A 70 0E 94 03 80 00  ...."#....p.....
0001F260  D1 02 00 00 22 23 00 00  10 0A D0 0C F8 FF D3 03  ...."#..........
0001F270  90 00 00 00 22 23 00 00  F0 0A 70 0E 94 03 80 00  ...."#....p.....
0001F280  D1 02 00 00 22 23 00 00  F0 0A 90 0C B7 02 BF FF  ...."#..........
0001F290  EA FB 00 00 22 23 00 00  30 09 90 0C 5F FD BE FF  ...."#..0..._...
0001F2A0  2F FC 00 00 22 23 00 00  B0 07 70 0E EC FB 01 FB  /..."#....p.....
0001F2B0  F9 02 00 00 22 23 00 00  30 09 70 0E C0 FC 80 00  ...."#..0.p.....
0001F2C0  78 03 00 00 22 23 00 00  F0 0A 70 0E 94 03 80 00  x..."#....p.....
0001F2D0  D1 02 00 00 22 23 00 00  70 0C 70 0E E0 04 FF FA  ...."#..p.p.....
0001F2E0  25 02 00 00 22 23 00 00  F0 0A 90 0C B7 02 BF FF  %..."#..........
0001F2F0  EA FB 00 00 22 23 00 00  30 09 70 0E C0 FC 80 00  ...."#..0.p.....
0001F300  78 03 00 00 22 23 00 00  B0 07 70 0E EC FB 01 FB  x..."#....p.....
0001F310  F9 02 00 00 22 23 00 00  B0 07 F0 0F E2 FB 47 FB  ...."#........G.
0001F320  B6 09 00 00 22 23 00 00  F0 0A 70 0E 94 03 80 00  ...."#....p.....
0001F330  D1 02 00 00 22 23 00 00  70 0C F0 0F 45 04 47 FB  ...."#..p...E.G.
0001F340  B6 09 00 00 22 23 00 00  70 0C 70 0E E0 04 FF FA  ...."#..p.p.....
0001F350  25 02 00 00 22 23 00 00  10 0A 50 0F E1 FF FB FD  %..."#....P.....
0001F360  F0 09 00 00 22 23 00 00  F0 0A 70 0E 94 03 80 00  ...."#....p.....
0001F370  D1 02 00 00 22 23 00 00  10 0A D0 0C F8 FF D3 03  ...."#..........
0001F380  90 00 00 00 22 23 00 00  30 09 70 0E C0 FC 80 00  ...."#..0.p.....
0001F390  78 03 00 00 22 23 00 00  10 0A D0 0C F8 FF D3 03  x..."#..........
0001F3A0  90 00 00 00 22 23 00 00  30 09 90 0C 5F FD BE FF  ...."#..0..._...
0001F3B0  2F FC 00 00 22 23 00 00  F0 0A 90 0B 5F FD BE FF  /..."#......_...
0001F3C0  2F FC 00 00 22 23 00 00  10 0A 10 0C F8 FF D3 03  /..."#..........
0001F3D0  90 00 00 00 22 23 00 00  F0 0A 90 0C B7 02 BF FF  ...."#..........
0001F3E0  EA FB 00 00 22 23 00 00  10 0A 50 0F E1 FF FB FD  ...."#....P.....
0001F3F0  F0 09 00 00 22 23 00 00  10 0A D0 0C F8 FF D3 03  ...."#..........
0001F400  90 00 00 00 22 23 00 00  30 09 70 0E C0 FC 80 00  ...."#..0.p.....
0001F410  78 03 00 00 22 23 00 00  10 0C 10 0B E2 FB 47 FB  x..."#........G.
0001F420  B6 09 00 00 22 23 00 00  10 0C B0 0A 45 04 47 FB  ...."#......E.G.
0001F430  B6 09 00 00 22 23 00 00  30 0A F0 0A EE FF FA FC  ...."#..0.......
0001F440  F7 0E 00 00 22 23 00 00  F0 0A F0 0F 45 04 47 FB  ...."#......E.G.
0001F450  B6 09 00 00 22 23 00 00  10 0A 50 0F E1 FF FB FD  ...."#....P.....
0001F460  F0 09 00 00 22 23 00 00  10 0A F0 0F EE FF FA FC  ...."#..........
0001F470  F7 0E 00 00 22 23 00 00  10 0A 50 0F E1 FF FB FD  ...."#....P.....
0001F480  F0 09 00 00 22 23 00 00  30 09 F0 0F E2 FB 47 FB  ...."#..0.....G.
0001F490  B6 09 00 00 22 23 00 00  10 0A F0 0F EE FF FA FC  ...."#..........
0001F4A0  F7 0E 00 00 22 23 00 00  F0 0A 90 0C B7 02 BF FF  ...."#..........
0001F4B0  EA FB 00 00 22 23 00 00  70 0C 70 0E E0 04 FF FA  ...."#..p.p.....
0001F4C0  25 02 00 00 22 23 00 00  70 0C 90 0C EC 02 EE FA  %..."#..p.......
0001F4D0  5A FB 00 00 22 23 00 00  30 09 90 0C 5F FD BE FF  Z..."#..0..._...
0001F4E0  2F FC 00 00 22 23 00 00  B0 07 90 0C 53 FD EE FA  /..."#......S...
0001F4F0  4D FB 00 00 22 23 00 00  B0 07 70 0E EC FB 01 FB  M..."#....p.....
0001F500  F9 02 00 00 04 00 00 00  E0 00 00 00 0C 00 10 29  ...............)
0001F510  00 00 00 00 00 00 00 00  00 00 00 00 00 00 00 00  ................
0001F520  00 00 00 00 22 23 00 00  50 0E B0 0A E0 04 FF FA  ...."#..P.......
0001F530  25 02 00 00 22 23 00 00  30 0E 10 0B EC FB 01 FB  %..."#..0.......
0001F540  F9 02 00 00 22 23 00 00  F0 0F 10 0B 53 FD EE FA  ...."#......S...
0001F550  4D FB 00 00 22 23 00 00  F0 0F B0 0A EC 02 EE FA  M..."#..........
0001F560  5A FB 00 00 22 23 00 00  F0 0A 90 0C B7 02 BF FF  Z..."#..........
0001F570  EA FB 00 00 22 23 00 00  70 0C 90 0C EC 02 EE FA  ...."#..p.......
0001F580  5A FB 00 00 22 23 00 00  70 0C 90 0B 53 FD EE FA  Z..."#..p...S...
0001F590  4D FB 00 00 22 23 00 00  F0 0A 90 0B 5F FD BE FF  M..."#......_...
0001F5A0  2F FC 00 00 22 23 00 00  10 0C B0 0A 45 04 47 FB  /..."#......E.G.
0001F5B0  B6 09 00 00 22 23 00 00  10 0C 10 0B E2 FB 47 FB  ...."#........G.
0001F5C0  B6 09 00 00 22 23 00 00  30 0E 10 0B EC FB 01 FB  ...."#..0.......
0001F5D0  F9 02 00 00 22 23 00 00  50 0E B0 0A E0 04 FF FA  ...."#..P.......
0001F5E0  25 02 00 00 01 00 00 00  08 00 00 00 02 00 01 7C  %..............|
0001F5F0  08 00 00 00 03 00 00 00  60 05 00 00 54 00 10 29  ........`...T..)
0001F600  00 00 00 00 00 00 00 00  00 00 00 00 00 00 00 00  ................
0001F610  00 00 00 00 22 23 00 00  90 07 D0 00 B5 FC D9 FD  ...."#..........
0001F620  4F F8 00 00 22 23 00 00  D0 09 D0 00 D8 04 D9 FD  O..."#..........
0001F630  4F F8 00 00 22 23 00 00  B0 08 30 04 4E FF DC EF  O..."#....0.N...
0001F640  95 F4 00 00 22 23 00 00  D0 05 F0 04 8C F6 D4 EB  ...."#..........
0001F650  2C FE 00 00 22 23 00 00  D0 04 B0 04 B0 FA 42 EC  ,..."#........B.
0001F660  54 02 00 00 22 23 00 00  D0 04 D0 00 EB FB E5 FD  T..."#..........
0001F670  93 03 00 00 22 23 00 00  90 07 30 04 89 FA 82 EF  ...."#....0.....
0001F680  D8 F6 00 00 22 23 00 00  D0 05 F0 04 8C F6 D4 EB  ...."#..........
0001F690  2C FE 00 00 22 23 00 00  D0 05 D0 00 4F FA 0B FE  ,..."#......O...
0001F6A0  DC FF 00 00 22 23 00 00  D0 01 F0 04 1C 08 D7 EB  ...."#..........
0001F6B0  30 FE 00 00 22 23 00 00  10 00 30 04 E9 03 82 EF  0..."#....0.....
0001F6C0  D8 F6 00 00 22 23 00 00  10 00 D0 00 D8 04 D9 FD  ...."#..........
0001F6D0  4F F8 00 00 22 23 00 00  D0 03 D0 00 65 FF BF FC  O..."#......e...
0001F6E0  B9 05 00 00 22 23 00 00  D0 03 90 04 65 FF 7A EC  ...."#......e.z.
0001F6F0  FB 04 00 00 22 23 00 00  D0 01 F0 04 1C 08 D7 EB  ...."#..........
0001F700  30 FE 00 00 22 23 00 00  D0 03 50 05 65 FF CC E7  0..."#....P.e...
0001F710  B3 01 00 00 22 23 00 00  D0 04 B0 04 B0 FA 42 EC  ...."#........B.
0001F720  54 02 00 00 22 23 00 00  D0 05 F0 04 8C F6 D4 EB  T..."#..........
0001F730  2C FE 00 00 22 23 00 00  30 03 50 0B 4E FF DC EF  ,..."#..0.P.N...
0001F740  95 F4 00 00 22 23 00 00  30 01 90 0A E9 03 82 EF  ...."#..0.......
0001F750  D8 F6 00 00 22 23 00 00  30 03 70 0A 65 FF C1 EA  ...."#..0.p.e...
0001F760  BF F6 00 00 22 23 00 00  D0 03 90 04 65 FF 7A EC  ...."#......e.z.
0001F770  FB 04 00 00 22 23 00 00  D0 03 50 05 65 FF CC E7  ...."#....P.e...
0001F780  B3 01 00 00 22 23 00 00  D0 01 F0 04 1C 08 D7 EB  ...."#..........
0001F790  30 FE 00 00 22 23 00 00  D0 01 D0 00 79 05 03 FE  0..."#......y...
0001F7A0  A8 00 00 00 22 23 00 00  D0 02 B0 FF 10 00 58 06  ...."#........X.
0001F7B0  8E FF 00 00 22 23 00 00  D0 03 D0 00 65 FF BF FC  ...."#......e...
0001F7C0  B9 05 00 00 22 23 00 00  90 07 D0 00 B5 FC D9 FD  ...."#..........
0001F7D0  4F F8 00 00 22 23 00 00  B0 08 B0 FF 10 00 58 06  O..."#........X.
0001F7E0  8E FF 00 00 22 23 00 00  D0 09 D0 00 D8 04 D9 FD  ...."#..........
0001F7F0  4F F8 00 00 22 23 00 00  D0 00 B0 FF 10 00 58 06  O..."#........X.
0001F800  8E FF 00 00 22 23 00 00  10 00 D0 00 79 05 03 FE  ...."#......y...
0001F810  A8 00 00 00 22 23 00 00  D0 01 D0 00 D8 04 D9 FD  ...."#..........
0001F820  4F F8 00 00 22 23 00 00  D0 04 B0 FF 10 00 58 06  O..."#........X.
0001F830  8E FF 00 00 22 23 00 00  D0 04 D0 00 EB FB E5 FD  ...."#..........
0001F840  93 03 00 00 22 23 00 00  D0 03 D0 00 65 FF BF FC  ...."#......e...
0001F850  B9 05 00 00 22 23 00 00  D0 05 D0 00 4F FA 0B FE  ...."#......O...
0001F860  DC FF 00 00 22 23 00 00  B0 06 B0 FF 10 00 58 06  ...."#........X.
0001F870  8E FF 00 00 22 23 00 00  90 07 D0 00 B5 FC D9 FD  ...."#..........
0001F880  4F F8 00 00 22 23 00 00  D0 05 F0 04 8C F6 D4 EB  O..."#..........
0001F890  2C FE 00 00 22 23 00 00  D0 03 10 06 65 FF 3D E7  ,..."#......e.=.
0001F8A0  D9 FC 00 00 22 23 00 00  D0 03 50 05 65 FF CC E7  ...."#....P.e...
0001F8B0  B3 01 00 00 22 23 00 00  D0 03 10 06 65 FF 3D E7  ...."#......e.=.
0001F8C0  D9 FC 00 00 22 23 00 00  D0 01 F0 04 1C 08 D7 EB  ...."#..........
0001F8D0  30 FE 00 00 22 23 00 00  D0 03 50 05 65 FF CC E7  0..."#....P.e...
0001F8E0  B3 01 00 00 22 23 00 00  90 07 D0 00 B5 FC D9 FD  ...."#..........
0001F8F0  4F F8 00 00 22 23 00 00  B0 08 30 04 4E FF DC EF  O..."#....0.N...
0001F900  95 F4 00 00 22 23 00 00  90 07 30 04 89 FA 82 EF  ...."#....0.....
0001F910  D8 F6 00 00 22 23 00 00  D0 09 D0 00 D8 04 D9 FD  ...."#..........
0001F920  4F F8 00 00 22 23 00 00  D0 09 30 04 E9 03 82 EF  O..."#....0.....
0001F930  D8 F6 00 00 22 23 00 00  B0 08 30 04 4E FF DC EF  ...."#....0.N...
0001F940  95 F4 00 00 22 23 00 00  30 05 90 0A 89 FA 82 EF  ...."#..0.......
0001F950  D8 F6 00 00 22 23 00 00  30 03 50 0B 4E FF DC EF  ...."#..0.P.N...
0001F960  95 F4 00 00 22 23 00 00  30 03 70 0A 65 FF C1 EA  ...."#..0.p.e...
0001F970  BF F6 00 00 22 23 00 00  D0 03 D0 00 65 FF BF FC  ...."#......e...
0001F980  B9 05 00 00 22 23 00 00  D0 01 F0 04 1C 08 D7 EB  ...."#..........
0001F990  30 FE 00 00 22 23 00 00  D0 01 D0 00 79 05 03 FE  0..."#......y...
0001F9A0  A8 00 00 00 22 23 00 00  30 03 70 0A 65 FF C1 EA  ...."#..0.p.e...
0001F9B0  BF F6 00 00 22 23 00 00  30 05 D0 08 8C F6 D4 EB  ...."#..0.......
0001F9C0  2C FE 00 00 22 23 00 00  30 05 90 0A 89 FA 82 EF  ,..."#..0.......
0001F9D0  D8 F6 00 00 22 23 00 00  30 01 90 0A E9 03 82 EF  ...."#..0.......
0001F9E0  D8 F6 00 00 22 23 00 00  30 01 D0 08 1C 08 D7 EB  ...."#..0.......
0001F9F0  30 FE 00 00 22 23 00 00  30 03 70 0A 65 FF C1 EA  0..."#..0.p.e...
0001FA00  BF F6 00 00 22 23 00 00  D0 03 50 05 65 FF CC E7  ...."#....P.e...
0001FA10  B3 01 00 00 22 23 00 00  D0 03 90 04 65 FF 7A EC  ...."#......e.z.
0001FA20  FB 04 00 00 22 23 00 00  D0 04 B0 04 B0 FA 42 EC  ...."#........B.
0001FA30  54 02 00 00 22 23 00 00  D0 05 D0 00 4F FA 0B FE  T..."#......O...
0001FA40  DC FF 00 00 22 23 00 00  D0 04 D0 00 EB FB E5 FD  ...."#..........
0001FA50  93 03 00 00 22 23 00 00  D0 04 B0 FF 10 00 58 06  ...."#........X.
0001FA60  8E FF 00 00 22 23 00 00  D0 05 F0 04 8C F6 D4 EB  ...."#..........
0001FA70  2C FE 00 00 22 23 00 00  D0 04 D0 00 EB FB E5 FD  ,..."#..........
0001FA80  93 03 00 00 22 23 00 00  D0 05 D0 00 4F FA 0B FE  ...."#......O...
0001FA90  DC FF 00 00 22 23 00 00  D0 01 F0 04 1C 08 D7 EB  ...."#..........
0001FAA0  30 FE 00 00 22 23 00 00  10 00 D0 00 D8 04 D9 FD  0..."#..........
0001FAB0  4F F8 00 00 22 23 00 00  D0 01 D0 00 79 05 03 FE  O..."#......y...
0001FAC0  A8 00 00 00 22 23 00 00  90 07 D0 00 B5 FC D9 FD  ...."#..........
0001FAD0  4F F8 00 00 22 23 00 00  90 07 30 04 89 FA 82 EF  O..."#....0.....
0001FAE0  D8 F6 00 00 22 23 00 00  D0 05 D0 00 4F FA 0B FE  ...."#......O...
0001FAF0  DC FF 00 00 22 23 00 00  30 03 70 0A 65 FF C1 EA  ...."#..0.p.e...
0001FB00  BF F6 00 00 22 23 00 00  30 01 D0 08 1C 08 D7 EB  ...."#..0.......
0001FB10  30 FE 00 00 22 23 00 00  30 03 50 09 65 FF 3D E7  0..."#..0.P.e.=.
0001FB20  D9 FC 00 00 22 23 00 00  30 03 50 09 65 FF 3D E7  ...."#..0.P.e.=.
0001FB30  D9 FC 00 00 22 23 00 00  30 05 D0 08 8C F6 D4 EB  ...."#..0.......
0001FB40  2C FE 00 00 22 23 00 00  30 03 70 0A 65 FF C1 EA  ,..."#..0.p.e...
0001FB50  BF F6 00 00 04 00 00 00  60 00 00 00 04 00 10 29  ........`......)
0001FB60  00 00 00 00 00 00 00 00  00 00 00 00 00 00 00 00  ................
0001FB70  00 00 00 00 22 23 00 00  D0 04 B0 04 B0 FA 42 EC  ...."#........B.
0001FB80  54 02 00 00 22 23 00 00  D0 03 90 04 65 FF 7A EC  T..."#......e.z.
0001FB90  FB 04 00 00 22 23 00 00  D0 03 D0 00 65 FF BF FC  ...."#......e...
0001FBA0  B9 05 00 00 22 23 00 00  D0 04 D0 00 EB FB E5 FD  ...."#..........
0001FBB0  93 03 00 00 01 00 00 00  08 00 00 00 02 00 01 7C  ...............|
0001FBC0  08 00 00 00 03 00 00 00  C0 08 00 00 8A 00 10 29  ...............)
0001FBD0  00 00 00 00 00 00 00 00  00 00 00 00 00 00 00 00  ................
0001FBE0  00 00 00 00 22 23 00 00  B0 08 F0 04 4E FF C9 00  ...."#......N...
0001FBF0  83 F6 00 00 22 23 00 00  D0 09 F0 04 60 03 6F 00  ...."#......`.o.
0001FC00  BA F9 00 00 22 23 00 00  D0 09 30 06 16 06 94 FA  ...."#....0.....
0001FC10  3F F9 00 00 22 23 00 00  30 05 B0 08 CD FA 54 F4  ?..."#..0.....T.
0001FC20  57 03 00 00 22 23 00 00  70 02 B0 08 FA 04 43 F4  W..."#..p.....C.
0001FC30  77 03 00 00 22 23 00 00  D0 03 70 07 65 FF CF F8  w..."#....p.e...
0001FC40  29 07 00 00 22 23 00 00  90 07 B0 08 97 FB 92 F4  )..."#..........
0001FC50  A1 F9 00 00 22 23 00 00  D0 09 B0 08 1D 04 94 F4  ...."#..........
0001FC60  7A F9 00 00 22 23 00 00  B0 08 30 08 E7 FF A8 F0  z..."#....0.....
0001FC70  A5 FE 00 00 22 23 00 00  D0 05 F0 04 8C F6 32 00  ...."#........2.
0001FC80  E4 FE 00 00 22 23 00 00  90 07 F0 04 73 FA 6F 00  ...."#......s.o.
0001FC90  68 F8 00 00 22 23 00 00  90 07 30 06 BB F7 F3 FA  h..."#....0.....
0001FCA0  4C F8 00 00 22 23 00 00  70 02 B0 08 FA 04 43 F4  L..."#..p.....C.
0001FCB0  77 03 00 00 22 23 00 00  10 00 B0 08 1D 04 94 F4  w..."#..........
0001FCC0  7A F9 00 00 22 23 00 00  D0 01 D0 07 AB 07 68 F7  z..."#........h.
0001FCD0  DC 01 00 00 22 23 00 00  D0 03 50 04 4E FF D8 00  ...."#....P.N...
0001FCE0  E0 04 00 00 22 23 00 00  D0 01 30 06 F4 07 38 FB  ...."#....0...8.
0001FCF0  91 01 00 00 22 23 00 00  D0 01 F0 04 1A 08 35 00  ...."#........5.
0001FD00  E8 FE 00 00 22 23 00 00  B0 08 70 07 D8 FF D9 F8  ...."#....p.....
0001FD10  B7 F5 00 00 22 23 00 00  D0 09 D0 07 A0 05 B5 F6  ...."#..........
0001FD20  C3 F8 00 00 22 23 00 00  D0 09 B0 08 1D 04 94 F4  ...."#..........
0001FD30  7A F9 00 00 22 23 00 00  D0 03 D0 05 65 FF F4 FC  z..."#......e...
0001FD40  2A 07 00 00 22 23 00 00  D0 03 50 04 4E FF D8 00  *..."#....P.N...
0001FD50  E0 04 00 00 22 23 00 00  D0 04 90 04 B0 FA A0 00  ...."#..........
0001FD60  F2 02 00 00 22 23 00 00  D0 05 D0 07 E4 F6 68 F7  ...."#........h.
0001FD70  03 02 00 00 22 23 00 00  90 07 D0 07 1F F8 1D F7  ...."#..........
0001FD80  DA F8 00 00 22 23 00 00  90 07 B0 08 97 FB 92 F4  ...."#..........
0001FD90  A1 F9 00 00 22 23 00 00  D0 01 30 06 F4 07 38 FB  ...."#....0...8.
0001FDA0  91 01 00 00 22 23 00 00  10 00 30 06 16 06 94 FA  ...."#....0.....
0001FDB0  3F F9 00 00 22 23 00 00  D0 01 F0 04 1A 08 35 00  ?..."#........5.
0001FDC0  E8 FE 00 00 22 23 00 00  D0 01 F0 04 1A 08 35 00  ...."#........5.
0001FDD0  E8 FE 00 00 22 23 00 00  D0 03 D0 03 4E FF 95 04  ...."#......N...
0001FDE0  09 00 00 00 22 23 00 00  D0 03 50 04 4E FF D8 00  ...."#....P.N...
0001FDF0  E0 04 00 00 22 23 00 00  D0 03 50 04 4E FF D8 00  ...."#....P.N...
0001FE00  E0 04 00 00 22 23 00 00  D0 03 D0 03 4E FF 95 04  ...."#......N...
0001FE10  09 00 00 00 22 23 00 00  D0 04 90 04 B0 FA A0 00  ...."#..........
0001FE20  F2 02 00 00 22 23 00 00  D0 05 F0 04 8C F6 32 00  ...."#........2.
0001FE30  E4 FE 00 00 22 23 00 00  D0 03 D0 03 4E FF 95 04  ...."#......N...
0001FE40  09 00 00 00 22 23 00 00  90 07 F0 04 73 FA 6F 00  ...."#......s.o.
0001FE50  68 F8 00 00 22 23 00 00  D0 09 F0 04 60 03 6F 00  h..."#......`.o.
0001FE60  BA F9 00 00 22 23 00 00  B0 08 F0 04 4E FF C9 00  ...."#......N...
0001FE70  83 F6 00 00 22 23 00 00  B0 08 D0 03 4E FF 95 04  ...."#......N...
0001FE80  09 00 00 00 22 23 00 00  10 00 F0 04 60 03 6F 00  ...."#......`.o.
0001FE90  BA F9 00 00 22 23 00 00  D0 03 D0 03 4E FF 95 04  ...."#......N...
0001FEA0  09 00 00 00 22 23 00 00  D0 01 F0 04 1A 08 35 00  ...."#........5.
0001FEB0  E8 FE 00 00 22 23 00 00  B0 08 F0 04 4E FF C9 00  ...."#......N...
0001FEC0  83 F6 00 00 22 23 00 00  B0 08 D0 05 CC FF 1E FC  ...."#..........
0001FED0  F6 F5 00 00 22 23 00 00  90 07 30 06 BB F7 F3 FA  ...."#....0.....
0001FEE0  4C F8 00 00 22 23 00 00  90 07 F0 04 73 FA 6F 00  L..."#......s.o.
0001FEF0  68 F8 00 00 22 23 00 00  B0 08 F0 04 4E FF C9 00  h..."#......N...
0001FF00  83 F6 00 00 22 23 00 00  90 07 30 06 BB F7 F3 FA  ...."#....0.....
0001FF10  4C F8 00 00 22 23 00 00  B0 08 F0 04 4E FF C9 00  L..."#......N...
0001FF20  83 F6 00 00 22 23 00 00  D0 09 30 06 16 06 94 FA  ...."#....0.....
0001FF30  3F F9 00 00 22 23 00 00  B0 08 D0 05 CC FF 1E FC  ?..."#..........
0001FF40  F6 F5 00 00 22 23 00 00  90 07 D0 07 1F F8 1D F7  ...."#..........
0001FF50  DA F8 00 00 22 23 00 00  B0 08 70 07 D8 FF D9 F8  ...."#....p.....
0001FF60  B7 F5 00 00 22 23 00 00  90 07 B0 08 97 FB 92 F4  ...."#..........
0001FF70  A1 F9 00 00 22 23 00 00  B0 08 70 07 D8 FF D9 F8  ...."#....p.....
0001FF80  B7 F5 00 00 22 23 00 00  D0 09 B0 08 1D 04 94 F4  ...."#..........
0001FF90  7A F9 00 00 22 23 00 00  90 07 B0 08 97 FB 92 F4  z..."#..........
0001FFA0  A1 F9 00 00 22 23 00 00  30 05 B0 08 CD FA 54 F4  ...."#..0.....T.
0001FFB0  57 03 00 00 22 23 00 00  D0 03 70 07 65 FF CF F8  W..."#....p.e...
0001FFC0  29 07 00 00 22 23 00 00  D0 05 D0 07 E4 F6 68 F7  )..."#........h.
0001FFD0  03 02 00 00 22 23 00 00  70 02 B0 08 FA 04 43 F4  ...."#..p.....C.
0001FFE0  77 03 00 00 22 23 00 00  D0 01 D0 07 AB 07 68 F7  w..."#........h.
0001FFF0  DC 01 00 00 22 23 00 00  D0 03 70 07 65 FF CF F8  ...."#....p.e...
00020000  29 07 00 00 22 23 00 00  D0 05 D0 07 E4 F6 68 F7  )..."#........h.
00020010  03 02 00 00 22 23 00 00  90 07 B0 08 97 FB 92 F4  ...."#..........
00020020  A1 F9 00 00 22 23 00 00  30 05 B0 08 CD FA 54 F4  ...."#..0.....T.
00020030  57 03 00 00 22 23 00 00  10 00 B0 08 1D 04 94 F4  W..."#..........
00020040  7A F9 00 00 22 23 00 00  10 00 D0 07 A0 05 B5 F6  z..."#..........
00020050  C3 F8 00 00 22 23 00 00  D0 01 D0 07 AB 07 68 F7  ...."#........h.
00020060  DC 01 00 00 22 23 00 00  30 05 B0 08 CD FA 54 F4  ...."#..0.....T.
00020070  57 03 00 00 22 23 00 00  D0 03 30 08 E7 FF A8 F0  W..."#....0.....
00020080  A5 FE 00 00 22 23 00 00  70 02 B0 08 FA 04 43 F4  ...."#..p.....C.
00020090  77 03 00 00 22 23 00 00  50 01 30 08 E7 FF A8 F0  w..."#..P.0.....
000200A0  A5 FE 00 00 22 23 00 00  10 00 B0 08 1D 04 94 F4  ...."#..........
000200B0  7A F9 00 00 22 23 00 00  70 02 B0 08 FA 04 43 F4  z..."#..p.....C.
000200C0  77 03 00 00 22 23 00 00  30 05 B0 08 CD FA 54 F4  w..."#..0.....T.
000200D0  57 03 00 00 22 23 00 00  90 07 B0 08 97 FB 92 F4  W..."#..........
000200E0  A1 F9 00 00 22 23 00 00  70 06 30 08 E7 FF A8 F0  ...."#..p.0.....
000200F0  A5 FE 00 00 22 23 00 00  D0 03 50 04 4E FF D8 00  ...."#....P.N...
00020100  E0 04 00 00 22 23 00 00  D0 03 D0 05 65 FF F4 FC  ...."#......e...
00020110  2A 07 00 00 22 23 00 00  D0 01 30 06 F4 07 38 FB  *..."#....0...8.
00020120  91 01 00 00 22 23 00 00  B0 08 F0 04 4E FF C9 00  ...."#......N...
00020130  83 F6 00 00 22 23 00 00  90 07 F0 04 73 FA 6F 00  ...."#......s.o.
00020140  68 F8 00 00 22 23 00 00  B0 08 D0 03 4E FF 95 04  h..."#......N...
00020150  09 00 00 00 22 23 00 00  D0 05 30 06 9B F6 38 FB  ...."#....0...8.
00020160  B5 01 00 00 22 23 00 00  D0 04 90 04 B0 FA A0 00  ...."#..........
00020170  F2 02 00 00 22 23 00 00  D0 05 F0 04 8C F6 32 00  ...."#........2.
00020180  E4 FE 00 00 22 23 00 00  D0 05 30 06 9B F6 38 FB  ...."#....0...8.
00020190  B5 01 00 00 22 23 00 00  D0 03 D0 05 65 FF F4 FC  ...."#......e...
000201A0  2A 07 00 00 22 23 00 00  D0 04 90 04 B0 FA A0 00  *..."#..........
000201B0  F2 02 00 00 22 23 00 00  D0 03 D0 03 4E FF 95 04  ...."#......N...
000201C0  09 00 00 00 22 23 00 00  D0 05 F0 04 8C F6 32 00  ...."#........2.
000201D0  E4 FE 00 00 22 23 00 00  D0 04 90 04 B0 FA A0 00  ...."#..........
000201E0  F2 02 00 00 22 23 00 00  D0 05 F0 04 8C F6 32 00  ...."#........2.
000201F0  E4 FE 00 00 22 23 00 00  90 07 30 06 BB F7 F3 FA  ...."#....0.....
00020200  4C F8 00 00 22 23 00 00  D0 05 30 06 9B F6 38 FB  L..."#....0...8.
00020210  B5 01 00 00 22 23 00 00  10 00 30 06 16 06 94 FA  ...."#....0.....
00020220  3F F9 00 00 22 23 00 00  10 00 F0 04 60 03 6F 00  ?..."#......`.o.
00020230  BA F9 00 00 22 23 00 00  D0 01 F0 04 1A 08 35 00  ...."#........5.
00020240  E8 FE 00 00 22 23 00 00  D0 05 D0 07 E4 F6 68 F7  ...."#........h.
00020250  03 02 00 00 22 23 00 00  D0 03 70 07 65 FF CF F8  ...."#....p.e...
00020260  29 07 00 00 22 23 00 00  D0 04 B0 04 65 FF F2 03  )..."#......e...
00020270  9B FD 00 00 22 23 00 00  B0 08 70 07 D8 FF D9 F8  ...."#....p.....
00020280  B7 F5 00 00 22 23 00 00  B0 08 B0 04 65 FF F2 03  ...."#......e...
00020290  9B FD 00 00 22 23 00 00  D0 09 D0 07 A0 05 B5 F6  ...."#..........
000202A0  C3 F8 00 00 22 23 00 00  F0 00 B0 04 65 FF F2 03  ...."#......e...
000202B0  9B FD 00 00 22 23 00 00  D0 01 D0 07 AB 07 68 F7  ...."#........h.
000202C0  DC 01 00 00 22 23 00 00  10 00 D0 07 A0 05 B5 F6  ...."#..........
000202D0  C3 F8 00 00 22 23 00 00  F0 02 B0 04 65 FF F2 03  ...."#......e...
000202E0  9B FD 00 00 22 23 00 00  D0 03 70 07 65 FF CF F8  ...."#....p.e...
000202F0  29 07 00 00 22 23 00 00  D0 01 D0 07 AB 07 68 F7  )..."#........h.
00020300  DC 01 00 00 22 23 00 00  90 07 D0 07 1F F8 1D F7  ...."#..........
00020310  DA F8 00 00 22 23 00 00  D0 05 D0 07 E4 F6 68 F7  ...."#........h.
00020320  03 02 00 00 22 23 00 00  90 06 B0 04 65 FF F2 03  ...."#......e...
00020330  9B FD 00 00 22 23 00 00  B0 08 70 07 D8 FF D9 F8  ...."#....p.....
00020340  B7 F5 00 00 22 23 00 00  90 07 D0 07 1F F8 1D F7  ...."#..........
00020350  DA F8 00 00 22 23 00 00  B0 08 B0 04 65 FF F2 03  ...."#......e...
00020360  9B FD 00 00 22 23 00 00  90 07 30 06 BB F7 F3 FA  ...."#....0.....
00020370  4C F8 00 00 22 23 00 00  B0 08 D0 05 CC FF 1E FC  L..."#..........
00020380  F6 F5 00 00 22 23 00 00  B0 08 B0 08 B9 FF 7B EE  ...."#........{.
00020390  F7 FE 00 00 22 23 00 00  D0 03 D0 05 65 FF F4 FC  ...."#......e...
000203A0  2A 07 00 00 22 23 00 00  D0 03 B0 08 B9 FF 7B EE  *..."#........{.
000203B0  F7 FE 00 00 22 23 00 00  D0 01 30 06 F4 07 38 FB  ...."#....0...8.
000203C0  91 01 00 00 22 23 00 00  F0 00 B0 08 B9 FF 7B EE  ...."#........{.
000203D0  F7 FE 00 00 22 23 00 00  10 00 30 06 16 06 94 FA  ...."#....0.....
000203E0  3F F9 00 00 22 23 00 00  D0 01 30 06 F4 07 38 FB  ?..."#....0...8.
000203F0  91 01 00 00 22 23 00 00  B0 08 B0 08 B9 FF 7B EE  ...."#........{.
00020400  F7 FE 00 00 22 23 00 00  B0 08 D0 05 CC FF 1E FC  ...."#..........
00020410  F6 F5 00 00 22 23 00 00  D0 09 30 06 16 06 94 FA  ...."#....0.....
00020420  3F F9 00 00 22 23 00 00  D0 05 30 06 9B F6 38 FB  ?..."#....0...8.
00020430  B5 01 00 00 22 23 00 00  90 07 30 06 BB F7 F3 FA  ...."#....0.....
00020440  4C F8 00 00 22 23 00 00  B0 06 B0 08 B9 FF 7B EE  L..."#........{.
00020450  F7 FE 00 00 22 23 00 00  D0 03 D0 05 65 FF F4 FC  ...."#......e...
00020460  2A 07 00 00 22 23 00 00  D0 05 30 06 9B F6 38 FB  *..."#....0...8.
00020470  B5 01 00 00 22 23 00 00  D0 03 B0 08 B9 FF 7B EE  ...."#........{.
00020480  F7 FE 00 00 02 00 00 7C  08 00 00 00 03 00 00 00  .......|........
00020490  10 01 00 00 0F 00 10 29  00 00 00 00 00 00 00 00  .......)........
000204A0  00 00 00 00 00 00 00 00  00 00 00 00 22 23 00 00  ............"#..
000204B0  10 0E F0 15 C1 02 AD EC  D2 FA 00 00 22 23 00 00  ............"#..
000204C0  30 0C F0 15 2E 03 AC EC  40 02 00 00 22 23 00 00  0.......@..."#..
000204D0  10 0D 70 15 DE FF 75 E9  F9 FE 00 00 22 23 00 00  ..p...u....."#..
000204E0  30 0A F0 15 2E 03 AC EC  40 02 00 00 22 23 00 00  0.......@..."#..
000204F0  30 0B F0 15 D1 FF 9C ED  39 03 00 00 22 23 00 00  0.......9..."#..
00020500  30 0B 70 15 DE FF 75 E9  F9 FE 00 00 22 23 00 00  0.p...u....."#..
00020510  F0 0F F0 15 C1 02 AD EC  D2 FA 00 00 22 23 00 00  ............"#..
00020520  F0 0E 70 15 DE FF 75 E9  F9 FE 00 00 22 23 00 00  ..p...u....."#..
00020530  10 0E F0 15 EA FC AE EC  D3 FA 00 00 22 23 00 00  ............"#..
00020540  10 0D 70 15 DE FF 75 E9  F9 FE 00 00 22 23 00 00  ..p...u....."#..
00020550  30 0C F0 15 72 FC AC EC  40 02 00 00 22 23 00 00  0...r...@..."#..
00020560  10 0E F0 15 EA FC AE EC  D3 FA 00 00 22 23 00 00  ............"#..
00020570  30 0B F0 15 D1 FF 9C ED  39 03 00 00 22 23 00 00  0.......9..."#..
00020580  30 0C F0 15 72 FC AC EC  40 02 00 00 22 23 00 00  0...r...@..."#..
00020590  30 0B 70 15 DE FF 75 E9  F9 FE 00 00 04 00 00 00  0.p...u.........
000205A0  60 01 00 00 14 00 10 29  00 00 00 00 00 00 00 00  `......)........
000205B0  00 00 00 00 00 00 00 00  00 00 00 00 22 23 00 00  ............"#..
000205C0  F0 0F F0 17 2C 03 EE F3  67 FA 00 00 22 23 00 00  ....,...g..."#..
000205D0  F0 0F F0 15 C1 02 AD EC  D2 FA 00 00 22 23 00 00  ............"#..
000205E0  10 0E F0 15 EA FC AE EC  D3 FA 00 00 22 23 00 00  ............"#..
000205F0  10 0E F0 17 7F FC EE F3  68 FA 00 00 22 23 00 00  ........h..."#..
00020600  30 0C F0 17 88 03 EE F3  78 02 00 00 22 23 00 00  0.......x..."#..
00020610  30 0C F0 15 2E 03 AC EC  40 02 00 00 22 23 00 00  0.......@..."#..
00020620  10 0E F0 15 C1 02 AD EC  D2 FA 00 00 22 23 00 00  ............"#..
00020630  10 0E F0 17 2C 03 EE F3  67 FA 00 00 22 23 00 00  ....,...g..."#..
00020640  10 0E F0 17 7F FC EE F3  68 FA 00 00 22 23 00 00  ........h..."#..
00020650  10 0E F0 15 EA FC AE EC  D3 FA 00 00 22 23 00 00  ............"#..
00020660  30 0C F0 15 72 FC AC EC  40 02 00 00 22 23 00 00  0...r...@..."#..
00020670  30 0C F0 17 0C FC ED F3  78 02 00 00 22 23 00 00  0.......x..."#..
00020680  30 0A F0 15 2E 03 AC EC  40 02 00 00 22 23 00 00  0.......@..."#..
00020690  30 0A F0 17 88 03 EE F3  78 02 00 00 22 23 00 00  0.......x..."#..
000206A0  30 0B F0 17 CB FF 71 F4  71 03 00 00 22 23 00 00  0.....q.q..."#..
000206B0  30 0B F0 15 D1 FF 9C ED  39 03 00 00 22 23 00 00  0.......9..."#..
000206C0  30 0B F0 17 CB FF 71 F4  71 03 00 00 22 23 00 00  0.....q.q..."#..
000206D0  30 0C F0 17 0C FC ED F3  78 02 00 00 22 23 00 00  0.......x..."#..
000206E0  30 0C F0 15 72 FC AC EC  40 02 00 00 22 23 00 00  0...r...@..."#..
000206F0  30 0B F0 15 D1 FF 9C ED  39 03 00 00 01 00 00 00  0.......9.......
00020700  08 00 00 00 02 00 00 7C  08 00 00 00 03 00 00 00  .......|........
00020710  20 03 00 00 30 00 10 29  00 00 00 00 00 00 00 00   ...0..)........
00020720  00 00 00 00 00 00 00 00  00 00 00 00 22 23 00 00  ............"#..
00020730  30 09 70 0E 40 03 80 00  78 03 00 00 22 23 00 00  0.p.@...x..."#..
00020740  10 0A 50 0F 1F 00 FB FD  F0 09 00 00 22 23 00 00  ..P........."#..
00020750  30 09 F0 0F 1E 04 47 FB  B6 09 00 00 22 23 00 00  0.....G....."#..
00020760  10 0A 50 0F 1F 00 FB FD  F0 09 00 00 22 23 00 00  ..P........."#..
00020770  F0 0A 70 0E 6C FC 80 00  D1 02 00 00 22 23 00 00  ..p.l......."#..
00020780  F0 0A F0 0F BB FB 47 FB  B6 09 00 00 22 23 00 00  ......G....."#..
00020790  10 0A D0 0C 08 00 D3 03  90 00 00 00 22 23 00 00  ............"#..
000207A0  F0 0A 90 0C 49 FD BF FF  EA FB 00 00 22 23 00 00  ....I......."#..
000207B0  F0 0A 70 0E 6C FC 80 00  D1 02 00 00 22 23 00 00  ..p.l......."#..
000207C0  30 09 90 0C A1 02 BE FF  2F FC 00 00 22 23 00 00  0......./..."#..
000207D0  30 09 70 0E 40 03 80 00  78 03 00 00 22 23 00 00  0.p.@...x..."#..
000207E0  B0 07 70 0E 14 04 01 FB  F9 02 00 00 22 23 00 00  ..p........."#..
000207F0  F0 0A 70 0E 6C FC 80 00  D1 02 00 00 22 23 00 00  ..p.l......."#..
00020800  F0 0A 90 0C 49 FD BF FF  EA FB 00 00 22 23 00 00  ....I......."#..
00020810  70 0C 70 0E 20 FB FF FA  25 02 00 00 22 23 00 00  p.p. ...%..."#..
00020820  30 09 70 0E 40 03 80 00  78 03 00 00 22 23 00 00  0.p.@...x..."#..
00020830  B0 07 F0 0F 1E 04 47 FB  B6 09 00 00 22 23 00 00  ......G....."#..
00020840  B0 07 70 0E 14 04 01 FB  F9 02 00 00 22 23 00 00  ..p........."#..
00020850  F0 0A 70 0E 6C FC 80 00  D1 02 00 00 22 23 00 00  ..p.l......."#..
00020860  70 0C 70 0E 20 FB FF FA  25 02 00 00 22 23 00 00  p.p. ...%..."#..
00020870  70 0C F0 0F BB FB 47 FB  B6 09 00 00 22 23 00 00  p.....G....."#..
00020880  10 0A 50 0F 1F 00 FB FD  F0 09 00 00 22 23 00 00  ..P........."#..
00020890  10 0A D0 0C 08 00 D3 03  90 00 00 00 22 23 00 00  ............"#..
000208A0  F0 0A 70 0E 6C FC 80 00  D1 02 00 00 22 23 00 00  ..p.l......."#..
000208B0  30 09 70 0E 40 03 80 00  78 03 00 00 22 23 00 00  0.p.@...x..."#..
000208C0  30 09 90 0C A1 02 BE FF  2F FC 00 00 22 23 00 00  0......./..."#..
000208D0  10 0A D0 0C 08 00 D3 03  90 00 00 00 22 23 00 00  ............"#..
000208E0  F0 0A 90 0B A1 02 BE FF  2F FC 00 00 22 23 00 00  ......../..."#..
000208F0  F0 0A 90 0C 49 FD BF FF  EA FB 00 00 22 23 00 00  ....I......."#..
00020900  10 0A 10 0C 08 00 D3 03  90 00 00 00 22 23 00 00  ............"#..
00020910  10 0A 50 0F 1F 00 FB FD  F0 09 00 00 22 23 00 00  ..P........."#..
00020920  30 09 70 0E 40 03 80 00  78 03 00 00 22 23 00 00  0.p.@...x..."#..
00020930  10 0A D0 0C 08 00 D3 03  90 00 00 00 22 23 00 00  ............"#..
00020940  10 0C 10 0B 1E 04 47 FB  B6 09 00 00 22 23 00 00  ......G....."#..
00020950  30 0A F0 0A 12 00 FA FC  F7 0E 00 00 22 23 00 00  0..........."#..
00020960  10 0C B0 0A BB FB 47 FB  B6 09 00 00 22 23 00 00  ......G....."#..
00020970  F0 0A F0 0F BB FB 47 FB  B6 09 00 00 22 23 00 00  ......G....."#..
00020980  10 0A F0 0F 12 00 FA FC  F7 0E 00 00 22 23 00 00  ............"#..
00020990  10 0A 50 0F 1F 00 FB FD  F0 09 00 00 22 23 00 00  ..P........."#..
000209A0  10 0A 50 0F 1F 00 FB FD  F0 09 00 00 22 23 00 00  ..P........."#..
000209B0  10 0A F0 0F 12 00 FA FC  F7 0E 00 00 22 23 00 00  ............"#..
000209C0  30 09 F0 0F 1E 04 47 FB  B6 09 00 00 22 23 00 00  0.....G....."#..
000209D0  F0 0A 90 0C 49 FD BF FF  EA FB 00 00 22 23 00 00  ....I......."#..
000209E0  70 0C 90 0C 14 FD EE FA  5A FB 00 00 22 23 00 00  p.......Z..."#..
000209F0  70 0C 70 0E 20 FB FF FA  25 02 00 00 22 23 00 00  p.p. ...%..."#..
00020A00  30 09 90 0C A1 02 BE FF  2F FC 00 00 22 23 00 00  0......./..."#..
00020A10  B0 07 70 0E 14 04 01 FB  F9 02 00 00 22 23 00 00  ..p........."#..
00020A20  B0 07 90 0C AD 02 EE FA  4D FB 00 00 04 00 00 00  ........M.......
00020A30  E0 00 00 00 0C 00 10 29  00 00 00 00 00 00 00 00  .......)........
00020A40  00 00 00 00 00 00 00 00  00 00 00 00 22 23 00 00  ............"#..
00020A50  50 0E B0 0A 20 FB FF FA  25 02 00 00 22 23 00 00  P... ...%..."#..
00020A60  F0 0F B0 0A 14 FD EE FA  5A FB 00 00 22 23 00 00  ........Z..."#..
00020A70  F0 0F 10 0B AD 02 EE FA  4D FB 00 00 22 23 00 00  ........M..."#..
00020A80  30 0E 10 0B 14 04 01 FB  F9 02 00 00 22 23 00 00  0..........."#..
00020A90  F0 0A 90 0C 49 FD BF FF  EA FB 00 00 22 23 00 00  ....I......."#..
00020AA0  F0 0A 90 0B A1 02 BE FF  2F FC 00 00 22 23 00 00  ......../..."#..
00020AB0  70 0C 90 0B AD 02 EE FA  4D FB 00 00 22 23 00 00  p.......M..."#..
00020AC0  70 0C 90 0C 14 FD EE FA  5A FB 00 00 22 23 00 00  p.......Z..."#..
00020AD0  10 0C B0 0A BB FB 47 FB  B6 09 00 00 22 23 00 00  ......G....."#..
00020AE0  50 0E B0 0A 20 FB FF FA  25 02 00 00 22 23 00 00  P... ...%..."#..
00020AF0  30 0E 10 0B 14 04 01 FB  F9 02 00 00 22 23 00 00  0..........."#..
00020B00  10 0C 10 0B 1E 04 47 FB  B6 09 00 00 01 00 00 00  ......G.........
00020B10  08 00 00 00 C7 01 00 00  08 09 00 00 60 00 00 00  ............`...
00020B20  DF 7B 00 00 D7 01 00 00  58 10 00 00 60 00 00 00  .{......X...`...
00020B30  DF 7B 00 00 DD 01 00 00  C8 15 00 00 60 00 00 00  .{..........`...
00020B40  DF 7B 00 00 E3 01 00 00  D8 25 00 00 60 00 00 00  .{.......%..`...
00020B50  DF 7B 00 00 F4 01 00 00  C8 2B 00 00 60 00 00 01  .{.......+..`...
00020B60  DF 7B 00 00 FB 01 00 00  78 31 00 00 60 00 00 01  .{......x1..`...
00020B70  DF 7B 00 00 00 02 00 00  E8 3A 00 00 60 00 00 01  .{.......:..`...
00020B80  DF 7B 00 00 05 02 00 00  B8 3D 00 00 60 00 00 01  .{.......=..`...
00020B90  DF 7B 00 00 11 02 00 00  A8 3E 00 00 60 00 00 01  .{.......>..`...
00020BA0  DF 7B 00 00 15 02 00 00  98 41 00 00 60 00 00 01  .{.......A..`...
00020BB0  DF 7B 00 00 20 02 00 00  28 49 00 00 60 00 00 01  .{.. ...(I..`...
00020BC0  DF 7B 00 00 2C 02 00 00  F8 4F 00 00 60 00 00 01  .{..,....O..`...
00020BD0  DF 7B 00 00 37 02 00 00  C8 56 00 00 60 00 00 01  .{..7....V..`...
00020BE0  DF 7B 00 00 40 02 00 00  58 5D 00 00 60 00 00 01  .{..@...X]..`...
00020BF0  DF 7B 00 00 4B 02 00 00  28 6A 00 00 60 00 00 01  .{..K...(j..`...
00020C00  DF 7B 00 00 57 02 00 00  B8 7B 00 00 61 00 00 01  .{..W....{..a...
00020C10  EF 3D 00 00 62 02 00 00  38 97 00 00 60 00 00 01  .=..b...8...`...
00020C20  DF 7B 00 00 70 02 00 00  08 A9 00 00 61 00 00 01  .{..p.......a...
00020C30  EF 3D 00 00 7E 02 00 00  B8 C6 00 00 61 00 00 01  .=..~.......a...
00020C40  EF 3D 00 00 8C 02 00 00  48 E1 00 00 60 00 00 01  .=......H...`...
00020C50  DF 7B 00 00 95 02 00 00  58 EF 00 00 60 00 00 01  .{......X...`...
00020C60  DF 7B 00 00 9C 02 00 00  88 F3 00 00 60 00 00 02  .{..........`...
00020C70  DF 7B 00 00 AF 02 00 00  F8 F5 00 00 60 00 00 02  .{..........`...
00020C80  DF 7B 00 00 C2 02 00 00  68 F8 00 00 60 00 00 02  .{......h...`...
00020C90  DF 7B 00 00 D5 02 00 00  38 FB 00 00 60 00 00 02  .{......8...`...
00020CA0  DF 7B 00 00 E8 02 00 00  A8 FD 00 00 60 00 00 02  .{..........`...
00020CB0  DF 7B 00 00 FB 02 00 00  18 00 01 00 60 00 00 01  .{..........`...
00020CC0  DF 7B 00 00 06 03 00 00  58 02 01 00 61 00 00 01  .{......X...a...
00020CD0  EF 3D 00 00 11 03 00 00  F0 03 01 00 60 00 00 03  .=..........`...
00020CE0  DF 7B 00 00 19 03 00 00  50 06 01 00 60 00 00 03  .{......P...`...
00020CF0  DF 7B 00 00 21 03 00 00  90 08 01 00 60 00 00 0E  .{..!.......`...
00020D00  DF 7B 00 00 29 03 00 00  D0 0A 01 00 60 00 00 03  .{..).......`...
00020D10  DF 7B 00 00 31 03 00 00  10 0D 01 00 60 00 00 0E  .{..1.......`...
00020D20  DF 7B 00 00 39 03 00 00  70 0F 01 00 60 00 00 0E  .{..9...p...`...
00020D30  DF 7B 00 00 41 03 00 00  B0 11 01 00 60 00 00 03  .{..A.......`...
00020D40  DF 7B 00 00 49 03 00 00  B0 14 01 00 60 00 00 03  .{..I.......`...
00020D50  DF 7B 00 00 51 03 00 00  F0 16 01 00 60 00 00 0E  .{..Q.......`...
00020D60  DF 7B 00 00 59 03 00 00  F0 19 01 00 60 00 00 0E  .{..Y.......`...
00020D70  DF 7B 00 00 61 03 00 00  30 1C 01 00 60 00 00 01  .{..a...0...`...
00020D80  DF 7B 00 00 6C 03 00 00  00 1F 01 00 60 00 00 01  .{..l.......`...
00020D90  DF 7B 00 00 77 03 00 00  B0 20 01 00 60 00 00 01  .{..w.... ..`...
00020DA0  DF 7B 00 00 82 03 00 00  80 23 01 00 60 00 00 01  .{.......#..`...
00020DB0  DF 7B 00 00 8D 03 00 00  30 25 01 00 60 00 00 00  .{......0%..`...
00020DC0  DF 7B 00 00 A0 03 00 00  00 2A 01 00 60 00 00 04  .{.......*..`...
00020DD0  DF 7B 00 00 AF 03 00 00  50 31 01 00 60 00 00 00  .{......P1..`...
00020DE0  DF 7B 00 00 B4 03 00 00  00 36 01 00 60 00 00 04  .{.......6..`...
00020DF0  DF 7B 00 00 C6 03 00 00  80 3A 01 00 60 00 00 07  .{.......:..`...
00020E00  DF 7B 00 00 D3 03 00 00  00 3D 01 00 60 00 00 09  .{.......=..`...
00020E10  DF 7B 00 00 E0 03 00 00  80 3F 01 00 60 00 00 0B  .{.......?..`...
00020E20  DF 7B 00 00 EE 03 00 00  00 42 01 00 60 00 00 0C  .{.......B..`...
00020E30  DF 7B 00 00 FC 03 00 00  80 44 01 00 60 00 00 0D  .{.......D..`...
00020E40  DF 7B 00 00 0A 04 00 00  00 47 01 00 60 00 00 07  .{.......G..`...
00020E50  DF 7B 00 00 0D 04 00 00  F0 4A 01 00 60 00 00 09  .{.......J..`...
00020E60  DF 7B 00 00 10 04 00 00  10 58 01 00 60 00 00 0B  .{.......X..`...
00020E70  DF 7B 00 00 17 04 00 00  30 65 01 00 60 00 00 0D  .{......0e..`...
00020E80  DF 7B 00 00 22 04 00 00  C0 78 01 00 60 00 00 0C  .{.."....x..`...
00020E90  DF 7B 00 00 29 04 00 00  A0 85 01 00 60 00 00 00  .{..).......`...
00020EA0  DF 7B 00 00 3C 04 00 00  70 8A 01 00 60 00 00 04  .{..<...p...`...
00020EB0  DF 7B 00 00 4B 04 00 00  C0 91 01 00 60 00 00 00  .{..K.......`...
00020EC0  DF 7B 00 00 50 04 00 00  70 96 01 00 60 00 00 04  .{..P...p...`...
00020ED0  DF 7B 00 00 62 04 00 00  F0 9A 01 00 60 00 00 06  .{..b.......`...
00020EE0  DF 7B 00 00 6F 04 00 00  70 9D 01 00 60 00 00 08  .{..o...p...`...
00020EF0  DF 7B 00 00 7C 04 00 00  F0 9F 01 00 60 00 00 0A  .{..|.......`...
00020F00  DF 7B 00 00 8A 04 00 00  70 A2 01 00 60 00 00 0D  .{......p...`...
00020F10  DF 7B 00 00 98 04 00 00  F0 A4 01 00 60 00 00 06  .{..........`...
00020F20  DF 7B 00 00 9B 04 00 00  E0 A8 01 00 60 00 00 08  .{..........`...
00020F30  DF 7B 00 00 9E 04 00 00  00 B6 01 00 60 00 00 0A  .{..........`...
00020F40  DF 7B 00 00 A5 04 00 00  20 C3 01 00 60 00 00 0D  .{...... ...`...
00020F50  DF 7B 00 00 B0 04 00 00  B0 D6 01 00 60 00 00 05  .{..........`...
00020F60  DF 7B 00 00 C0 04 00 00  60 E0 01 00 60 00 00 05  .{......`...`...
00020F70  DF 7B 00 00 D0 04 00 00  30 E6 01 00 60 00 00 05  .{......0...`...
00020F80  DF 7B 00 00 E1 04 00 00  78 F1 01 00 60 00 00 05  .{......x...`...
00020F90  DF 7B 00 00 F2 04 00 00  88 F5 01 00 60 00 00 05  .{..........`...
00020FA0  DF 7B 00 00 02 05 00 00  58 FB 01 00 60 00 00 05  .{......X...`...
00020FB0  DF 7B 00 00 13 05 00 00  A0 06 02 00 60 00 00 05  .{..........`...
00020FC0  DF 7B 00 00 24 05 00 00  03 00 00 00 00 00 00 00  .{..$...........
00020FD0  00 00 00 00 34 05 00 00  04 00 00 00 01 00 00 00  ....4...........
00020FE0  00 00 00 00 3A 05 00 00  04 00 00 00 02 00 00 00  ....:...........
00020FF0  00 00 00 00 40 05 00 00  05 00 00 00 03 00 00 00  ....@...........
00021000  00 00 00 00 51 05 00 00  06 00 00 00 04 00 00 00  ....Q...........
00021010  00 00 00 00 58 05 00 00  06 00 00 00 05 00 00 00  ....X...........
00021020  00 00 00 00 5D 05 00 00  06 00 00 00 06 00 00 00  ....]...........
00021030  00 00 00 00 62 05 00 00  06 00 00 00 07 00 00 00  ....b...........
00021040  00 00 00 00 6E 05 00 00  06 00 00 00 08 00 00 00  ....n...........
00021050  00 00 00 00 72 05 00 00  06 00 00 00 09 00 00 00  ....r...........
00021060  00 00 00 00 7D 05 00 00  06 00 00 00 0A 00 00 00  ....}...........
00021070  00 00 00 00 89 05 00 00  06 00 00 00 0B 00 00 00  ................
00021080  00 00 00 00 94 05 00 00  06 00 00 00 0C 00 00 00  ................
00021090  00 00 00 00 9D 05 00 00  06 00 00 00 0D 00 00 00  ................
000210A0  00 00 00 00 A8 05 00 00  06 00 00 00 0E 00 00 00  ................
000210B0  00 00 00 00 B4 05 00 00  06 00 00 00 0F 00 00 00  ................
000210C0  00 00 00 00 BF 05 00 00  06 00 00 00 10 00 00 00  ................
000210D0  00 00 00 00 CD 05 00 00  06 00 00 00 11 00 00 00  ................
000210E0  00 00 00 00 DB 05 00 00  06 00 00 00 12 00 00 00  ................
000210F0  00 00 00 00 E9 05 00 00  06 00 00 00 13 00 00 00  ................
00021100  00 00 00 00 F2 05 00 00  06 00 00 00 14 00 00 00  ................
00021110  00 00 00 00 F9 05 00 00  07 00 00 00 15 00 00 00  ................
00021120  00 00 00 00 0C 06 00 00  08 00 00 00 16 00 00 00  ................
00021130  00 00 00 00 1F 06 00 00  09 00 00 00 17 00 00 00  ................
00021140  00 00 00 00 32 06 00 00  0A 00 00 00 18 00 00 00  ....2...........
00021150  00 00 00 00 45 06 00 00  0B 00 00 00 19 00 00 00  ....E...........
00021160  00 00 00 00 58 06 00 00  0C 00 00 00 1A 00 00 00  ....X...........
00021170  00 00 00 00 63 06 00 00  0C 00 00 00 1B 00 00 00  ....c...........
00021180  00 00 00 00 6E 06 00 00  0D 00 00 00 1C 00 00 00  ....n...........
00021190  00 00 00 00 76 06 00 00  0D 00 00 00 1D 00 00 00  ....v...........
000211A0  00 00 00 00 7E 06 00 00  0D 00 00 00 1E 00 00 00  ....~...........
000211B0  00 00 00 00 86 06 00 00  0E 00 00 00 1F 00 00 00  ................
000211C0  00 00 00 00 8E 06 00 00  0E 00 00 00 20 00 00 00  ............ ...
000211D0  00 00 00 00 96 06 00 00  0E 00 00 00 21 00 00 00  ............!...
000211E0  00 00 00 00 9E 06 00 00  0F 00 00 00 22 00 00 00  ............"...
000211F0  00 00 00 00 A6 06 00 00  0F 00 00 00 23 00 00 00  ............#...
00021200  00 00 00 00 AE 06 00 00  0F 00 00 00 24 00 00 00  ............$...
00021210  00 00 00 00 B6 06 00 00  0F 00 00 00 25 00 00 00  ............%...
00021220  00 00 00 00 BE 06 00 00  10 00 00 00 26 00 00 00  ............&...
00021230  00 00 00 00 C9 06 00 00  10 00 00 00 27 00 00 00  ............'...
00021240  00 00 00 00 D4 06 00 00  11 00 00 00 28 00 00 00  ............(...
00021250  00 00 00 00 DF 06 00 00  11 00 00 00 29 00 00 00  ............)...
00021260  00 00 00 00 EA 06 00 00  12 00 00 00 2A 00 00 00  ............*...
00021270  00 00 00 00 FD 06 00 00  13 00 00 00 2B 00 00 00  ............+...
00021280  00 00 00 00 0C 07 00 00  13 00 00 00 2C 00 00 00  ............,...
00021290  00 00 00 00 11 07 00 00  14 00 00 00 2D 00 00 00  ............-...
000212A0  00 00 00 00 23 07 00 00  14 00 00 00 2E 00 00 00  ....#...........
000212B0  00 00 00 00 30 07 00 00  14 00 00 00 2F 00 00 00  ....0......./...
000212C0  00 00 00 00 3D 07 00 00  14 00 00 00 30 00 00 00  ....=.......0...
000212D0  00 00 00 00 4B 07 00 00  14 00 00 00 31 00 00 00  ....K.......1...
000212E0  00 00 00 00 59 07 00 00  14 00 00 00 32 00 00 00  ....Y.......2...
000212F0  00 00 00 00 67 07 00 00  15 00 00 00 33 00 00 00  ....g.......3...
00021300  00 00 00 00 6A 07 00 00  15 00 00 00 34 00 00 00  ....j.......4...
00021310  00 00 00 00 6D 07 00 00  15 00 00 00 35 00 00 00  ....m.......5...
00021320  00 00 00 00 74 07 00 00  15 00 00 00 36 00 00 00  ....t.......6...
00021330  00 00 00 00 7F 07 00 00  15 00 00 00 37 00 00 00  ............7...
00021340  00 00 00 00 86 07 00 00  16 00 00 00 38 00 00 00  ............8...
00021350  00 00 00 00 99 07 00 00  17 00 00 00 39 00 00 00  ............9...
00021360  00 00 00 00 A8 07 00 00  17 00 00 00 3A 00 00 00  ............:...
00021370  00 00 00 00 AD 07 00 00  18 00 00 00 3B 00 00 00  ............;...
00021380  00 00 00 00 BF 07 00 00  18 00 00 00 3C 00 00 00  ............<...
00021390  00 00 00 00 CC 07 00 00  18 00 00 00 3D 00 00 00  ............=...
000213A0  00 00 00 00 D9 07 00 00  18 00 00 00 3E 00 00 00  ............>...
000213B0  00 00 00 00 E7 07 00 00  18 00 00 00 3F 00 00 00  ............?...
000213C0  00 00 00 00 F5 07 00 00  19 00 00 00 40 00 00 00  ............@...
000213D0  00 00 00 00 F8 07 00 00  19 00 00 00 41 00 00 00  ............A...
000213E0  00 00 00 00 FB 07 00 00  19 00 00 00 42 00 00 00  ............B...
000213F0  00 00 00 00 02 08 00 00  19 00 00 00 43 00 00 00  ............C...
00021400  00 00 00 00 0D 08 00 00  1B 00 00 00 44 00 00 00  ............D...
00021410  00 00 00 00 1D 08 00 00  1C 00 00 00 45 00 00 00  ............E...
00021420  00 00 00 00 2D 08 00 00  1D 00 00 00 46 00 00 00  ....-.......F...
00021430  00 00 00 00 3E 08 00 00  1E 00 00 00 47 00 00 00  ....>.......G...
00021440  00 00 00 00 4F 08 00 00  1F 00 00 00 48 00 00 00  ....O.......H...
00021450  00 00 00 00 5F 08 00 00  20 00 00 00 49 00 00 00  ...._... ...I...
00021460  00 00 00 00 70 08 00 00  21 00 00 00 4A 00 00 00  ....p...!...J...
00021470  00 00 00 00 81 08 00 00  0F 03 1F 00 39 67 00 00  ............9g..
00021480  00 00 E7 1C 00 FD 01 01  01 00 00 00 01 00 00 00  ................
00021490  00 00 00 00 00 00 00 00  97 08 00 00 0F 03 1F 00  ................
000214A0  39 67 00 00 00 00 E7 1C  01 FD 01 01 01 00 00 00  9g..............
000214B0  01 00 00 00 00 00 00 00  00 00 00 00 AB 08 00 00  ................
000214C0  0F 03 1F 09 39 67 00 00  00 00 E7 1C 00 FD 01 01  ....9g..........
000214D0  01 00 00 00 01 00 00 00  00 00 00 00 00 00 00 00  ................
000214E0  B4 08 00 00 0F 03 1F 0F  39 67 00 00 00 00 E7 1C  ........9g......
000214F0  00 FD 01 01 01 00 00 00  01 00 00 00 00 00 00 00  ................
00021500  00 00 00 00 BD 08 00 00  0F 03 1F 00 39 67 00 00  ............9g..
00021510  00 00 E7 1C 02 FD 01 01  01 00 00 00 01 00 00 00  ................
00021520  00 00 00 00 00 00 00 00  CC 08 00 00 0F 03 1F 0E  ................
00021530  39 67 00 00 00 00 E7 1C  02 FD 01 01 01 00 00 00  9g..............
00021540  01 00 00 00 00 00 00 00  00 00 00 00 DA 08 00 00  ................
00021550  0F 03 1F 01 39 67 00 00  00 00 E7 1C 02 FD 01 01  ....9g..........
00021560  01 00 00 00 01 00 00 00  00 00 00 00 00 00 00 00  ................
00021570  ED 08 00 00 0F 03 1F 02  39 67 00 00 00 00 E7 1C  ........9g......
00021580  02 FD 01 01 01 00 00 00  01 00 00 00 00 00 00 00  ................
00021590  00 00 00 00 01 09 00 00  0F 03 1F 03 39 67 00 00  ............9g..
000215A0  00 00 E7 1C 02 FD 01 01  01 00 00 00 01 00 00 00  ................
000215B0  00 00 00 00 00 00 00 00  14 09 00 00 0F 03 1F 04  ................
000215C0  39 67 00 00 00 00 E7 1C  02 FD 01 01 01 00 00 00  9g..............
000215D0  01 00 00 00 00 00 00 00  00 00 00 00 25 09 00 00  ............%...
000215E0  0F 03 1F 05 39 67 00 00  00 00 E7 1C 02 FD 01 01  ....9g..........
000215F0  01 00 00 00 01 00 00 00  00 00 00 00 00 00 00 00  ................
00021600  38 09 00 00 0F 03 1F 06  39 67 00 00 00 00 E7 1C  8.......9g......
00021610  02 FD 01 01 01 00 00 00  01 00 00 00 00 00 00 00  ................
00021620  00 00 00 00 4C 09 00 00  0F 03 1F 07 39 67 00 00  ....L.......9g..
00021630  00 00 E7 1C 02 FD 01 01  01 00 00 00 01 00 00 00  ................
00021640  00 00 00 00 00 00 00 00  5F 09 00 00 0F 03 1F 0B  ........_.......
00021650  39 67 00 00 00 00 E7 1C  02 FD 01 01 01 00 00 00  9g..............
00021660  01 00 00 00 00 00 00 00  00 00 00 00 6C 09 00 00  ............l...
00021670  0F 03 1F 0C 39 67 00 00  00 00 E7 1C 02 FD 01 01  ....9g..........
00021680  01 00 00 00 01 00 00 00  00 00 00 00 00 00 00 00  ................
00021690  79 09 00 00 0F 03 1F 0D  39 67 00 00 00 00 E7 1C  y.......9g......
000216A0  02 FD 01 01 01 00 00 00  01 00 00 00 00 00 00 00  ................
000216B0  00 00 00 00 86 09 00 00  0F 03 1F 08 39 67 00 00  ............9g..
000216C0  00 00 E7 1C 02 FD 01 01  01 00 00 00 01 00 00 00  ................
000216D0  00 00 00 00 00 00 00 00  97 09 00 00 0F 02 1F 00  ................
000216E0  39 67 00 00 00 00 E7 1C  03 FD 01 01 01 00 00 00  9g..............
000216F0  01 00 00 00 00 00 00 00  00 00 00 00 B5 09 00 00  ................
00021700  00 0A 00 00 00 40 00 00  60 22 00 00 00 00 00 00  .....@..`"......
00021710  00 0A 00 00 80 00 80 00  00 00 00 00 00 00 00 00  ................
00021720  04 00 01 05 E0 09 00 00  54 02 00 00 F1 09 00 00  ........T.......
00021730  60 36 00 00 00 40 00 00  15 34 00 00 60 2C 00 00  `6...@...4..`,..
00021740  00 0A 00 00 80 00 80 00  00 00 00 00 00 00 00 00  ................
00021750  04 00 01 05 1C 0A 00 00  53 02 00 00 2D 0A 00 00  ........S...-...
00021760  78 74 00 00 00 40 00 00  11 2E 00 00 78 6A 00 00  xt...@......xj..
00021770  00 0A 00 00 80 00 80 00  00 00 00 00 00 00 00 00  ................
00021780  04 00 01 05 58 0A 00 00  71 02 00 00 66 0A 00 00  ....X...q...f...
00021790  2C A3 00 00 00 08 00 00  C7 06 00 00 8C A2 00 00  ,...............
000217A0  A0 00 00 00 40 00 40 00  00 00 00 00 00 00 00 00  ....@.@.........
000217B0  03 10 01 05 91 0A 00 00  F0 02 00 00 6D 75 74 65  ............mute
000217C0  5F 67 65 6F 31 00 6F 66  66 73 65 74 5F 67 65 6F  _geo1.offset_geo
000217D0  31 00 72 6F 6F 74 5F 67  65 6F 31 00 63 5F 77 61  1.root_geo1.c_wa
000217E0  69 73 74 5F 67 65 6F 31  00 63 5F 63 68 65 73 74  ist_geo1.c_chest
000217F0  5F 67 65 6F 31 00 63 5F  6E 65 63 6B 5F 67 65 6F  _geo1.c_neck_geo
00021800  31 00 63 5F 68 65 61 64  5F 67 65 6F 31 00 46 5F  1.c_head_geo1.F_
00021810  68 61 69 72 30 34 5F 67  65 6F 31 00 46 5F 68 61  hair04_geo1.F_ha
00021820  69 72 30 30 5F 67 65 6F  31 00 46 5F 68 61 69 72  ir00_geo1.F_hair
00021830  30 31 5F 67 65 6F 31 00  46 5F 68 61 69 72 30 32  01_geo1.F_hair02
00021840  5F 67 65 6F 31 00 46 5F  68 61 69 72 30 33 5F 67  _geo1.F_hair03_g
00021850  65 6F 31 00 43 53 5F 68  61 69 72 5F 76 65 67 69  eo1.CS_hair_vegi
00021860  30 33 5F 67 65 6F 31 00  43 53 5F 68 61 69 72 5F  03_geo1.CS_hair_
00021870  73 32 5F 67 65 6F 31 00  43 53 5F 68 61 69 72 5F  s2_geo1.CS_hair_
00021880  73 33 5F 67 65 6F 31 00  43 53 5F 68 61 69 72 5F  s3_geo1.CS_hair_
00021890  76 65 67 69 30 31 5F 67  65 6F 31 00 43 53 5F 68  vegi01_geo1.CS_h
000218A0  61 69 72 30 32 5F 67 65  6F 31 00 43 53 5F 68 61  air02_geo1.CS_ha
000218B0  69 72 30 33 5F 67 65 6F  31 00 6C 5F 63 6F 6C 6C  ir03_geo1.l_coll
000218C0  61 72 5F 67 65 6F 31 00  6C 5F 73 68 6F 75 6C 64  ar_geo1.l_should
000218D0  65 72 5F 67 65 6F 31 00  6C 5F 65 6C 62 6F 77 5F  er_geo1.l_elbow_
000218E0  67 65 6F 31 00 6C 5F 68  61 6E 64 5F 67 65 6F 31  geo1.l_hand_geo1
000218F0  00 72 5F 63 6F 6C 6C 61  72 5F 67 65 6F 31 00 72  .r_collar_geo1.r
00021900  5F 73 68 6F 75 6C 64 65  72 5F 67 65 6F 31 00 72  _shoulder_geo1.r
00021910  5F 65 6C 62 6F 77 5F 67  65 6F 31 00 72 5F 68 61  _elbow_geo1.r_ha
00021920  6E 64 5F 67 65 6F 31 00  63 6F 72 65 5F 67 65 6F  nd_geo1.core_geo
00021930  31 00 63 5F 68 69 70 5F  67 65 6F 31 00 6C 5F 6C  1.c_hip_geo1.l_l
00021940  65 67 5F 67 65 6F 31 00  6C 5F 6B 6E 65 65 5F 67  eg_geo1.l_knee_g
00021950  65 6F 31 00 6C 5F 66 6F  6F 74 5F 67 65 6F 31 00  eo1.l_foot_geo1.
00021960  72 5F 6C 65 67 5F 67 65  6F 31 00 72 5F 6B 6E 65  r_leg_geo1.r_kne
00021970  65 5F 67 65 6F 31 00 72  5F 66 6F 6F 74 5F 67 65  e_geo1.r_foot_ge
00021980  6F 31 00 77 61 69 73 74  5F 67 65 6F 31 53 68 61  o1.waist_geo1Sha
00021990  70 65 00 69 6E 6E 65 72  00 64 6F 75 67 69 00 63  pe.inner.dougi.c
000219A0  5F 6E 65 63 6B 5F 67 65  6F 31 53 68 61 70 65 00  _neck_geo1Shape.
000219B0  7A 69 68 61 64 61 00 68  65 61 64 00 65 61 72 73  zihada.head.ears
000219C0  00 6E 6F 73 65 5F 73 68  61 64 6F 77 00 61 73 65  .nose_shadow.ase
000219D0  00 46 5F 30 31 5F 6E 6F  6D 61 6C 00 46 5F 30 32  .F_01_nomal.F_02
000219E0  5F 64 61 6D 61 67 65 00  46 5F 30 33 5F 6B 75 73  _damage.F_03_kus
000219F0  65 6E 00 46 5F 30 34 5F  66 75 6E 00 4D 5F 30 35  en.F_04_fun.M_05
00021A00  5F 6E 6F 6D 61 6C 00 4D  5F 30 36 5F 64 61 6D 61  _nomal.M_06_dama
00021A10  67 65 00 4D 5F 30 37 5F  6B 75 73 65 6E 00 4D 5F  ge.M_07_kusen.M_
00021A20  31 31 5F 72 69 70 73 69  6E 6B 31 00 4D 5F 31 32  11_ripsink1.M_12
00021A30  5F 72 69 70 73 69 6E 6B  32 00 4D 5F 31 33 5F 72  _ripsink2.M_13_r
00021A40  69 70 73 69 6E 6B 33 00  4D 5F 30 38 5F 66 75 6E  ipsink3.M_08_fun
00021A50  00 4D 30 36 5F 68 61 00  46 5F 68 61 69 72 30 34  .M06_ha.F_hair04
00021A60  5F 67 65 6F 53 68 61 70  65 31 00 46 5F 68 61 69  _geoShape1.F_hai
00021A70  72 30 30 5F 67 65 6F 53  68 61 70 65 31 00 46 5F  r00_geoShape1.F_
00021A80  68 61 69 72 30 31 5F 67  65 6F 53 68 61 70 65 31  hair01_geoShape1
00021A90  00 46 5F 68 61 69 72 30  32 5F 67 65 6F 53 68 61  .F_hair02_geoSha
00021AA0  70 65 31 00 46 5F 68 61  69 72 30 33 5F 67 65 6F  pe1.F_hair03_geo
00021AB0  53 68 61 70 65 31 00 4D  31 35 5F 72 5F 68 61 69  Shape1.M15_r_hai
00021AC0  72 00 4D 30 39 5F 72 5F  68 61 69 72 00 72 5F 68  r.M09_r_hair.r_h
00021AD0  61 69 72 32 00 72 5F 68  61 69 72 33 00 6C 5F 68  air2.r_hair3.l_h
00021AE0  61 69 72 32 00 6C 5F 68  61 69 72 32 00 72 5F 68  air2.l_hair2.r_h
00021AF0  61 69 72 32 00 72 5F 68  61 69 72 33 00 72 5F 68  air2.r_hair3.r_h
00021B00  61 69 72 31 00 6C 5F 68  61 69 72 31 00 72 5F 68  air1.l_hair1.r_h
00021B10  61 69 72 34 00 6C 5F 68  61 69 72 33 00 4D 31 35  air4.l_hair3.M15
00021B20  5F 6C 5F 68 61 69 72 00  4D 30 39 5F 6C 5F 68 61  _l_hair.M09_l_ha
00021B30  69 72 00 4D 31 35 5F 6C  5F 68 61 69 72 00 4D 30  ir.M15_l_hair.M0
00021B40  39 5F 6C 5F 68 61 69 72  00 6C 5F 63 6F 6C 6C 61  9_l_hair.l_colla
00021B50  72 5F 67 65 6F 53 68 61  70 65 31 00 5F 67 6F 6B  r_geoShape1._gok
00021B60  75 5F 73 31 5F 68 61 64  61 35 00 73 6F 64 65 00  u_s1_hada5.sode.
00021B70  6C 5F 65 6C 62 6F 77 5F  67 65 6F 31 53 68 61 70  l_elbow_geo1Shap
00021B80  65 00 72 69 73 74 62 61  6E 64 5F 49 44 37 00 72  e.ristband_ID7.r
00021B90  69 73 74 62 61 6E 64 5F  49 44 39 00 72 69 73 74  istband_ID9.rist
00021BA0  62 61 6E 64 5F 49 44 31  31 00 72 69 73 74 62 61  band_ID11.ristba
00021BB0  6E 64 5F 49 44 31 32 00  72 69 73 74 62 61 6E 64  nd_ID12.ristband
00021BC0  5F 49 44 31 33 00 67 75  00 70 61 00 6E 69 67 69  _ID13.gu.pa.nigi
00021BD0  72 69 00 6B 61 6D 65 68  61 6D 65 68 61 00 73 75  ri.kamehameha.su
00021BE0  6D 73 75 70 00 72 5F 63  6F 6C 6C 61 72 5F 67 65  msup.r_collar_ge
00021BF0  6F 53 68 61 70 65 31 00  5F 67 6F 6B 75 5F 73 31  oShape1._goku_s1
00021C00  5F 68 61 64 61 35 00 73  6F 64 65 00 72 5F 65 6C  _hada5.sode.r_el
00021C10  62 6F 77 5F 67 65 6F 31  53 68 61 70 65 00 72 69  bow_geo1Shape.ri
00021C20  73 74 62 61 6E 64 5F 49  44 36 00 72 69 73 74 62  stband_ID6.ristb
00021C30  61 6E 64 5F 49 44 38 00  72 69 73 74 62 61 6E 64  and_ID8.ristband
00021C40  5F 49 44 31 30 00 72 69  73 74 62 61 6E 64 5F 49  _ID10.ristband_I
00021C50  44 31 33 00 67 75 00 70  61 00 6E 69 67 69 72 69  D13.gu.pa.nigiri
00021C60  00 6B 61 6D 65 68 61 6D  65 68 61 00 63 5F 68 69  .kamehameha.c_hi
00021C70  70 5F 67 65 6F 53 68 61  70 65 31 00 6C 5F 6C 65  p_geoShape1.l_le
00021C80  67 5F 67 65 6F 53 68 61  70 65 31 00 6C 5F 6B 6E  g_geoShape1.l_kn
00021C90  65 65 5F 67 65 6F 53 68  61 70 65 31 00 6C 5F 66  ee_geoShape1.l_f
00021CA0  6F 6F 74 5F 67 65 6F 53  68 61 70 65 31 00 72 5F  oot_geoShape1.r_
00021CB0  6C 65 67 5F 67 65 6F 53  68 61 70 65 31 00 72 5F  leg_geoShape1.r_
00021CC0  6B 6E 65 65 5F 67 65 6F  53 68 61 70 65 31 00 72  knee_geoShape1.r
00021CD0  5F 66 6F 6F 74 5F 67 65  6F 53 68 61 70 65 31 00  _foot_geoShape1.
00021CE0  77 61 69 73 74 5F 67 65  6F 31 53 68 61 70 65 00  waist_geo1Shape.
00021CF0  69 6E 6E 65 72 00 64 6F  75 67 69 00 63 5F 6E 65  inner.dougi.c_ne
00021D00  63 6B 5F 67 65 6F 31 53  68 61 70 65 00 7A 69 68  ck_geo1Shape.zih
00021D10  61 64 61 00 68 65 61 64  00 65 61 72 73 00 6E 6F  ada.head.ears.no
00021D20  73 65 5F 73 68 61 64 6F  77 00 61 73 65 00 46 5F  se_shadow.ase.F_
00021D30  30 31 5F 6E 6F 6D 61 6C  00 46 5F 30 32 5F 64 61  01_nomal.F_02_da
00021D40  6D 61 67 65 00 46 5F 30  33 5F 6B 75 73 65 6E 00  mage.F_03_kusen.
00021D50  46 5F 30 34 5F 66 75 6E  00 4D 5F 30 35 5F 6E 6F  F_04_fun.M_05_no
00021D60  6D 61 6C 00 4D 5F 30 36  5F 64 61 6D 61 67 65 00  mal.M_06_damage.
00021D70  4D 5F 30 37 5F 6B 75 73  65 6E 00 4D 5F 31 31 5F  M_07_kusen.M_11_
00021D80  72 69 70 73 69 6E 6B 31  00 4D 5F 31 32 5F 72 69  ripsink1.M_12_ri
00021D90  70 73 69 6E 6B 32 00 4D  5F 31 33 5F 72 69 70 73  psink2.M_13_rips
00021DA0  69 6E 6B 33 00 4D 5F 30  38 5F 66 75 6E 00 4D 30  ink3.M_08_fun.M0
00021DB0  36 5F 68 61 00 46 5F 68  61 69 72 30 34 5F 67 65  6_ha.F_hair04_ge
00021DC0  6F 53 68 61 70 65 31 00  46 5F 68 61 69 72 30 30  oShape1.F_hair00
00021DD0  5F 67 65 6F 53 68 61 70  65 31 00 46 5F 68 61 69  _geoShape1.F_hai
00021DE0  72 30 31 5F 67 65 6F 53  68 61 70 65 31 00 46 5F  r01_geoShape1.F_
00021DF0  68 61 69 72 30 32 5F 67  65 6F 53 68 61 70 65 31  hair02_geoShape1
00021E00  00 46 5F 68 61 69 72 30  33 5F 67 65 6F 53 68 61  .F_hair03_geoSha
00021E10  70 65 31 00 4D 31 35 5F  72 5F 68 61 69 72 00 4D  pe1.M15_r_hair.M
00021E20  30 39 5F 72 5F 68 61 69  72 00 72 5F 68 61 69 72  09_r_hair.r_hair
00021E30  32 00 72 5F 68 61 69 72  33 00 6C 5F 68 61 69 72  2.r_hair3.l_hair
00021E40  32 00 6C 5F 68 61 69 72  32 00 72 5F 68 61 69 72  2.l_hair2.r_hair
00021E50  32 00 72 5F 68 61 69 72  33 00 72 5F 68 61 69 72  2.r_hair3.r_hair
00021E60  31 00 6C 5F 68 61 69 72  31 00 72 5F 68 61 69 72  1.l_hair1.r_hair
00021E70  34 00 6C 5F 68 61 69 72  33 00 4D 31 35 5F 6C 5F  4.l_hair3.M15_l_
00021E80  68 61 69 72 00 4D 30 39  5F 6C 5F 68 61 69 72 00  hair.M09_l_hair.
00021E90  4D 31 35 5F 6C 5F 68 61  69 72 00 4D 30 39 5F 6C  M15_l_hair.M09_l
00021EA0  5F 68 61 69 72 00 6C 5F  63 6F 6C 6C 61 72 5F 67  _hair.l_collar_g
00021EB0  65 6F 53 68 61 70 65 31  00 5F 67 6F 6B 75 5F 73  eoShape1._goku_s
00021EC0  31 5F 68 61 64 61 35 00  73 6F 64 65 00 6C 5F 65  1_hada5.sode.l_e
00021ED0  6C 62 6F 77 5F 67 65 6F  31 53 68 61 70 65 00 72  lbow_geo1Shape.r
00021EE0  69 73 74 62 61 6E 64 5F  49 44 37 00 72 69 73 74  istband_ID7.rist
00021EF0  62 61 6E 64 5F 49 44 39  00 72 69 73 74 62 61 6E  band_ID9.ristban
00021F00  64 5F 49 44 31 31 00 72  69 73 74 62 61 6E 64 5F  d_ID11.ristband_
00021F10  49 44 31 32 00 72 69 73  74 62 61 6E 64 5F 49 44  ID12.ristband_ID
00021F20  31 33 00 67 75 00 70 61  00 6E 69 67 69 72 69 00  13.gu.pa.nigiri.
00021F30  6B 61 6D 65 68 61 6D 65  68 61 00 73 75 6D 73 75  kamehameha.sumsu
00021F40  70 00 72 5F 63 6F 6C 6C  61 72 5F 67 65 6F 53 68  p.r_collar_geoSh
00021F50  61 70 65 31 00 5F 67 6F  6B 75 5F 73 31 5F 68 61  ape1._goku_s1_ha
00021F60  64 61 35 00 73 6F 64 65  00 72 5F 65 6C 62 6F 77  da5.sode.r_elbow
00021F70  5F 67 65 6F 31 53 68 61  70 65 00 72 69 73 74 62  _geo1Shape.ristb
00021F80  61 6E 64 5F 49 44 36 00  72 69 73 74 62 61 6E 64  and_ID6.ristband
00021F90  5F 49 44 38 00 72 69 73  74 62 61 6E 64 5F 49 44  _ID8.ristband_ID
00021FA0  31 30 00 72 69 73 74 62  61 6E 64 5F 49 44 31 33  10.ristband_ID13
00021FB0  00 67 75 00 70 61 00 6E  69 67 69 72 69 00 6B 61  .gu.pa.nigiri.ka
00021FC0  6D 65 68 61 6D 65 68 61  00 63 5F 68 69 70 5F 67  mehameha.c_hip_g
00021FD0  65 6F 53 68 61 70 65 31  00 6C 5F 6C 65 67 5F 67  eoShape1.l_leg_g
00021FE0  65 6F 53 68 61 70 65 31  00 6C 5F 6B 6E 65 65 5F  eoShape1.l_knee_
00021FF0  67 65 6F 53 68 61 70 65  31 00 6C 5F 66 6F 6F 74  geoShape1.l_foot
00022000  5F 67 65 6F 53 68 61 70  65 31 00 72 5F 6C 65 67  _geoShape1.r_leg
00022010  5F 67 65 6F 53 68 61 70  65 31 00 72 5F 6B 6E 65  _geoShape1.r_kne
00022020  65 5F 67 65 6F 53 68 61  70 65 31 00 72 5F 66 6F  e_geoShape1.r_fo
00022030  6F 74 5F 67 65 6F 53 68  61 70 65 31 00 5F 67 6F  ot_geoShape1._go
00022040  6B 75 5F 73 31 5F 5F 67  6F 6B 75 5F 66 75 6B 75  ku_s1__goku_fuku
00022050  5F 32 00 5F 67 6F 6B 75  5F 73 31 5F 5F 67 6F 6B  _2._goku_s1__gok
00022060  75 5F 66 75 6B 75 00 4D  30 39 5F 68 61 69 72 00  u_fuku.M09_hair.
00022070  4D 31 35 5F 68 61 69 72  00 5F 67 6F 6B 75 5F 73  M15_hair._goku_s
00022080  31 5F 68 65 61 64 31 00  5F 67 6F 6B 75 5F 73 31  1_head1._goku_s1
00022090  5F 61 73 65 31 00 5F 67  6F 6B 75 5F 73 31 5F 46  _ase1._goku_s1_F
000220A0  30 31 5F 6E 6F 6D 61 6C  00 5F 67 6F 6B 75 5F 73  01_nomal._goku_s
000220B0  31 5F 46 30 32 5F 64 61  6D 61 67 65 00 5F 67 6F  1_F02_damage._go
000220C0  6B 75 5F 73 31 5F 46 30  33 5F 6B 75 73 65 6E 00  ku_s1_F03_kusen.
000220D0  5F 67 6F 6B 75 5F 73 31  5F 46 30 34 5F 66 75 6E  _goku_s1_F04_fun
000220E0  00 5F 67 6F 6B 75 5F 73  31 5F 4D 30 35 5F 6E 6F  ._goku_s1_M05_no
000220F0  6D 61 6C 00 5F 67 6F 6B  75 5F 73 31 5F 4D 30 36  mal._goku_s1_M06
00022100  5F 64 61 6D 61 67 65 00  5F 67 6F 6B 75 5F 73 31  _damage._goku_s1
00022110  5F 4D 30 37 5F 6B 75 73  65 6E 00 4D 31 31 5F 72  _M07_kusen.M11_r
00022120  69 70 73 69 6E 6B 31 00  4D 31 32 5F 72 69 70 73  ipsink1.M12_rips
00022130  69 6E 6B 32 00 4D 31 33  5F 72 69 70 73 69 6E 6B  ink2.M13_ripsink
00022140  33 00 5F 67 6F 6B 75 5F  73 31 5F 4D 30 38 5F 66  3._goku_s1_M08_f
00022150  75 6E 00 5F 67 6F 6B 75  5F 32 70 5F 73 31 5F 5F  un._goku_2p_s1__
00022160  67 6F 6B 75 5F 73 33 5F  61 72 6D 5F 68 61 6E 64  goku_s3_arm_hand
00022170  00 43 3A 2F 72 65 70 6F  73 2F 64 62 6B 2F 64 65  .C:/repos/dbk/de
00022180  73 69 67 6E 2F 30 31 5F  63 68 72 2F 31 30 31 31  sign/01_chr/1011
00022190  30 30 5F 67 6F 6B 75 2F  74 65 78 2F 42 4F 44 59  00_goku/tex/BODY
000221A0  5F 67 6F 6B 75 5F 30 32  2E 74 6D 32 00 43 3A 2F  _goku_02.tm2.C:/
000221B0  72 65 70 6F 73 2F 64 62  6B 2F 64 65 73 69 67 6E  repos/dbk/design
000221C0  2F 30 31 5F 63 68 72 2F  31 30 31 31 30 30 5F 67  /01_chr/101100_g
000221D0  6F 6B 75 2F 74 65 78 2F  42 4F 44 59 5F 67 6F 6B  oku/tex/BODY_gok
000221E0  75 5F 30 31 2E 74 6D 32  00 43 3A 2F 72 65 70 6F  u_01.tm2.C:/repo
000221F0  73 2F 64 62 6B 2F 64 65  73 69 67 6E 2F 30 31 5F  s/dbk/design/01_
00022200  63 68 72 2F 31 30 31 31  30 30 5F 67 6F 6B 75 2F  chr/101100_goku/
00022210  74 65 78 2F 46 41 43 45  5F 67 6F 6B 75 2E 74 6D  tex/FACE_goku.tm
00022220  32 00 43 3A 2F 72 65 70  6F 73 2F 64 62 6B 2F 64  2.C:/repos/dbk/d
00022230  65 73 69 67 6E 2F 30 31  5F 63 68 72 2F 31 30 31  esign/01_chr/101
00022240  31 30 30 5F 67 6F 6B 75  2F 74 65 78 2F 53 4B 49  100_goku/tex/SKI
00022250  4E 5F 68 61 6E 64 73 2E  74 6D 32 00 31 30 31 31  N_hands.tm2.1011
00022260  30 30 5F 67 6F 6B 75 2E  64 73 65 00 00 00 00 00  00_goku.dse.....
00022270  00 00 00 80 00 00 00 00  00 00 00 00 00 00 00 80  ................
00022280  00 00 00 00 00 00 00 00  00 00 00 80 00 00 00 00  ................
00022290  00 00 00 00 32 00 00 80  00 00 1D 06 00 00 00 00  ....2...........
000222A0  00 00 00 80 00 00 B5 00  FF 00 00 00 B4 00 00 80  ................
000222B0  00 00 31 02 00 00 00 00  45 00 00 80 00 00 91 00  ..1.....E.......
000222C0  00 00 00 00 66 00 00 80  69 FF 0F 01 00 00 00 00  ....f...i.......
000222D0  D2 00 00 80 E2 FF 15 01  00 00 00 00 CD 00 00 80  ................
000222E0  42 00 14 01 00 00 00 00  C1 00 00 80 5A 00 03 01  B...........Z...
000222F0  00 00 00 00 69 00 00 80  84 00 16 01 FF 8C 01 57  ....i..........W
00022300  95 8C 01 57 00 00 1C 00  00 00 00 00 03 00 00 80  ...W............
00022310  B2 FF D4 00 FF 00 00 00  FC 00 00 80 71 00 98 00  ............q...
00022320  00 B3 73 44 8D B3 73 44  00 00 2B 01 FF 00 00 00  ..sD..sD..+.....
00022330  B0 00 00 80 69 FF 35 00  FF 00 00 00 B0 00 00 80  ....i.5.........
00022340  97 00 35 00 FF 00 00 00  CE 00 00 80 75 00 BF 01  ..5.........u...
00022350  00 00 00 00 00 00 00 80  20 01 A3 FF FF 00 00 00  ........ .......
00022360  F2 00 00 80 56 01 00 00  00 00 00 00 0E 00 00 80  ....V...........
00022370  5E 01 00 00 FF 00 00 00  CE 00 00 80 8B FF BF 01  ^...............
00022380  00 FB 0F 00 00 00 F0 7F  E0 FE A3 FF FF 00 00 00  ................
00022390  F2 00 00 80 AA FE 00 00  00 00 00 00 0E 00 00 80  ................
000223A0  A2 FE 00 00 00 00 00 00  00 00 00 80 00 00 00 00  ................
000223B0  00 00 00 00 32 00 00 80  00 00 1D 06 FF 00 00 00  ....2...........
000223C0  FB 00 00 80 A0 00 99 FF  FF 00 00 00 E9 00 00 80  ................
000223D0  00 00 75 FD FF 00 00 00  D1 00 00 80 00 00 78 FD  ..u...........x.
000223E0  FF 00 00 00 FB 00 00 80  60 FF 99 FF FF 00 00 00  ........`.......
000223F0  E9 00 00 80 00 00 75 FD  FF 00 00 00 D1 00 00 80  ......u.........
00022400  00 00 78 FD 00 04 20 04  21 04 21 04 21 08 21 08  ..x... .!.!.!.!.
00022410  41 0C 41 0C C6 18 08 21  29 25 4A 29 6B 2D 8C 31  A.A....!)%J)k-.1
00022420  8C 31 AD 35 CE 39 CE 39  EF 3D 10 42 10 42 10 42  .1.5.9.9.=.B.B.B
00022430  10 42 31 46 31 46 52 4A  52 4A 73 4E 73 4E B5 56  .B1F1FRJRJsNsN.V
00022440  42 10 42 10 62 14 62 14  62 18 62 18 40 18 40 1C  B.B.b.b.b.b.@.@.
00022450  83 1C 40 1C 60 20 83 20  83 20 60 20 83 20 A3 24  ..@.` . . ` . .$
00022460  A4 28 C4 28 C4 2C E5 30  05 35 26 39 0D 56 60 24  .(.(.,.0.5&9.V`$
00022470  60 24 81 24 81 24 81 28  81 28 A1 28 A2 2C A2 2C  `$.$.$.(.(.(.,.,
00022480  A2 2C C2 2C C2 2C C3 30  C3 30 E3 30 E3 30 E4 30  .,.,.,.0.0.0.0.0
00022490  E4 30 E4 34 E4 34 04 35  05 35 05 35 05 35 05 39  .0.4.4.5.5.5.5.9
000224A0  05 39 26 39 25 39 26 39  26 39 26 3D 26 3D 47 3D  .9&9%9&9&9&=&=G=
000224B0  47 3D 47 41 47 41 67 41  68 41 68 41 68 45 88 45  G=GAGAgAhAhAhE.E
000224C0  89 45 89 45 89 45 A9 49  AA 49 AA 49 AA 4D CA 4D  .E.E.E.I.I.I.M.M
000224D0  CB 51 CB 51 EC 51 0C 56  2E 5E 70 66 3E 5B 3E 5F  .Q.Q.Q.V.^pf>[>_
000224E0  3E 5F 3E 5F 5F 67 9F 6B  49 04 8A 00 6B 04 6B 04  >_>__g.kI...k.k.
000224F0  8D 08 31 19 32 1D 52 1D  53 1D 73 21 73 21 74 21  ..1.2.R.S.s!s!t!
00022500  74 21 94 25 94 25 95 25  19 36 19 36 19 36 19 36  t!.%.%.%.6.6.6.6
00022510  39 3A 39 3A 3A 3A 3A 3A  3A 3E 3A 3E 5A 3E 5A 3E  9:9::::::>:>Z>Z>
00022520  5B 3E 5B 3E 7B 42 7B 42  7B 42 7B 42 7B 42 7B 42  [>[>{B{B{B{B{B{B
00022530  7C 46 7C 46 9C 46 9C 46  9C 46 9C 46 9C 4A 9C 4A  |F|F.F.F.F.F.J.J
00022540  BC 4A BC 4A BC 4A BD 4E  BD 4E BD 4E BD 4E DD 4E  .J.J.J.N.N.N.N.N
00022550  DD 4E DD 52 DD 52 DD 52  DD 52 FD 52 FD 52 FE 56  .N.R.R.R.R.R.R.V
00022560  FE 56 1E 57 1E 5B 1E 5B  AD 00 8E 08 2E 00 8E 08  .V.W.[.[........
00022570  2F 00 50 00 B0 08 B0 0C  B1 0C B1 0C 95 25 95 25  /.P..........%.%
00022580  B6 29 B6 29 B6 29 B6 29  D7 2D D7 2D D7 2D D7 2D  .).).).).-.-.-.-
00022590  F8 31 F8 31 F8 31 F8 31  F8 31 19 32 19 32 D0 00  .1.1.1.1.1.2.2..
000225A0  50 00 51 00 52 00 F2 00  72 00 D3 0C 73 00 74 00  P.Q.R...r...s.t.
000225B0  D5 0C D6 08 94 00 95 00  15 01 B5 00 B6 00 B6 00  ................
000225C0  F7 08 D7 04 D7 04 F7 08  58 01 D8 04 F9 04 F9 04  ........X.......
000225D0  78 01 79 05 FA 04 FA 04  BA 05 BA 05 1B 05 1B 05  x.y.............
000225E0  FB 09 3B 09 FC 09 5C 09  1C 0A 5C 09 5D 09 3D 05  ..;...\...\.].=.
000225F0  3D 0E 7D 0D 7D 0D 5E 12  9E 0D 9E 0D BF 11 BF 15  =.}.}.^.........
00022600  FF 1D DF 15 FF FF 00 00  FF FF 00 00 FF FF 00 00  ................
00022610  00 00 FF FF 00 00 00 00  00 00 00 00 00 00 FF FF  ................
00022620  00 00 00 00 00 00 FF FF  00 00 00 00 00 00 FF FF  ................
00022630  00 00 FF FF 00 00 FF FF  00 00 00 00 FF FF FF FF  ................
00022640  00 00 FF FF 00 00 FF FF  FF FF 00 00 00 00 FF FF  ................
00022650  FF FF FF FF 00 00 FF FF  00 00 FF FF FF FF FF FF  ................
00022660  00 00 FF FF FF FF FF FF  FF FF FF FF FF FF 00 00  ................
00022670  FF FF 00 00 FF FF FF FF  00 00 FF FF 00 00 FF FF  ................
00022680  00 00 00 00 FF FF 00 00  FF FF 00 00 FF FF FF FF  ................
00022690  00 00 FF FF 00 00 FF FF  00 00 FF FF FF FF 00 00  ................
000226A0  FF FF 00 00 FF FF 00 00  FF FF FF FF 00 00 FF FF  ................
000226B0  00 00 00 00 FF FF FF FF  00 00 FF FF 00 00 FF FF  ................
000226C0  00 00 FF FF FF FF 00 00  FF FF FF FF 00 00 FF FF  ................
000226D0  FF FF 00 00 FF FF 00 00  00 00 00 00 00 00 FF FF  ................
000226E0  00 00 FF FF FF FF FF FF  FF FF FF FF 00 00 FF FF  ................
000226F0  00 00 00 00 FF FF 00 00  FF FF 00 00 FF FF 00 00  ................
00022700  FF FF 00 00 FF FF FF FF  00 00 FF FF 00 00 FF FF  ................
00022710  00 00 FF FF 00 00 FF FF  00 00 FF FF 00 00 FF FF  ................
00022720  00 00 FF FF 00 00 FF FF  00 00 FF FF 00 00 FF FF  ................
00022730  00 00 FF FF 00 00 FF FF  FF FF 00 00 FF FF 00 00  ................
00022740  00 00 FF FF 00 00 00 00  00 00 FF FF FF FF 00 00  ................
00022750  FF FF 00 00 FF FF 00 00  FF FF 00 00 FF FF 00 00  ................
00022760  FF FF 00 00 FF FF 00 00  FF FF FF FF FF FF 00 00  ................
00022770  FF FF 00 00 FF FF 00 00  00 00 FF FF 00 00 00 00  ................
00022780  00 00 FF FF 00 00 FF FF  00 00 FF FF 00 00 FF FF  ................
00022790  00 00 FF FF 00 00 00 00  FF FF 00 00 FF FF FF FF  ................
000227A0  FF FF 00 00 FF FF FF FF  00 00 00 00 FF FF 00 00  ................
000227B0  00 00 FF FF FF FF 00 00  FF FF FF FF 00 00 FF FF  ................
000227C0  00 00 FF FF 00 00 FF FF  FF FF 00 00 FF FF 00 00  ................
000227D0  00 00 FF FF FF FF 00 00  00 00 FF FF FF FF 00 00  ................
000227E0  00 00 FF FF FF FF 00 00  00 00 FF FF 00 00 00 00  ................
000227F0  00 00 FF FF 00 00 00 00  00 00 FF FF 00 00 FF FF  ................
00022800  00 00 00 00 00 80 21 04  21 84 21 04 21 84 21 04  ......!.!.!.!.!.
00022810  42 08 42 88 C6 18 08 21  29 25 4A 29 6B 2D 8C B1  B.B....!)%J)k-..
00022820  8C 31 AD 35 CE 39 CE B9  EF 3D 10 42 10 42 10 C2  .1.5.9...=.B.B..
00022830  10 42 31 C6 31 46 52 CA  52 4A 73 4E 73 CE B5 D6  .B1.1FR.RJsNs...
00022840  42 08 42 88 63 0C 63 8C  63 8C 63 0C 42 08 42 88  B.B.c.c.c.c.B.B.
00022850  84 90 42 88 42 08 84 90  84 10 63 8C 84 90 A5 94  ..B.B.....c.....
00022860  A5 14 C6 98 C6 98 E7 9C  08 A1 29 A5 10 C2 63 0C  ..........)...c.
00022870  63 8C 63 0C 63 8C 84 90  84 10 84 90 A5 14 A5 94  c.c.c...........
00022880  A5 14 A5 14 A5 94 C6 18  C6 98 C6 18 C6 98 E7 9C  ................
00022890  E7 1C E7 9C E7 1C E7 9C  E7 1C E7 9C 08 A1 08 21  ...............!
000228A0  08 A1 08 21 08 A1 29 25  29 A5 29 A5 29 25 4A A9  ...!..)%).).)%J.
000228B0  29 25 4A 29 4A A9 4A A9  4A 29 6B AD 6B 2D 6B AD  )%J)J.J.J)k.k-k.
000228C0  8C 31 8C B1 8C B1 8C 31  8C B1 AD B5 AD 35 AD B5  .1.....1.....5..
000228D0  CE B9 CE 39 EF BD EF 3D  31 46 73 4E 5A 6B 5A EB  ...9...=1FsNZkZ.
000228E0  7B 6F 7B EF 7B EF 9C F3  84 90 C6 98 A5 14 A5 94  {o{.{...........
000228F0  C6 18 6B 2D 8C B1 8C 31  8C B1 AD 35 AD B5 AD 35  ..k-...1...5...5
00022900  AD B5 CE 39 CE B9 CE B9  52 4A 52 CA 73 4E 73 CE  ...9....RJR.sNs.
00022910  73 4E 73 CE 73 4E 73 CE  94 52 94 D2 94 52 94 D2  sNs.sNs..R...R..
00022920  94 52 94 D2 B5 56 B5 D6  B5 56 B5 D6 B5 56 B5 D6  .R...V...V...V..
00022930  B5 56 B5 D6 D6 5A D6 DA  D6 DA D6 5A D6 DA D6 5A  .V...Z.....Z...Z
00022940  F7 5E F7 DE F7 5E F7 5E  F7 5E F7 DE F7 DE 18 63  .^...^.^.^.....c
00022950  18 E3 18 63 18 E3 18 63  18 E3 18 63 18 E3 39 67  ...c...c...c..9g
00022960  39 E7 39 67 39 E7 5A 6B  E7 9C E7 9C A5 94 E7 1C  9.9g9.Zk........
00022970  A5 94 C6 18 08 A1 08 21  08 21 29 A5 CE 39 EF 3D  .......!.!)..9.=
00022980  EF 3D EF BD 10 42 10 C2  10 42 10 C2 31 46 31 C6  .=...B...B..1F1.
00022990  31 46 31 C6 31 46 52 4A  52 CA 52 4A 52 CA 08 A1  1F1.1FRJR.RJR...
000229A0  C6 98 C6 18 E7 9C 29 A5  E7 1C 29 25 08 A1 08 21  ......)...)%...!
000229B0  4A 29 4A A9 08 A1 29 25  6B AD 29 A5 4A 29 4A A9  J)J...)%k.).J)J.
000229C0  6B 2D 4A A9 4A 29 6B AD  AD B5 6B 2D 6B AD 8C 31  k-J.J)k...k-k..1
000229D0  CE 39 CE B9 8C B1 8C 31  10 42 10 C2 AD B5 AD 35  .9.....1.B.....5
000229E0  31 46 CE B9 31 C6 CE 39  52 4A CE B9 EF 3D CE 39  1F..1..9RJ...=.9
000229F0  73 4E EF BD EF 3D 94 52  10 42 10 C2 31 46 52 CA  sN...=.R.B..1FR.
00022A00  73 4E 52 4A 00 80 00 00  00 80 00 00 00 80 00 00  sNRJ............
00022A10  00 00 00 80 00 00 00 00  00 00 00 00 00 00 00 80  ................
00022A20  00 00 00 00 00 00 00 80  00 00 00 00 00 00 00 80  ................
00022A30  00 00 00 80 00 00 00 80  00 00 00 00 00 80 00 80  ................
00022A40  00 00 00 80 00 00 00 80  00 80 00 00 00 00 00 80  ................
00022A50  00 80 00 80 00 00 00 80  00 00 00 80 00 80 00 80  ................
00022A60  00 00 00 80 00 80 00 80  00 80 00 80 00 80 00 00  ................
00022A70  00 80 00 00 00 80 00 80  00 00 00 80 00 00 00 80  ................
00022A80  00 00 00 00 00 80 00 00  00 80 00 00 00 80 00 80  ................
00022A90  00 00 00 80 00 00 00 80  00 00 00 80 00 80 00 00  ................
00022AA0  00 80 00 00 00 80 00 00  00 80 00 80 00 00 00 80  ................
00022AB0  00 00 00 00 00 80 00 80  00 00 00 80 00 00 00 80  ................
00022AC0  00 00 00 80 00 80 00 00  00 80 00 80 00 00 00 80  ................
00022AD0  00 80 00 00 00 80 00 00  00 00 00 00 00 00 00 80  ................
00022AE0  00 00 00 80 00 80 00 80  00 80 00 80 00 00 00 80  ................
00022AF0  00 00 00 00 00 80 00 00  00 80 00 00 00 80 00 00  ................
00022B00  00 80 00 00 00 80 00 80  00 00 00 80 00 00 00 80  ................
00022B10  00 00 00 80 00 00 00 80  00 00 00 80 00 00 00 80  ................
00022B20  00 00 00 80 00 00 00 80  00 00 00 80 00 00 00 80  ................
00022B30  00 00 00 80 00 00 00 80  00 80 00 00 00 80 00 00  ................
00022B40  00 00 00 80 00 00 00 00  00 00 00 80 00 80 00 00  ................
00022B50  00 80 00 00 00 80 00 00  00 80 00 00 00 80 00 00  ................
00022B60  00 80 00 00 00 80 00 00  00 80 00 80 00 80 00 00  ................
00022B70  00 80 00 00 00 80 00 00  00 00 00 80 00 00 00 00  ................
00022B80  00 00 00 80 00 00 00 80  00 00 00 80 00 00 00 80  ................
00022B90  00 00 00 80 00 00 00 00  00 80 00 00 00 80 00 80  ................
00022BA0  00 80 00 00 00 80 00 80  00 00 00 00 00 80 00 00  ................
00022BB0  00 00 00 80 00 80 00 00  00 80 00 80 00 00 00 80  ................
00022BC0  00 00 00 80 00 00 00 80  00 80 00 00 00 80 00 00  ................
00022BD0  00 00 00 80 00 80 00 00  00 00 00 80 00 80 00 00  ................
00022BE0  00 00 00 80 00 80 00 00  00 00 00 80 00 00 00 00  ................
00022BF0  00 00 00 80 00 00 00 00  00 00 00 80 00 00 00 80  ................
00022C00  00 00 00 00 09 80 0A 00  0A 80 0A 00 0B 80 0B 00  ................
00022C10  0C 00 0C 80 13 00 16 00  18 00 1A 04 3C 0C 5D 90  ............<.].
00022C20  5D 14 9F 18 DF 20 FF A4  FF 24 3F 2D 3F 2D 3F AD  ].... ...$?-?-?.
00022C30  5F 31 7F B5 9F 39 BF BD  BF 3D FF 45 FF C5 5F D2  _1...9...=.E.._.
00022C40  0D 00 0D 80 0D 00 0D 80  0E 80 0E 00 0C 00 0C 80  ................
00022C50  0F 80 0D 80 0D 00 10 80  10 00 0D 80 10 80 11 80  ................
00022C60  12 00 12 80 13 80 15 80  16 80 17 80 3F AD 0E 00  ............?...
00022C70  0E 80 0F 00 0F 80 0F 80  10 00 10 80 11 00 11 80  ................
00022C80  11 00 12 00 12 80 13 00  13 80 13 00 13 80 14 80  ................
00022C90  14 00 14 80 15 00 15 80  15 00 15 80 16 80 16 00  ................
00022CA0  16 80 17 00 17 80 18 00  18 80 18 80 18 00 19 84  ................
00022CB0  19 00 19 04 19 84 1A 88  1A 08 1B 88 3B 0C 3C 8C  ............;.<.
00022CC0  5C 10 5C 90 7D 94 7D 14  7E 94 9F 98 9F 1C BF 9C  \.\.}.}.~.......
00022CD0  DF A0 DF 20 FF A4 1F 29  7F 35 FF 45 5F 73 5F F7  ... ...).5.E_s_.
00022CE0  7F 77 7F F7 BF FF FF FF  10 80 12 80 12 00 12 80  .w..............
00022CF0  13 00 3C 0C 5C 90 7D 14  7E 94 9F 18 9F 98 BF 1C  ..<.\.}.~.......
00022D00  BF 9C DF 20 DF A0 FF A4  BF 3D BF BD DF 41 DF C1  ... .....=...A..
00022D10  DF 45 DF C5 FF 45 FF C5  1F 4A 1F CA 1F 4A 1F CA  .E...E...J...J..
00022D20  3F 4E 3F CE 3F 4E 3F CE  5F 52 5F D2 5F 52 5F D2  ?N?.?N?._R_._R_.
00022D30  7F 56 7F D6 7F 56 7F D6  9F DA 9F 5A 9F DA 9F 5A  .V...V.....Z...Z
00022D40  BF 5E BF DE BF 5E BF 62  DF 62 BF E2 DF E2 DF 62  .^...^.b.b.....b
00022D50  DF E2 FF 66 FF E6 FF 66  FF E6 1F 6B 1F EB 1F 6B  ...f...f...k...k
00022D60  1F EB 3F 6F 3F F3 5F 73  14 80 14 80 11 80 15 00  ..?o?._s........
00022D70  12 80 12 00 16 80 16 00  17 00 17 80 FF 24 FF 24  .............$.$
00022D80  1F 29 1F A9 3F 2D 3F AD  3F 31 5F B1 5F 31 5F B1  .)..?-?.?1_._1_.
00022D90  7F 35 7F B9 9F 39 9F 39  9F B9 BF 3D BF BD 17 80  .5...9.9...=....
00022DA0  13 80 13 00 14 80 19 80  15 00 19 00 16 80 16 00  ................
00022DB0  1A 08 1A 88 17 80 18 00  3C 8C 18 80 19 04 19 84  ........<.......
00022DC0  3B 0C 1A 88 1A 08 3C 8C  9F 98 3C 0C 5C 90 5C 10  ;.....<...<.\.\.
00022DD0  DF 20 DF A0 7D 94 7D 14  3F 2D 3F AD 9F 98 BF 1C  . ..}.}.?-?.....
00022DE0  7F 35 BF 9C 7F B9 DF 20  9F 3D FF A4 1F 29 DF 20  .5..... .=...). 
00022DF0  DF 45 1F AD 1F 2D 3F 4E  3F 31 3F B1 7F 35 9F B9  .E...-?N?1?..5..
00022E00  DF 41 BF 3D 00 40 00 00  FA ED F0 02 F1 F2 04 04  .A.=.@..........
00022E10  04 07 1F F5 21 FC F0 22  00 01 26 26 29 2C FF 2D  ....!.."..&&),.-
00022E20  2F 30 32 53 53 55 55 F9  15 11 0F 1C 07 7B 79 79  /02SSUU......{yy
00022E30  7B 7B FF 7D BC BC BD BE  C0 C2 C2 FF C4 C6 C4 C4  {{.}............
00022E40  C6 CB CB 82 FF 84 8A 90  96 96 9B 9E 9E FF A1 A1  ................
00022E50  A1 A0 9E 9D 9B 9D FF 98  9B 96 94 92 90 8E 8C FF  ................
00022E60  8E 92 96 9D A0 A5 A7 A2  BC 4B 00 63 01 A0 9B C9  .........K.c....
00022E70  7F EE F8 07 FE FA F0 26  26 26 2C 2D 2C 26 3A 03  .......&&&,-,&:.
00022E80  00 29 07 00 30 32 33 0D  00 1C 0F DE 23 0C 7D 7F  .)..023.....#.}.
00022E90  BD BE 37 00 C6 C6 F7 C6  C9 C9 41 00 84 88 8A 92  ..7.......A.....
00022EA0  FF 96 9B 9B 9D 9E A1 A2  A2 E1 A5 62 00 4E 01 54  ...........b.N.T
00022EB0  00 58 01 90 94 9B DF A0  A2 A5 A5 A2 E3 01 A1 A1  .X..............
00022EC0  8F 9E 96 C6 7B EE F5 F7  F0 78 00 21 3E 85 00 2D  ....{....x.!>..-
00022ED0  30 33 33 2F 05 00 88 03  C1 33 0F 0F 21 0B 31 00  033/.....3..!.1.
00022EE0  B3 04 BC 00 CB 82 FF 86  88 88 8A 8C 8E 94 98 E8  ................
00022EF0  C7 03 E0 00 4C 03 98 56  01 8E 8E 90 9F 92 98 9D  ....L..V........
00022F00  A0 A1 49 11 CE 01 9B 2F  90 C2 7B 01 6E 10 03 72  ..I..../..{.n..r
00022F10  11 F7 02 FF 1F 21 22 29  2C 2F 30 33 77 5B 55 2F  .....!"),/03w[U/
00022F20  06 02 31 4E 33 8F 0F F2  9C 1A 7D 32 00 36 00 C0  ..1N3.....}2.6..
00022F30  C0 C2 C4 B6 BC 00 84 86  40 10 8C 90 44 13 A1 C8  ........@...D...
00022F40  CC 00 4D 11 52 11 96 57  11 DA 00 92 96 78 45 10  ..M.R..W.....xE.
00022F50  60 10 4C 00 9D 9D 98 8A  6C 18 1F 05 05 05 06 06  `.L.....l.......
00022F60  FB 00 85 00 81 10 77 5F  5D 33 87 00 2F 31 33 8E  ......w_]3../13.
00022F70  1F 98 A0 1C B2 01 B4 10  C0 C0 B8 16 5B 00 9B 75  ............[..u
00022F80  9E 60 11 A5 4A 22 A2 A0  9E 54 10 EA 58 00 8C DA  .`..J"...T..X...
00022F90  11 94 DE 10 9B 9D 9F FF  9C 9C 9A 99 97 93 87 C3  ................
00022FA0  CD 80 EE 1B 1E 1E FE F0  FE 00 31 55 8F 60 65 5D  ..........1U.`e]
00022FB0  2F 0A 20 8D 1F 9C 2C 7F  27 7D BC BE B1 20 B4 12  /. ...,.'}... ..
00022FC0  C6 41 00 3E 22 FE 5E 11  A2 A5 A9 A7 A7 A7 A9 BF  .A.>".^.........
00022FD0  AB A9 A5 A1 9E 9B D5 10  8C FD 8C BF 10 8E 90 93  ................
00022FE0  95 97 97 FB 99 9A 67 20  95 93 8F 87 83 F4 6C 2D  ......g ......l-
00022FF0  7A 20 20 FE 12 32 53 63  66 1B 5B 30 0B 21 33 53  z  ..2Scf.[0.!3S
00023000  9C 2F A3 2B B4 01 2E 38  01 C4 C6 C8 3C 11 8A C1  ./.+...8....<...
00023010  20 4A 00 FB A5 A9 48 30  AB AB AB A9 A7 EA 69 00   J....H0......i.
00023020  96 58 00 8A BF 10 8F 91  93 FB 95 95 DF 20 97 97  .X........... ..
00023030  93 8F 8D F7 87 83 CA EC  2F 1E 1E 20 23 FB 22 26  ......../.. #."&
00023040  0A 20 5B 65 66 5D 30 31  31 8C 00 90 2F 9C 39 BC  . [ef]011.../.9.
00023050  7F B1 12 39 30 BB C9 C8  BA 00 82 82 86 40 30 9B  ...90........@0.
00023060  C0 C9 00 47 30 4C 30 4E  30 D0 21 D7 02 8C 8D EF  ...G0L0N0.!.....
00023070  8D 8D 8F 93 5E 30 97 97  95 7F 95 91 8D 89 85 C7  ....^0..........
00023080  C7 6C 28 7C F6 11 F9 21  1E 20 20 23 23 7F 00 3F  .l(|...!.  ##..?
00023090  31 5D 65 34 63 32 8D 2F  9F 3F FE B5 00 C6 C8 82  1]e4c2./.?......
000230A0  82 CB CB C9 CD C6 3A 30  84 88 5B 01 C9 10 A7 A7  ......:0..[.....
000230B0  DA CA 32 A5 E6 10 96 92  5C 31 93 91 7F 8F 8F 91  ..2.....\1......
000230C0  95 99 99 9A 66 20 0D 95  E7 20 8D 85 6B 34 F1 16  ....f ... ..k4..
000230D0  FB 34 01 40 7E 07 00 32  5B 62 68 5F 4E 0D 10 9C  .4.@~..2[bh_N...
000230E0  1C 4F A3 29 7F BE BE 37  10 BF 00 86 EF 84 82 CB  .O.)...7........
000230F0  C8 BB 30 86 8C 90 F9 96  DE 02 CC 20 AB AB A7 A2  ..0........ ....
00023100  A0 9F 9D 99 93 8D 8F 5E  40 E5 20 95 3F 95 99 9A  .......^@. .?...
00023110  9F 9F A3 64 21 63 40 B7  8D 85 C5 6D 4E 1E 1F 7C  ...d!c@....mN..|
00023120  10 22 FB 23 2A 7F 10 32  5B 65 68 55 A8 8D 00 9C  .".#*..2[ehU....
00023130  4F A3 3A BE B4 30 82 BC  11 88 FF 88 84 85 CA C6  O.:..0..........
00023140  CB 84 8A 70 43 10 4A 01  46 40 60 00 A0 9C 97 E6  ...pC.J.F@`.....
00023150  30 DF 91 99 9C 9C 9F 66  21 99 9C FF 9F A3 A4 A4  0......f!.......
00023160  A3 A3 A3 9F 0F 9F 9C 97  8B 6C 44 71 12 F8 31 FB  .........lDq..1.
00023170  33 3C 02 02 08 00 32 60  66 63 0E 3F A0 3C CF BC  3<....2`fc.?.<..
00023180  BE C2 C4 3E 40 58 20 8C  8E 7F 8A 8B 85 CC C8 84  ...>@X .........
00023190  86 C3 01 FF 9D 9E 9E 9E  A0 A0 A1 A0 7E 66 20 91  ............~f .
000231A0  85 83 8B 95 9A 60 50 7E  E2 40 9A 9A 9C A3 A4 A6  .....`P~.@......
000231B0  E2 52 8F A4 9F 9A 8B EC  44 73 5B 7F 30 23 3C 86  .R......Ds[.0#<.
000231C0  00 09 00 33 63 68 59 8F  5F A1 2B E7 BC C0 C2 BF  ...3chY._.+.....
000231D0  51 5A 11 90 90 8E F7 8B  85 CA BE 41 92 94 98 98  QZ.........A....
000231E0  F5 9B 60 20 98 64 30 8D  83 C5 83 7F 8F 97 9C A3  ..` .d0.........
000231F0  A6 A8 A8 D9 50 BE E0 40  A6 A8 AA AA A8 65 60 A4  ....P..@.....e`.
00023200  C7 9C 8F C7 ED 58 75 26  01 61 23 2A 3D 2A 89 01  .....Xu&.a#*=*..
00023210  55 66 65 55 10 6F 9C 69  E3 BD BC 37 20 3F 41 5D  UfeU.o.i...7 ?A]
00023220  20 94 96 92 79 92 BC 50  41 01 8E 92 94 94 58 42   ...y..PA.....XB
00023230  7F 8D 89 C5 C3 C1 89 91  55 60 FC 62 61 5B 61 A3  ........U`.ba[a.
00023240  A6 AA AA AC AC 1E D9 61  9C 91 C5 80 EC F7 F6 03  .......a........
00023250  7C 32 3A 82 63 2E 0B 20  5D 63 5B 90 6F 1C 79 C7  |2:.c.. ]c[.o.y.
00023260  BE BD C0 3E 53 5F 21 54  10 93 8D FD 89 3F 60 85  ...>S_!T.....?`.
00023270  89 8D 91 91 91 FF 8F 89  85 CC C5 C3 BF 81 AB C3  ................
00023280  85 D4 63 AC 5A 61 A3 E0  60 AC 7E 63 70 AA AA A4  ..c.Za..`.~cp...
00023290  9F 91 C7 ED 68 C1 02 78  01 7C 70 FE F2 87 00 08  ....h..x.|p.....
000232A0  01 33 5B 63 60 60 10 7F  22 7A B1 40 82 88 43 11  .3[c``.."z.@..C.
000232B0  7B 9B A0 4E 01 96 93 91  87 41 00 BF 8B 91 91 93  {..N.....A......
000232C0  93 97 59 40 8B 4F 85 C7  C3 C5 53 72 E1 60 A6 DC  ..Y@.O....Sr.`..
000232D0  63 FD A8 63 72 A8 A4 9F  95 C7 81 E0 EB F8 77 13  c..cr.........w.
000232E0  FF 42 83 71 09 21 4E 55  5B B3 63 59 9C 7F A3 7B  .B.q.!NU[.cY...{
000232F0  C8 82 44 00 9B F1 9D 61  11 D1 20 CA 70 87 CB 84  ..D....a.. .p...
00023300  8C F2 5D 40 9A 49 80 68  20 8D 85 CC 85 83 8F 99  ..]@.I.h .......
00023310  56 61 DB 72 5E 70 58 70  63 60 A6 0F A3 9C 93 CC  Va.r^pXpc`......
00023320  ED 74 ED F4 DC FF ED F1  FC 1C 8F 9C 88 C0 BE C2  .t..............
00023330  C9 84 8C E8 5D 11 C8 40  CF 30 9D 4D 81 84 84 8A  ....]..@.0.M....
00023340  7C D5 50 D7 54 97 91 89  89 8D D5 50 05 A4 62 50  |.P.T......P..bP
00023350  9F DD 50 5F 61 65 60 E7  51 6B 75 A0 EE 06 7A 8F  ..P_ae`.Qku...z.
00023360  8E 8F A0 8F B2 82 A2 49  41 A7 FF A1 9E 9A 97 95  .......IA.......
00023370  91 8B 84 CF 88 92 9E A4  62 60 DA 70 9F 9C 3F 99  ........b`.p..?.
00023380  97 91 8F 93 99 5E 70 DB  81 F1 9A D6 50 58 60 E6  .....^p.....PX`.
00023390  50 A1 9B 98 8A 83 C4 7D  EF 8A F6 01 FF 8F 1C 9F  P......}........
000233A0  A3 69 BE EC B1 60 B3 80  9E A5 CA 31 A7 A5 A0 FD  .i...`.....1....
000233B0  9B 64 40 91 88 8C 96 A0  A2 BF A9 AC AC AE AC AA  .d@.............
000233C0  CB 83 97 BB 97 9C 5D 60  9A 97 99 55 80 A2 6E CB  ......]`...U..n.
000233D0  20 A7 A5 A2 D2 20 8A C4  6D 01 8E F0 7A 1F 1F 07   .... ..m...z...
000233E0  81 9F 12 AF A5 78 C0 FD  C8 43 01 9E A2 A7 AE AC  .....x...C......
000233F0  A8 F8 3C 90 3E 80 C2 90  88 94 9D A5 A9 67 AB AF  ..<.>........g..
00023400  AF CC 90 66 90 9E 9B DD  50 4E 65 20 97 99 96 43  ...f....PNe ...C
00023410  30 47 40 A7 4D 10 E6 D2  20 8C C8 ED 94 75 97 07  0G@.M... ....u..
00023420  22 26 43 21 1F 03 AF 94  AF A7 78 3F 40 94 36 80  "&C!......x?@.6.
00023430  E9 A9 68 70 4F 90 95 5A  40 8A 86 90 3E B5 90 AD  ..hpO..Z@...>...
00023440  AF AF AF AD CC 41 4D 00  2E D7 90 9C 9C 98 47 00  .....AM.......G.
00023450  A1 C7 41 E4 91 3F A1 9D  96 8C C4 7F EE 53 71 12  ..A..?.......Sq.
00023460  3E 79 A3 07 21 2D 2F 22  00 AA 9C AF 0A A3 69 BD  >y..!-/"......i.
00023470  30 80 88 5A 01 38 71 DC  90 66 30 DF 8B 8B 84 82  0..Z.8q..f0.....
00023480  8C 43 50 A7 AB D3 AD AD  CE A0 CE 31 A0 5D 60 9C  .CP........1.]`.
00023490  9D F1 9D C4 22 CB 20 E4  A2 9E 98 90 C6 49 7D EE  ....". ......I}.
000234A0  A8 F7 32 07 79 00 01 20  26 82 A8 BC 1C BF A3 9D  ..2.y.. &.......
000234B0  86 8A 8C 8A 57 21 8C FD  8A 37 50 86 85 83 85 82  ....W!...7P.....
000234C0  C9 71 84 35 B1 37 80 C8  41 A9 A5 A5 65 50 E0 C7  .q.5.7..A...eP..
000234D0  50 45 20 C7 40 E2 91 64  A0 A2 A0 9B E3 94 C9 6D  PE .@..d.......m
000234E0  94 F1 08 FD 72 29 30 31  83 2C 21 89 BF 1A CF 2D  ....r)01.,!....-
000234F0  83 36 51 D7 30 8C 9F 88  84 CB C6 C2 3F C1 3D 00  .6Q.0.......?.=.
00023500  86 C7 90 94 94 44 10 5F  00 CD 31 A4 A3 91 9E C6  .....D._..1.....
00023510  50 DC B0 CC 21 AB E3 A1  4D 10 9B E1 94 EC 02 EE  P...!...M.......
00023520  F4 F9 A4 7A 72 22 22 2D  0F 31 32 2D 22 0B CF 1D  ...zr""-.12-"...
00023530  CF 2F B0 B2 B1 DB 8E 90  3A 60 90 8E 39 50 CB C6  ./......:`..9P..
00023540  1B C4 C0 AE 90 CB 8A 43  43 4B 30 64 B3 F0 C7 01  .......CCK0d....
00023550  4F C0 CA 33 E3 B1 A2 9D  94 C4 E0 6D 12 70 49 7D  O..3.......m.pI}
00023560  B2 7C 10 83 30 33 33 31  79 2D 8D CF 1F BF C9 84  .|..0331y-......
00023570  8A 8C 5C 21 FF 96 96 94  94 92 92 8E 8A 7D 86 3D  ..\!.........}.=
00023580  C0 BE BE C6 8A 94 4E C1  80 4B B0 BA 91 D0 11 44  ......N..K.....D
00023590  40 4A B0 CC A2 E3 B3 9E  E0 EB CB 78 54 7F 60 7F  @J.........xT.`.
000235A0  30 86 51 4E 55 55 13 33  32 0F DF 21 BD CB C0 40  0.QNUU.32..!...@
000235B0  B5 71 B7 D2 FE 54 20 8C  86 82 C9 C4 BD C0 2F 84  .q...T ......./.
000235C0  92 9E A2 5D D2 AD 52 D1  D3 00 38 59 D5 CD A2 E2  ...]..R...8Y....
000235D0  00 A1 9B 92 EC C6 F1 17  FC FC 74 86 71 31 4E 53  ..........t.q1NS
000235E0  5B 5F 55 BC 90 DF A2 3A  BD C4 CB 86 43 10 9D F8  [_U....:....C...
000235F0  45 21 CB 50 52 20 92 8E  88 84 C9 3F C0 BD C9 8E  E!.PR .....?....
00023600  98 A0 4C D1 4B 43 08 52  20 C3 30 DC D4 AD D1 B1  ..L.KC.R .0.....
00023610  E7 A0 6B 10 EA FD 78 FC  B3 FF F0 88 12 33 55 59  ..k...x......3UY
00023620  5B 10 8F 8C A2 9C 31 E0  96 9B CC B2 62 A1 D1 31  [.....1.....b..1
00023630  8E 7F 8A 82 C8 BE C2 86  92 D9 C1 2C 61 C2 E7 A0  ...........,a...
00023640  9B 98 CA B0 A5 DD D2 CC  A1 02 67 D1 96 EB 10 E4  ..........g.....
00023650  FE 7F 9F 9C EF A3 EF CC  E2 F5 AD 5E D1 A9 BD 90  ...........^....
00023660  94 8E 89 85 87 C0 7F C8  C5 A0 C4 21 E6 00 BC 70  ...........!...p
00023670  98 3C DE 10 B6 90 AD AF  B1 B1 CC A1 BC 91 07 8E  .<..............
00023680  82 C0 ED EF FB 92 FD 11  08 FF 99 FF F4 2C D3 B2  .............,..
00023690  E0 9D 5B E0 AF B1 6C 6C  FF 6C B1 AF A9 A5 9E 98  ..[...ll.l......
000236A0  91 76 CE 70 7D C0 30 E0  8C 94 94 47 00 C8 52 40  .v.p}.0....G..R@
000236B0  3C D0 34 E0 A2 49 A1 CC  A3 A1 9B 0F 90 88 C8 BC  <.4..I..........
000236C0  6D FE 77 03 FC 00 86 01  46 8B 20 4E 32 90 FF A2  m.w.....F. N2...
000236D0  6B B0 F4 A9 5E F0 FE BB  F0 6C B1 AB A5 9F 9A 93  k...^....l......
000236E0  BF 8D 87 C7 7B 7D BE BA  20 86 02 C4 90 9B D3 32  ....{}.. ......2
000236F0  C1 10 4D C0 CD 20 65 C1  BC 80 1F 92 88 82 C6 BC  ..M.. e.........
00023700  ED D6 6E 45 F8 10 F8 FE  20 87 12 8A 60 5B 5F 5D  ..nE.... ...`[_]
00023710  5B 58 CC 1C 0F 23 DD 8C  94 B5 F0 38 03 B1 AF 7E  [X...#.....8...~
00023720  68 70 99 93 8B 85 C3 7F  B1 70 84 C1 40 C4 20 9E  hp.......p..@. .
00023730  C0 E2 CB 02 E4 10 59 C1  A1 FF A3 9F 9D 96 8E 88  ......Y.........
00023740  82 BE F0 6D B5 EE 53 FB  F9 88 71 4E 53 59 59 88  ...m..S...qNSYY.
00023750  0F EF A1 5C 31 60 8C 5A  01 39 F2 4D A1 9F FF 9A  ...\1`.Z.9.M....
00023760  95 8F 89 CC 81 C2 86 E3  8D 97 D6 80 E6 C1 D1 20  ............... 
00023770  92 90 8A E0 CC F0 46 60  62 20 61 50 63 50 9F 96  ......F`b aPcP..
00023780  90 81 86 EC 96 F5 FB 7F  70 7E 21 8A FF 9B 1F BC  ........p~!.....
00023790  C2 AF C1 8A C2 31 48 A0  65 82 DA 90 91 8D 1F CC  .....1H.e.......
000237A0  C2 C2 82 8F D5 50 48 A0  CF A2 DF 9D 98 92 8C 88  .....PH.........
000237B0  CB 00 92 96 72 D6 51 A4  DB 70 51 30 94 8A C6 6D  ....r.Q..pQ0...m
000237C0  1F 90 7F F1 03 FF 14 2F  27 B7 C6 32 80 58 E1 A2  ......./'..2.X..
000237D0  3A 65 11 9F 63 40 90 8E  84 BA 20 54 50 11 9F DC  :e..c@.... TP...
000237E0  E1 D0 D1 E8 B0 96 57 10  40 30 55 80 3C E1 52 E6  ......W.@0U.<.R.
000237F0  A1 94 88 C4 BC EE EC FF  EF A4 0F 2F 21 BF 88 43  .........../!..C
00023800  61 B9 D3 96 BB 60 90 09  88 B7 40 32 F1 A5 B8 F0  a....`....@2....
00023810  60 F0 E4 E0 68 B0 76 D7  10 8A 8E 55 90 A4 A6 AA  `...h.v....U....
00023820  48 30 0E BB 81 94 88 C2  ED 1A FB F7 84 F0 87 2F  H0............./
00023830  04 18 3F 2B 24 CB 4E 00  36 61 C0 20 3A 31 3A 60  ..?+$.N.6a. :1:`
00023840  FF 8C 8A 86 88 92 9B A1  A9 FF AF 6C 6E 6E 6C 6C  ...........lnnll
00023850  AF AB 9D A9 E8 B1 90 8C  8A 59 04 4D B2 A5 87 A0  .........Y.M....
00023860  96 88 6C 96 77 F8 01 12  04 82 2F 21 31 0C 3F 1E  ..l.w...../!1.?.
00023870  3F C9 F0 35 51 8C B4 C0  36 61 D8 3C D0 3A 61 C4  ?..5Q...6a.<.:a.
00023880  91 A7 AD 4D 30 70 6F 1F  6F B0 AE AA A6 E8 A0 3E  ...M0po.o......>
00023890  D0 DA 01 FC B7 F0 DF E1  AB A9 A1 9B 8C C6 E0 ED  ................
000238A0  A5 70 60 FA 16 83 F2 84  02 31 33 5B 03 5F 60 90  .p`......13[._`.
000238B0  3F 22 7C B1 61 B4 C2 C6  60 56 F0 BB 94 92 55 00  ?"|.a...`V....U.
000238C0  89 88 90 49 31 6F BF 70  71 71 70 6F 6D D3 30 A3  ...I1o.pqqpom.0.
000238D0  EF 9C 99 94 8E C5 A1 A2  A9 AD 86 BA F3 AB A2 EA  ................
000238E0  30 ED 0A 7B 04 81 62 23  06 07 45 62 65 1C 4F A3  0..{..b#..Ebe.O.
000238F0  3C B2 60 B3 D0 51 00 FE  B9 23 92 90 8C 89 85 88  <.`..Q...#......
00023900  92 2F 9D A2 AB B0 4C 41  71 51 43 41 11 F3 86 8C  ./....LAqQCA....
00023910  35 11 4C 31 6E 6C B1 AD  6F A5 9E 8E C8 6D 4F 06  5.L1nl..o....mO.
00023920  1E 80 71 52 05 46 60 0F  4F A1 7E C9 B2 71 9B 5D  ..qR.F`.O.~..q.]
00023930  B0 FE 39 E0 9D 98 94 92  8F 8B 87 97 86 8A 94 C8  ..9.............
00023940  45 70 D1 32 E8 50 97 9F  91 85 85 99 A3 B7 00 E2  Ep.2.P..........
00023950  43 AF 8F A9 9E 92 C6 6D  39 FA F4 7E 72 26 20 05  C......m9..~r& .
00023960  51 8A 3F 9B 5F 2E 52 B2  11 A1 CE 11 D4 21 F5 94  Q.?._.R......!..
00023970  42 50 85 CC F0 9E A5 AC  B0 97 6D 6F 70 50 40 B0  BP........mopP@.
00023980  4E A0 BF 12 85 DF CA 93  9F A8 AE CB 50 6F 6F 0E  N...........Poo.
00023990  E6 40 A9 A1 94 EC 1B 7B  18 05 3F 16 6F FA 29 73  .@.....{..?.o.)s
000239A0  C0 30 30 84 8C 96 9E A7  3D AF E6 51 A2 9D 96 91  .00.....=..Q....
000239B0  C2 50 32 62 CB A6 AC E0  52 6D D2 30 DB 61 9A 97  .P2b....Rm.0.a..
000239C0  FF 93 85 C5 87 97 9F A3  AA 19 AE 4D 61 E7 51 98  ...........Ma.Q.
000239D0  CB 6D 2B 81 2D 79 E3 D8  1C 6F A3 7C 32 61 A0 AB  .m+.-y...o.|2a..
000239E0  BC F0 AD A5 5B A0 99 44  00 85 83 31 E0 98 48 62  ....[..D...1..Hb
000239F0  F0 CC 61 52 60 BE 10 BE  A0 8F 87 81 C3 9F 83 8D  ..aR`...........
00023A00  93 9A A4 CA 61 3D F0 A2  07 9D 86 BE 79 6F 80 6F  ....a=......yo.o
00023A10  11 7F 24 6B B1 02 7A DC  E0 AB BC 61 8B 87 83 CA  ..$k..z....a....
00023A20  32 50 3F 90 98 A0 A6 AA  AE 4B 71 E6 70 FC DB 71  2P?......Kq.p..q
00023A30  CF 80 8B 83 78 7E C1 C5  9F 83 89 8F 96 9B 37 71  ....x~........7q
00023A40  C0 F0 84 40 ED 6F FF 6F  1C 7F 23 AB B0 90 33 20  ...@.o.o..#...3 
00023A50  9D D3 A0 7E 42 11 85 CC  C7 C6 C6 CB 45 71 C3 A4  ...~B.......Eq..
00023A60  AA E3 71 50 74 BE A0 45  00 81 C9 74 32 81 CA C0  ..qPt..E...t2...
00023A70  AB 63 F1 A2 A0 84 6D 6F  E0 7F 7F 9C 7F 23 AB 30  .c....mo.....#.0
00023A80  61 5B 30 94 95 93 9E 42  50 83 CA C5 C2 C9 F0 45  a[0....BP......E
00023A90  70 9E C3 A3 A6 4A 90 BC  10 D2 72 57 71 85 CA 8F  p....J....rWq...
00023AA0  C5 8D 9A A3 38 F3 CD A0  3F F0 86 30 6D A2 75 E7  ....8...?..0m.u.
00023AB0  7E E1 79 A2 04 07 08 C6  10 6F BC 22 4B 2E 63 88  ~.y......o."K.c.
00023AC0  8A 8A 89 C1 60 CA 4B C7  C3 C3 C2 88 DA 01 61 22  ....`.K.......a"
00023AD0  A6 3B 21 FE 59 A0 93 8F  89 87 CC 83 93 61 9F C9  .;!.Y........a..
00023AE0  70 CB 61 4E 70 D3 60 87  80 71 EE 03 07 04 75 E3  p.aNp.`..q....u.
00023AF0  F8 90 8A 8F 1B 9F AE 80  2E 72 BF CB 82 82 82 CC  .........r......
00023B00  C7 BE 80 BE 9B BC 7F AF  E4 9E A0 62 10 D1 82 9A  ...........b....
00023B10  79 99 D6 80 C2 50 CA 89  95 9C 49 80 19 AC 4C 73  y....P....I...Ls
00023B20  D2 70 85 7E 71 ED 00 C0  00 C0 D0 FD 83 09 94 1C  .p.~q...........
00023B30  9F 23 EA BD AF 81 C4 C6  F6 B6 90 C4 C2 3E 90 7B  .#...........>.{
00023B40  79 7D BE C6 30 D1 92 96  D8 C0 56 B1 53 90 95 93  y}..0.....V.S...
00023B50  F5 91 3B 82 CA 48 21 A3  A6 A8 AA 99 AC BB 11 52  ..;..H!........R
00023B60  80 83 7C 71 E0 73 B8 06  79 06 00 C1 83 31 22 22  ..|q.s..y....1""
00023B70  21 21 7E 80 F0 8D 9F 1F  1E AE 90 2E 81 C2 C2 C0  !!~.............
00023B80  C0 FF BE BD 7B 79 77 7B  BC BE 73 C3 C7 33 50 C8  ....{yw{..s..3P.
00023B90  B0 98 98 99 D1 93 37 8D  8B 89 BB 81 CA 85 DF 60  ......7........`
00023BA0  E0 10 18 62 21 3A 22 EC  92 02 02 75 B2 7D 01 7B  ...b!:"....u.}.{
00023BB0  A0 F6 82 D0 20 23 85 F0  2C 2C 2C 29 63 22 1F 04  .... #..,,,)c"..
00023BC0  B1 1C AF 9C A8 7F 7F 2E  A4 FE B5 A1 7D 79 77 77  ............}yww
00023BD0  7B 7F BC 3F BF C3 C5 CA  84 88 37 32 C0 20 FE 53  {..?......72. .S
00023BE0  A1 87 85 85 CC CA C5 C5  7D C7 60 70 95 99 9C 9F  ........}.`p....
00023BF0  9F D0 81 86 4F 90 97 83  6D 91 75 E0 74 A7 7F A2  ....O...m.u.t...
00023C00  23 BF 23 2A 2A 2A 2C 2D  09 B0 29 48 05 60 9C AF  #.#***,-..)H.`..
00023C10  A3 A9 7D AE A2 2F A3 BD  2F A0 7F BC 7F 7F 81 C1  ..}../../.......
00023C20  C3 C7 B4 80 FA B8 B2 8A  BE B0 84 82 CB CB CA FF  ................
00023C30  CA C7 C5 C3 C7 CC 85 89  DF 8F 93 97 99 9A 63 B2  ..............c.
00023C40  99 97 23 91 C5 6D A3 74  96 82 12 22 84 F1 06 E0  ..#..m.t..."....
00023C50  22 86 01 30 0C B0 1C BF  A3 A9 7B 2F B0 B1 B0 F1  "..0......{/....
00023C60  BC AF 80 B9 B1 3A B0 7D  7D BD BF ED C3 B3 81 88  .....:.}}.......
00023C70  86 CB B0 84 84 84 F7 CB  C9 C8 B6 91 C6 C5 C7 C7  ................
00023C80  7F 83 87 8B 8F 91 93 95  E3 B1 1F 93 91 8D 87 C3  ................
00023C90  6D BA FF 55 83 B1 7C 08  00 88 E1 32 32 31 2D 1D  m..U..|....221-.
00023CA0  9C BF F2 1C C7 7D AF B3  B6 B1 C2 C2 C4 C4 CE 37  .....}.........7
00023CB0  A0 BE BD 7D BF A0 B0 40  82 82 FA 52 B0 82 53 B0  ...}...@...R..S.
00023CC0  C9 C6 C4 C4 C6 FD C9 57  C2 CC 85 87 8B 8D 8D 19  .......W........
00023CD0  8F 63 C0 54 A1 C9 BD 6D  E1 F2 93 FA D2 FC FF A2  .c.T...m........
00023CE0  05 B0 2E 2E 4A 4F 54 5C  3F 61 61 66 66 34 34 90  ....JOT\?aaff44.
00023CF0  4F 22 CF FB 7F BC B2 96  C4 C2 BE BD 7F 1B 7B 7B  O"............{{
00023D00  C1 B0 BE C4 D4 B2 D4 B0  54 C0 E7 CB 84 84 37 90  ........T.....7.
00023D10  37 90 84 87 89 DF 89 8B  8B 8D 8A CD B1 C9 BE E0  7...............
00023D20  6D E1 75 E1 76 A4 81 D2  04 B0 2E 2E 46 FF 4A 54  m.u.v.......F.JT
00023D30  5A 5F 62 66 68 34 B1 34  10 BF A2 CB AF B2 BD BE  Z_bfh4.4........
00023D40  B4 90 C8 9C D3 B1 BA 90  BC 7D 7F 34 A1 34 90 C9  .........}.4.4..
00023D50  57 C9 C8 C9 50 C0 C9 35  90 84 CB B1 F4 58 D2 B5  W...P..5.....X..
00023D60  32 8A 4B B0 86 CB BE 79  F0 72 E7 F8 92 80 A1 05  2.K....y.r......
00023D70  B0 2A 2E 46 48 3F 32 33  55 5B 5D 59 8E AF A0 BE  .*.FH?23U[]Y....
00023D80  74 2F B1 B2 92 C8 4C D0  C6 C6 C2 B5 A0 1F C4 C8  t/....L.........
00023D90  C9 82 84 C8 B0 C9 B1 CF  B0 00 DB C2 CA D0 4D B0  ..............M.
00023DA0  4D B0 36 41 E3 D1 E9 00  6C F3 3C F1 BE 85 02 30  M.6A....l.<....0
00023DB0  31 31 32 8B 52 9C DF F0  23 BC B5 B1 39 C0 39 D1  112.R...#...9.9.
00023DC0  C8 C6 C4 C0 02 B3 90 C8  55 D1 B6 80 4A B2 C9 B0  ........U...J...
00023DD0  D7 C0 B3 32 74 BA 30 BC  31 96 63 E2 94 8E 84 EC  ...2t.0.1.c.....
00023DE0  E3 14 72 9B 82 B3 2D 87  00 29 8B 9F 1D AF B4 B1  ..r...-..)......
00023DF0  00 36 C3 D5 B2 B8 90 B6  91 B4 81 36 30 E4 D3 4C  .6.........60..L
00023E00  B0 D0 CC B1 5A 21 D7 F0  58 F0 9D B8 23 94 8C 71  ....Z!..X...#..q
00023E10  C6 6D EF 83 F1 02 E1 2D  2F 2F 0A 9F 22 1B FF BC  .m.....-//.."...
00023E20  AF A0 32 A4 B4 91 C8 56  C2 55 D0 E0 DA 11 62 E0  ..2....V.U....b.
00023E30  4A A0 BE 20 55 00 88 88  84 F1 CB C7 A1 E0 E0 E1  J.. U...........
00023E40  01 A0 A0 9E 9D 07 9D 98  90 6C 53 02 95 F8 B8 06  .........lS.....
00023E50  00 88 8F 00 99 FF 2C F4  2F 91 B5 E4 44 E0 36 90  ......,./...D.6.
00023E60  47 B1 B6 20 9F 98 9D 9B  9D 9D BE 42 D1 E2 84 E2  G.. .......B....
00023E70  BC 31 98 B6 10 E2 F2 DE  00 96 C9 7F F0 9C FF FF  .1..............
00023E80  FF 11 0F 1C 07 45 4C 40  42 FF 47 4B 42 3D 42 49  .....EL@B.GKB=BI
00023E90  45 40 FF 44 47 40 44 45  B3 B3 B5 BE 41 09 B3 B3  E@.DG@DE....A...
00023EA0  B3 75 72 52 04 75 69 75  4E 00 5C 01 76 63 05 B3  .urR.uiuN.\.vc..
00023EB0  B3 1C 0F B8 7F 0F 91 0F  9C 07 42 4B 42 39 01 3B  ..........BKB9.;
00023EC0  FF 40 45 44 3D 40 44 40  42 EF 42 BB BB BA C1 09  .@ED=@D@B.B.....
00023ED0  BB BB B8 D5 B3 52 07 B8  DC 02 B9 E2 06 B8 B8 F0  .....R..........
00023EE0  9C 0F FF 0F 11 1F 1C 17  3F 48 41 3F FF 41 46 3E  ........?HA?.AF>
00023EF0  3A 3E 46 41 3C FF 3E 41  3F 3F 41 2B 2B 28 EE 41  :>FA<.>A??A++(.A
00023F00  11 74 BA 74 41 12 2B 2B  2B 0B 27 25 52 14 27 5A  .t.tA.+++.'%R.'Z
00023F10  10 4E 10 40 13 49 14 F0  1C 1F 7F 1F 91 1F 24 19  .N.@.I........$.
00023F20  3F 3E 41 43 FA 34 10 43  38 11 3E 3F 3F 3B 3B AF  ?>AC.4.C8.>??;;.
00023F30  3A 3A 3A 37 45 12 37 C1  10 3B E7 3B 39 38 5E 11  :::7E.7..;.;98^.
00023F40  5C 13 36 36 36 6F 38 38  38 37 E2 16 38 38 9C 1F  \.666o8887..88..
00023F50  68 FF 1F 11 2F 24 18 46  B0 17 3C 3F BC 10 FF 42  h.../$.F..<?...B
00023F60  44 46 4A 4D 3C 35 76 FF  D6 76 35 3C 4D 4A 46 44  DFJM<5v..v5<MJFD
00023F70  3F 42 40 3B 38 36 36 5E  11 DB 10 7F 38 38 39 39  ?B@;866^....8899
00023F80  3B 3B 3C 62 24 0F 3A 3A  39 39 1C 2F 7F 2F 91 2F  ;;<b$.::99./././
00023F90  24 18 F5 43 3B 20 41 34  25 3C 3E 3F 44 FF 45 48  $..C; A4%<>?D.EH
00023FA0  4F 51 3E 35 B5 E9 FF B5  35 3E 51 4F 48 45 44 CF  OQ>5....5>QOHED.
00023FB0  42 42 3B 38 52 20 DC 12  39 3B FF 3D 3D 3D 40 3F  BB;8R ..9;.===@?
00023FC0  41 41 43 3D 43 3B 10 3E  3E 3D 3B 9C 2F FF 2F FC  AAC=C;.>>=;././.
00023FD0  11 3F 1C 37 41 41 3E 3E  3E 3F AF 3C 3A 3E 41 38  .?.7AA>>>?.<:>A8
00023FE0  20 3E BC 20 50 FF 52 54  57 5C 43 37 BA F8 FF BA   >. P.RTW\C7....
00023FF0  37 43 5C 57 54 52 50 C3  4E 49 D1 21 54 32 DC 20  7C\WTRP.NI.!T2. 
00024000  3C 00 45 48 FF 4A 4D 4D  4D 4A 4A 48 46 07 43 42  <.EH.JMMMJJHF.CB
00024010  40 1C 3F 7F 3F 91 3F 24  18 E9 20 DB 3E 3E 39 30  @.?.?.?$.. .>>90
00024020  3F 3F 39 31 3F 3F FF 55  58 5C 5E 61 4A 3A D3 FF  ??91??.UX\^aJ:..
00024030  FC D3 3A 4A 61 5E 5C 58  BF 55 53 50 47 3D 39 56  ..:Ja^\X.USPG=9V
00024040  33 39 7E B9 00 47 49 4C  4F 51 56 E4 30 3F 51 4F  39~..GILOQV.0?QO
00024050  4D 48 47 45 9C 3F FF 3F  C4 11 4F A4 3B 3C 30 41  MHGE.?.?..O.;<0A
00024060  33 30 BA 32 59 5D EF 5E  61 67 4F C5 32 4F 67 61  30.2Y].^agO.2Oga
00024070  BF 5E 5D 59 58 53 4B D1  21 39 FE 57 40 3B 3D 42  .^]YXSK.!9.W@;=B
00024080  45 49 4E 50 FF 54 57 5A  5C 5C 5A 57 54 0F 4F 4D  EINP.TWZ\\ZWT.OM
00024090  4B 47 1C 4F 7F 4F 91 4F  A4 3F FE B6 36 5B 5D 61  KG.O.O.O.?..6[]a
000240A0  64 67 4F 3C FF D3 FA D3  3C 4F 67 64 61 8F 5D 5B  dgO<....<Ogda.][
000240B0  58 55 D1 31 D5 42 5B 40  47 67 4B 50 53 63 41 65  XU.1.B[@GgKPScAe
000240C0  43 4C 49 9C 4F F0 FF 4F  11 5F 24 3F 36 36 5D 60  CLI.O..O._$?66]`
000240D0  64 67 F5 69 44 40 F8 48  40 69 67 64 60 1E CE 40  dg.iD@.H@igd`..@
000240E0  53 4C 42 3B 57 42 DB 4F  ED 4F F0 7E 5F 90 5F A3  SLB;WB.O.O.~_._.
000240F0  2F B5 27 5F 62 64 67 FF  6A 4F 3C BA F5 BA 3C 4F  /.'_bdg.jO<...<O
00024100  5F 6A 67 64 62 5F CF 45  3B D8 50 02 5C 50 4C 60  _jgdb_.E;.P.\PL`
00024110  5F F1 5F 03 6F 15 6F 28  2F 3A 22 FF 62 66 67 69  _._.o.o(/:".bfgi
00024120  6A 4D 3A B9 FF ED B9 3A  4D 6A 69 67 66 F2 CE 50  jM:....:Mjigf..P
00024130  53 50 31 D6 52 3D 40 45  4B 01 4C 61 40 E4 51 68  SP1.R=@EK.La@.Qh
00024140  4F 79 6F 8B 6F 9E 1F B0  1C E5 47 E1 30 4F 44 64  Oyo.o.....G.0ODd
00024150  C1 60 4C 47 45 9F 42 40  40 40 3D 52 20 58 41 40  .`LGE.B@@@=R XA@
00024160  5F 42 44 45 47 4A E2 64  48 4D 20 60 9C 6F FF 6F  _BDEGJ.dHM `.o.o
00024170  11 7F 24 1F 36 16 39 39  C1 10 3F 3A 35 74 B9 74  ..$.6.99..?:5t.t
00024180  35 41 71 D6 43 93 39 39  54 20 D9 25 3D C1 11 CA  5Aq.C.99T .%=...
00024190  11 3C 87 3C 3D 3D 1C 7F  7F 7F 91 7F A4 09 41 FF  .<.<==........A.
000241A0  3F 44 48 3E 3B 40 46 43  FF 3D 3F 43 40 41 41 EB  ?DH>;@FC.=?C@AA.
000241B0  EB FF EA EE F6 F2 F6 F9  F9 F9 EE C3 70 EE EA EB  ............p...
000241C0  CE 70 DA E2 DA FF DA D1  B2 73 B2 B2 CD CD 7F DA  .p.......s......
000241D0  E2 EB E7 F0 F2 F6 C5 70  7F F6 F6 F2 EE E6 EB E7  .......p........
000241E0  9C 7F F8 FF 7F 11 8F 24  09 3F 41 47 4A 41 FF 3D  .......$.?AGJA.=
000241F0  42 4A 46 40 43 48 40 FF  43 46 E7 E7 E6 EA F2 EE  BJF@CH@.CF......
00024200  BC E2 70 E8 70 F2 EA E6  E7 4E 80 D1 F8 D4 70 D6  ..p.p....N....p.
00024210  71 D8 70 D1 DA E7 E2 EB  9F EE EE EE F6 F6 62 80  q.p...........b.
00024220  4C 80 E2 F0 1C 8F 7F 8F  91 8F 9C 87 47 50 41 46  L...........GPAF
00024230  FF 4C 4F 48 42 47 4F 4D  44 FF 48 4D 42 48 48 47  .LOHBGOMD.HMBHHG
00024240  47 48 6B 4A 4F CA 60 51  69 60 4F 4A BE 80 DF 47  GHkJO.`Qi`OJ...G
00024250  47 3D 42 40 5E 71 44 3D  FE DF 60 45 49 45 4B 4D  G=B@^qD=..`EIEKM
00024260  4F 4F 2F 54 54 4F 4F 4B  20 49 ED 3F FE 8F FC 10  OO/TTOOK I.?....
00024270  9F 1C 98 4B 52 43 4A 52  56 FF 4D 47 4C 56 54 49  ...KRCJRV.MGLVTI
00024280  4D 4D 9F 42 4A 4A 49 49  E2 65 E2 62 49 84 4E 9F  MM.BJJII.e.bI.N.
00024290  40 98 49 ED 5F 7E 9F 90  9F 9C 98 4E FF 55 48 4D  @.I._~.....N.UHM
000242A0  58 5A 51 4E 53 FF 5C 5A  50 51 54 44 4F 4D 80 3F  XZQNS.\ZPQTDOM.?
000242B0  9F 51 9F 63 9F F4 9F 06  AF 18 AF 1C A0 50 FF 5B  .Q.c.........P.[
000242C0  4A 52 5B 5C 57 53 58 FF  61 5C 53 56 57 45 53 4F  JR[\WSX.a\SVWESO
000242D0  80 BF 9F D1 9F E3 9F 74  AF 86 AF 98 AF 9C A0 52  .......t.......R
000242E0  FF 5F 4D 55 5D 5E 5A 58  5D FF 63 61 58 5A 5C 47  ._MU]^ZX].caXZ\G
000242F0  55 51 FF 13 12 10 08 0B  15 15 10 EF 10 0C 09 0D  UQ..............
00024300  C5 A0 10 0E 09 FF 0B 15  11 10 0F 0E 08 0B FB 11  ................
00024310  11 CD A1 0C 17 11 12 0F  1A C2 A0 11 DC A1 10 0F  ................
00024320  9C AF FF AF 11 BF FE 1C  B7 53 60 51 55 5F 61 5C  .........S`QU_a\
00024330  FF 5B 5F 65 64 59 5C 5C  4C FF 58 54 1B 1A 16 09  .[_edY\\L.XT....
00024340  0F 1C FF 1C 18 16 0F 09  11 1C 18 FF 18 18 10 0A  ................
00024350  0C 19 17 16 FF 16 10 09  0E 19 19 16 18 7F 12 0A  ................
00024360  10 1D 19 1A 13 57 B0 1B  17 16 5D B0 1A 16 1C BF  .....W....].....
00024370  7F BF 91 BF BE 9C B7 55  63 54 58 60 4C 40 60 FF  .......UcTX`L@`.
00024380  66 64 5D 5C 5E 50 5B 56  FF 1B 1A 18 09 0F 1D 1C  fd]\^P[V........
00024390  1A FD 18 48 B0 1D 1A 1A  1A 12 0A 7F 0E 1C 19 18  ...H............
000243A0  18 12 09 D1 B1 7F 1A 13  0A 12 1D 1C 1B 41 B1 7F  .............A..
000243B0  19 18 13 09 10 1B 1A 9C  BF F8 FF BF 11 CF 1C C7  ................
000243C0  58 65 53 59 60 FC CC 40  3F 60 5D 5C 61 52 5B 56  XeSY`..@?`]\aR[V
000243D0  FF 16 13 10 08 0C 17 17  12 FF 10 0C 08 0D 19 13  ................
000243E0  12 12 46 D6 A0 15 11 46  C1 C3 A1 4E C0 0F 52 B0  ..F....F...N..R.
000243F0  3E 4F C3 0F 08 0C 18 10  1C CF 7F CF FC 91 CF 24  >O.............$
00024400  C8 66 55 5B 62 64 61 FF  5F 63 68 67 5F 5E 61 53  .fU[bda._chg_^aS
00024410  E3 5D 57 D5 10 C0 C2 55  22 38 39 44 DE CE 20 98  .]W....U"89D.. .
00024420  96 94 94 DD F8 A2 A1 FF  9B 94 8C 86 82 C9 C4 C0  ................
00024430  87 BD 7F 7D 9C CF FF CF  11 DF 1C D7 59 F9 68 B5  ...}........Y.h.
00024440  A0 B3 C0 65 68 66 5F 5E  8F 62 55 5D 59 BF C1 59  ...ehf_^.bU]Y..Y
00024450  11 C7 C8 96 79 94 DC E1  5F F2 A5 A5 A7 A7 E1 C0  ....y..._.......
00024460  FF 92 88 82 C8 C2 C0 BE  BC C3 7F 7B 1C DF 7F DF  ...........{....
00024470  91 DF 24 DD 62 5F 5F 65  34 66 5F 5F 3B D0 58 D5  ..$.b__e4f__;.X.
00024480  10 D4 57 13 C8 C6 40 52  D0 90 55 D3 A1 A1 FF A2  ..W...@R..U.....
00024490  A2 A2 A1 A0 9B 90 84 3F  C9 C6 C2 BE BD 7F 6C DF  .......?......l.
000244A0  FD DF 7C 0F EF A2 DB 55  5B 63 64 60 35 D2 FF 5D  ..|....U[cd`5..]
000244B0  62 53 5D 53 50 50 50 DE  B5 00 49 4C 4C 4E 3F E0  bS]SPPP...ILLN?.
000244C0  4E 4C 0F 44 B8 E1 3D D3  C1 DD E1 C8 F0 CD F0 4B  NL.D..=........K
000244D0  9E 9D E3 C0 84 E8 C0 6A  D0 7D ED DF 70 7E EF 90  .......j.}..p~..
000244E0  EF A3 B9 2F C0 62 61 5D  35 C0 FF 65 5B 5D 5D 4E  .../.ba]5..e[]]N
000244F0  59 53 45 F5 45 D1 80 49  47 E1 52 53 52 52 23 50  YSE.E..IG.RSRR#P
00024500  45 4F E1 50 F0 D4 D0 94  D9 E1 4B F0 7F 96 94 8E  EO.P......K.....
00024510  88 CB C6 C2 EA C1 F0 6C  EF FD EF 0F FF A2 AB 50  .......l.......P
00024520  53 5F 61 FF 5B 58 5F 63  60 58 59 5B 37 49 55 52  S_a.[X_c`XY[7IUR
00024530  40 A0 41 46 C4 82 E4 30  BF 54 51 48 B9 DE 3E DF  @.AF...0.TQH..>.
00024540  E0 90 CF 8C 8E 8E 90 D5  D0 D5 E1 90 8E 0F 8A 86  ................
00024550  CB C4 E8 D1 EB EF 7C FF  8E FF FE 21 AC 4B 52 5D  ......|....!.KR]
00024560  5D 58 53 5B FF 62 5F 53  55 58 44 52 50 D6 E2 60  ]XS[.b_SUXDRP..`
00024570  43 4A 47 F1 57 C8 F0 5A  56 F9 4A 4F F0 D9 E0 8E  CJG.W..ZV.JO....
00024580  8A 8A 8A 8C B3 8C 8E 5A  F1 61 F1 82 C8 E9 C2 7D  .......Z.a.....}
00024590  E1 7B 6D FF FE FF 10 0F  1C 08 4C 55 47 FF 4E 58  .{m.......LUG.NX
000245A0  5B 52 4E 55 5D 5B EE C8  E0 44 50 4C BF F1 48 51  [RNU][...DPL..HQ
000245B0  56 F6 E2 53 5C 57 CE F1  95 93 91 8C 7F 88 86 86  V..S\W..........
000245C0  86 88 8A 8C 59 F0 5F 90  90 8C 88 82 E7 D0 BC EB  ....Y._.........
000245D0  F0 C3 7B 79 1C 0F 7F 0F  91 0F 24 99 44 49 FF 52  ..{y......$.DI.R
000245E0  55 4B 47 4C 58 53 49 9F  4E 4E 42 49 4B 67 30 C2  UKGLXSI.NNBIKg0.
000245F0  FD 93 FF 93 91 8B 87 83  83 83 85 F3 86 8A DA F0  ................
00024600  60 00 8A 84 CB C4 86 67  02 79 77 9C 0F FF 0F 11  `......g.yw.....
00024610  1F 1B 16 14 FF 47 50 42  45 4C 50 47 40 FF 47 50  .....GPBELPG@.GP
00024620  4C 44 47 4C 42 47 EF 47  49 4A 48 42 FC 3D 8F 8F  LDGLBG.GIJHB.=..
00024630  FF 8F 89 87 85 CC CC CC  83 EB 85 89 DC 01 8E E3  ................
00024640  00 C6 C0 BD FE E9 02 61  4F 4A 5A 5C 4F 4F FF 5A  .......aOJZ\OO.Z
00024650  57 4A 3A 28 D2 D9 E0 FF  E3 E3 E0 E0 DC D9 42 42  WJ:(..........BB
00024660  69 42 E4 20 87 12 44 4E  20 3D 3D CE 11 C8 D5 21  iB. ..DN ==....!
00024670  5C 30 9E 11 9C A3 14 50  A0 45 4C 95 40 5D 50 42  \0.....P.EL.@]PB
00024680  C2 E0 45 DD 30 5E 30 49  BB 49 4B C2 ED 8B 8B 89  ..E.0^0I.IK.....
00024690  55 10 83 F7 CA CA CA 5A  10 87 8B 8A 8A ED 88 64  U......Z.......d
000246A0  10 C2 BE 6B E0 7B 79 5C  FF 4A 48 5A 5C 51 51 5A  ...k.{y\.JHZ\QQZ
000246B0  57 F1 48 78 13 7F 10 81  11 44 43 43 46 89 46 8A  W.Hx.....DCCF.F.
000246C0  13 DC 80 42 92 11 93 10  5A 51 44 FA 0E 20 99 23  ...B....ZQD.. .#
000246D0  24 40 E1 B8 40 4C FD 4B  30 23 45 3A 35 37 4C 4B  $@..@L.K0#E:57LK
000246E0  EC 2F 22 42 ED 87 85 53  21 89 83 C7 93 C7 C7 DB  ./"B...S!.......
000246F0  11 53 20 83 66 E1 E9 13  48 A4 70 11 F4 10 46 78  .S .f...H.p...Fx
00024700  15 00 20 44 05 20 43 9B  48 48 69 30 43 45 BF E0  .. D. C.HHi0CE..
00024710  30 20 49 DE 5F 50 55 55  52 4C 2F 20 49 47 FB 45  0 I._PUURL/ IG.E
00024720  95 A3 21 93 93 93 3D E1  57 B8 42 4B 3C 20 49 CE  ..!...=.W.BK< I.
00024730  80 45 B3 50 1F 3A 3E D6  EC E3 B9 20 5C 40 CE 80  .E.P.:>.... \@..
00024740  D5 49 3C 21 42 4F E0 AC  D2 21 AA AA EF 87 87 85  .I<!BO...!......
00024750  CA 5B 21 CC CC CA FF C7  C5 C3 C1 81 80 7E 7E BF  .[!..........~~.
00024760  7C 7A 5C 48 48 57 72 20  5C FF 56 46 37 28 D5 D9  |z\HHWr \.VF7(..
00024770  E0 E5 FE 7D 21 D9 45 45  43 46 48 48 DE 67 30 48  ...}!.EECFHH.g0H
00024780  46 46 45 DF 30 50 53 FD  53 39 F0 5B 5B 58 58 53  FFE.0PS.S9.[[XXS
00024790  52 9F 50 4C 49 47 91 23  30 52 10 8D E6 AB 20 3D  R.PLIG.#0R.... =
000247A0  47 8E 20 8E 10 42 40 3E  1E 64 70 37 B5 E5 BA 3A  G. ..B@>.dp7...:
000247B0  30 5C 30 03 20 F0 5F 30  C0 E0 CF 26 5F 20 89 85  0\0. ._0...&_ ..
000247C0  83 CC D6 D9 10 C7 C5 E5  20 BF E8 20 7C 7A B9 78  ........ .. |z.x
000247D0  6E 20 F1 21 5A 56 43 F8  23 E5 3A 7E 11 4B 40 A2  n .!ZVC.#.:~.K@.
000247E0  4D 4D 4D 0A 30 10 31 FF  52 55 59 5B 5D 5F 5D 5D  MMM.0.1.RUY[]_]]
000247F0  04 CE 41 1E 31 89 A3 34  2B 31 83 10 D3 60 D5 80  ..A.1..4+1...`..
00024800  A5 3C 39 31 B9 3E 32 5C  73 40 45 30 42 FC 4E 35  .<91.>2\s@E0B.N5
00024810  D7 00 83 83 87 89 89 8B  F6 56 10 C7 C3 65 30 BF  .........V...e0.
00024820  81 7E 7C FF 7C 78 78 5A  48 4D 57 5A BF 4F 51 57  .~|.|xxZHMWZ.OQW
00024830  54 41 37 79 16 DC 9F 4C  4B 4A 48 4A E2 80 8A 30  TA7y...LKJHJ...0
00024840  4A EE 5F 60 52 55 58 96  30 60 60 60 E1 5F 4E 40  J._`RUX.0```._N@
00024850  9E 31 53 22 53 20 3D E1  B3 F1 3B D4 82 18 21 39  .1S"S =...;...!9
00024860  31 35 B5 D6 BA 31 35 C0  32 DA 50 C5 32 3B B3 D0  15...15.2.P.2;..
00024870  21 59 10 5A D8 00 85 DE  10 8D 8D 5B 30 CA 64 32  !Y.Z.......[0.d2
00024880  FE 6A 31 78 57 48 49 57  57 4D EF 4F 5A 54 3F F8  .j1xWHIWWM.OZT?.
00024890  30 D8 DF E3 44 7D 12 03  41 48 CA 61 E8 80 5F 60  0...D}..AH.a.._`
000248A0  53 14 41 BF 62 63 63 62  5F 5D 19 30 53 07 50 4C  S.A.bccb_].0S.PL
000248B0  83 58 10 A4 41 2B 41 33  42 56 51 BE 3A 40 35 35  .X..A+A3BVQ.:@55
000248C0  76 D6 B9 BA 40 37 01 38  4E 73 16 21 4F 41 DF 20  v...@7.8Ns.!OA. 
000248D0  56 46 D2 10 DA 20 FC E5  22 6A 43 4B 56 56 4A 4F  VF... .."jCKVVJO
000248E0  57 F9 52 77 43 FD 20 E3  E0 DD 4C 4B 94 8A 20 C3  W.RwC. ...LK.. .
000248F0  F0 54 C2 60 4E 92 32 96  40 65 1B 65 63 1A 40 5B  .T.`N.2.@e.ec.@[
00024900  59 9E 30 60 30 25 52 8F  42 E1 B8 38 D8 51 4E 72  Y.0`0%R.B..8.QNr
00024910  3A 30 37 9A BC 40 B5 BA  40 35 38 44 52 C7 42 B8  :07..@..@58DR.B.
00024920  A3 D7 3D DA 10 55 46 DC  31 87 5D 30 C5 F9 C3 E7  ..=..UF.1.]0....
00024930  30 6B 40 56 45 49 54 54  A7 4A 4F 56 F6 45 FD 21  0k@VEITT.JOV.E.!
00024940  DF 03 50 43 6F 41 43 4D  54 4B F0 4F 50 91 44 E7  ..PCoACMTK.OP.D.
00024950  65 66 65 99 41 9B 30 53  50 C7 44 62 30 A5 50 C3  efe.A.0SP.Db0.P.
00024960  2B 51 4E 72 C6 40 38 38  51 FF 37 76 D3 B5 28 35  +QNr.@88Q.7v..(5
00024970  37 35 01 36 59 70 47 52  4D 52 53 40 55 45 A3 30  75.6YpGRMRS@UE.0
00024980  D9 20 FC 63 55 6B 30 54  45 49 51 51 4A F7 4F 55  . .cUk0TEIQQJ.OU
00024990  50 77 5E 41 46 4F 56 DF  57 56 53 53 53 12 51 60  Pw^AFOV.WVSSS.Q`
000249A0  62 E9 66 98 50 1A 40 5F  1E 50 53 BF BF 89 C1 25  b.f.P.@_.PS....%
000249B0  61 AA 50 BB 5B 70 2F 54  4A 71 3A 07 B5 D3 B5 40  a.P.[p/TJq:....@
000249C0  41 44 55 5D 70 CF 51 D4  30 0C 55 41 DD 10 87 85  ADU]p.Q.0.UA....
000249D0  52 20 5D 30 E4 20 E8 55  FF 47 4F 51 4A 4D 55 4E  R ]0. .U.GOQJMUN
000249E0  40 EA 78 42 E4 7E 52 4B  84 51 3F 41 48 2F 51 57  @.xB.~RK.Q?AH/QW
000249F0  57 58 16 31 5D 94 51 99  53 FE 9A 30 5B 59 81 81  WX.1].Q.S..0[Y..
00024A00  81 80 80 E0 69 30 2B 60  C8 42 17 22 68 71 3A B9  ....i0+`.B."hq:.
00024A10  D3 E7 B9 37 3C 4C 74 44  40 3D 40 3D 3D BB 50 62  ...7<LtD@=@==.Pb
00024A20  AC AC 85 83 55 60 53 22  DC 62 63 66 43 7A 54 44  ....U`S".bcfCzTD
00024A30  70 61 4A 53 DF 4B 3D 37  28 CF 7B 65 4C 4B FF 47  paJS.K=7(.{eLK.G
00024A40  43 3F 3E 3E 3F 48 51 AD  55 98 20 55 55 8E 61 59  C?>>?HQ.U. UU.aY
00024A50  17 71 55 07 53 58 58 0F  70 1F 20 23 72 AB 61 47  .qU.SXX.p. #r.aG
00024A60  44 FF 3D 3D 3E 3C 3E 3E  3C B9 C7 D3 BA 3A 3A 70  D.==><>><....::p
00024A70  30 42 C6 31 42 40 1C CF  65 53 61 CC 83 CC D7 61  0B.1B@..eSa....a
00024A80  E3 64 69 31 BF 7A 51 44  45 4E 4F F3 60 49 E4 F7  .di1.zQDENO.`I..
00024A90  64 7F 51 DF 9F 20 06 70  3C 3E 43 0F 4D 52 58 59  d.Q.. .p<>C.MRXY
00024AA0  17 31 91 72 9C 61 9C 40  5E A0 60 52 52 53 53 A4  .1.r.a.@^.`RRSS.
00024AB0  70 53 2B 72 FC CA 31 AF  31 41 41 41 3F 3F BA A7  pS+r..1.1AAA??..
00024AC0  D3 BA 3C B9 71 9E 12 40  BC 10 40 41 BB D0 24 55  ..<.q..@..@A..$U
00024AD0  74 E1 20 E3 64 68 73 52  39 10 DF 4D 48 48 52 47  t. .dhsR9..MHHRG
00024AE0  F7 66 E0 DF FF DD D4 D4  D8 DB DF DF E4 BF E8 EC  .f..............
00024AF0  EF F3 F7 FB 0F 83 F7 FF  F3 F3 EF EF EF E8 E8 E4  ................
00024B00  4F DF DB D8 D4 50 A5 AB  61 3D 0E 20 F6 23 71 45  O....P..a=. .#qE
00024B10  46 38 80 41 D3 D6 D3 79  3E 09 21 23 73 45 47 4C  F8.A...y>.!#sEGL
00024B20  40 CF 25 E0 D4 61 5C 30  DF 72 64 35 EB 60 50 44  @.%..a\0.rd5.`PD
00024B30  47 FF 4B 4D 46 48 50 47  3D 35 FE 79 75 DD DB D2  G.KMFHPG=5.yu...
00024B40  D5 D9 DC E0 FF E3 E5 E5  E9 ED F4 F8 F8 FD FA 90  ................
00024B50  82 F8 F4 F4 F1 F1 ED 7F  ED ED E9 E5 DC D9 D5 23  ...............#
00024B60  88 E1 3B 3C 10 C7 20 BF  10 41 A1 43 D3 DE 33 D3  ..;<.. ..A.C..3.
00024B70  3F 41 A1 B0 81 47 4B C6  E0 4E 88 E0 D5 11 62 61  ?A...GK..N....ba
00024B80  E4 62 66 85 38 10 47 4A  46 9F 46 50 45 3D 36 79  .bf.8.GJF.FPE=6y
00024B90  8A 7B 10 E4 72 09 80 F3  0D 90 0E 81 F7 F7 F3 98  .{..r...........
00024BA0  80 7E 19 90 ED E9 E0 D9  D2 4C 23 92 CE A9 83 44  .~.......L#....D
00024BB0  4B 4E C6 E0 31 90 4D 4D  FF 4F 4D 48 D3 E5 D6 43  KN..1.MM.OMH...C
00024BC0  4F 06 41 90 4E 4E 3B 20  A4 71 4E 87 DE 53 E1 65  O.A.NN; .qN..S.e
00024BD0  FE 66 85 4B 42 44 45 48  43 46 DF 4C 45 3B 36 24  .f.KBDEHCF.LE;6$
00024BE0  FA 60 DF E0 FD E0 00 80  D2 D2 D5 DB DD DF 9C 09  .`..............
00024BF0  91 19 80 EF F3 F3 13 91  95 91 F4 BF F8 F4 F1 ED  ................
00024C00  E0 D5 22 9A 45 EE C8 E2  52 50 50 45 F0 51 4D D6  ..".E...RPPE.QM.
00024C10  7F ED D6 48 57 57 56 54  B3 90 6D 52 B9 F0 59 55  ...HWWVT..mR..YU
00024C20  4E 85 8F 8D D3 11 B8 5F  62 62 34 67 82 7C 47 40  N......_bb4g.|G@
00024C30  04 21 44 7B 4B 44 77 91  D4 DD DF DF 7F 71 EF D2  .!D{KDw......q..
00024C40  D4 D4 DB 86 91 E9 ED F1  EF F1 F4 F4 F4 8F 80 F8  ................
00024C50  FA F8 DC 17 A0 0F A0 F4  ED DC A1 99 B8 3D E3 49  .............=.I
00024C60  53 1F 71 CA E0 C5 F1 4F  DE F5 7F DE 4D 5E 5C 5A  S.q....O....M^\Z
00024C70  5A 59 98 20 76 14 40 5D  5B CE 24 8F 8F 91 D6 90  ZY. v.@][.$.....
00024C80  B4 D3 12 E0 30 C5 E3 31  81 81 E9 11 44 5E 45 30  ....0..1....D^E0
00024C90  41 41 44 47 F6 9A CF 83  81 12 87 90 E8 90 90 8D  AADG............
00024CA0  81 FC 93 A2 16 A1 9D 90  BF D9 D2 CF 4E 4C 4E 26  ............NLN&
00024CB0  95 3D EF 4C 58 5B 59 1E  70 4B 55 57 EF 57 5C 5E  .=.LX[Y.pKUW.W\^
00024CC0  56 3D A0 4F 64 61 EF 5E  5C 5B 4B 49 A1 5F 62 5F  V=.Oda.^\[KI._b_
00024CD0  E8 CE 23 A7 20 24 32 8D  D7 90 87 85 82 E7 C9 C6  ..#. $2.........
00024CE0  C4 68 D0 EA D0 7F 7D 40  FE 9D 10 3F 3E 42 45 42  .h....}@...?>BEB
00024CF0  3B 2B 27 24 B7 D4 06 80  80 70 DD 83 A0 84 81 F9  ;+'$.....p......
00024D00  E8 0A 81 0F 91 FC FC FF  FE FE FF FE FF FF FF FC  ................
00024D10  FA F1 E9 47 D5 CF B7 46  E0 25 B0 29 A3 50 B0 A0  ...G...F.%.).P..
00024D20  FF 59 58 49 49 58 5C 5C  5E FB 64 57 3D A0 51 69  .YXIIX\\^.dW=.Qi
00024D30  64 61 5C 7D 5D 35 B0 5D  60 60 62 60 CE 22 F9 97  da\}]5.]``b`."..
00024D40  D6 A0 A8 20 93 93 90 90  8E 71 8E 55 00 64 10 E5  ... .....q.U.d..
00024D50  A2 BC 7F 7F 31 42 5F 3E  40 44 40 39 F8 A2 DD FE  ....1B_>@D@9....
00024D60  A2 57 B7 CF D5 85 90 E4  09 92 F7 0E 82 CD FD 95  .W..............
00024D70  B4 FB EF 1F B3 25 96 40  50 FE 17 30 59 49 49 4C  .....%.@P..0YIIL
00024D80  5B 5E 61 FF 61 69 5C D6  F5 D6 56 6A FD 67 33 C0  [^a.ai\...Vj.g3.
00024D90  52 47 49 5F 60 5F 6B 62  62 4E E1 9A 53 B0 93 93  RGI_`_kbbN..S...
00024DA0  DD E0 D4 D8 B1 D3 D0 8C  E3 10 C8 E6 E0 BE BD DB  ................
00024DB0  BE BC AE 41 39 3C CC 60  39 27 90 79 B2 FC 90 81  ...A9<.`9'.y....
00024DC0  B1 83 82 DC 89 B2 8D 91  EC FF EC EC EF EC E8 E9  ................
00024DD0  E9 F1 DF F8 ED E3 D2 B7  A2 BC 5D 5B B6 B4 80 50  ..........][...P
00024DE0  5D B8 B0 6A 5E BD B0 57  A6 C1 B1 5F 58 B3 80 19  ]..j^..W..._X...
00024DF0  40 60 4E E1 AC 72 D4 C1  96 5B E0 59 C2 98 96 92  @`N..r...[.Y....
00024E00  E1 F1 D0 E6 D0 68 D1 44  40 36 60 39 95 10 27 25  .....h.D@6`9..'%
00024E10  D9 B6 FB B1 7D C1 B7 B7  83 80 DD DF EF CE B6 CE  ....}...........
00024E20  D0 8D C7 CE CE CE C7 D0  ED F1 1E C2 31 92 A8 B4  ............1...
00024E30  53 59 F7 5B 53 4B B4 B0  5D 5C 61 64 FD 6B 3C C1  SY.[SK..]\ad.k<.
00024E40  56 6B 67 64 64 5F 31 52  33 C1 1A 40 CE E1 AC AC  Vkgdd_1R3..@....
00024E50  57 E0 5C E0 3F 9E A0 A0  A1 A1 A0 60 E0 54 F0 58  W.\.?......`.T.X
00024E60  E3 F1 E5 A1 2E 60 38 38  C3 61 36 78 C2 7E 06 A0  .....`88.a6x.~..
00024E70  DD DB D8 B7 CE D0 04 80  1F DD CE 81 BF C3 A5 52  ...............R
00024E80  63 32 E7 30 BD D0 16 C0  DD D0 CE B7 C5 91 52 F9  c2.0..........R.
00024E90  50 A9 C5 A3 82 47 58 5A  61 69 FF 6B 5A D6 F4 DE  P....GXZai.kZ...
00024EA0  4F 6B 67 67 67 64 60 C8  80 B4 80 60 5D 4E C2 BB  Okgggd`....`]N..
00024EB0  AC AC D5 C1 A0 A1 A5 5B  D2 A1 AF A0 9D 98 92 E3  .......[........
00024EC0  00 C8 E4 A1 2B E6 F5 C0  38 39 44 50 F7 C1 D0 D8  ....+...89DP....
00024ED0  D8 DE FC C0 D8 D8 B4 B6  05 D2 D0 81 CB C1 C3 0D  ................
00024EE0  D4 C3 67 50 19 D0 E8 EC  1F E8 DB D0 B6 B6 0E 60  ..gP...........`
00024EF0  A5 70 29 82 F9 42 C6 C1  BF 10 42 53 5C 61 67 BF  .p)..B....BS\ag.
00024F00  69 4D BA F8 DE 46 C1 B0  64 DB 60 3D 47 D2 49 5D  iM...F..d.`=G.I]
00024F10  CE 25 96 9B FF 9E A1 A5  A7 A7 A9 AB AB 7F AB A9  .%..............
00024F20  A5 A1 9E 96 90 E3 B2 DF  C4 C0 2B 38 39 C4 51 36  ..........+89.Q6
00024F30  38 79 2B 78 D3 FC D1 D4  B4 B4 CE 86 D2 47 80 C1  8y+x.........G..
00024F40  C3 63 A0 0F E3 E5 71 D0  89 B0 59 D8 A0 D0 0F 71  .c....q...Y....q
00024F50  55 55 29 A2 42 28 90 F6  B4 81 45 47 8B 30 43 3A  UU).B(....EG.0C:
00024F60  B9 F8 3D D3 40 70 3F 3F  3D 3D 2F E4 4E D4 F6 D7  ..=.@p??==/.N...
00024F70  80 A0 A5 DD D1 AD AD AF  AD 1F AB A7 A2 9B 94 E5  ................
00024F80  C0 E3 A0 ED D0 B7 38 2B  36 97 11 2B 25 79 D0 D4  ......8+6..+%y..
00024F90  96 FF D1 D4 D0 03 E0 D0  07 EF 19 E2 DF 8F D8 CE  ................
00024FA0  B6 B6 FF B0 FF B0 29 A2  40 FE 2F E4 47 D7 D3 BA  ......).@./.G...
00024FB0  B9 BA D3 FF DE FE F5 D6  D6 D3 BA BA BB BB E8 C8  ................
00024FC0  D2 49 4B 49 4F 87 A2 E5  A5 5C E0 AF DE E0 61 E0  .IKIO....\....a.
00024FD0  A1 9B 90 E7 86 84 C9 E5  F0 6E E0 27 2B 38 83 36  .........n.'+8.6
00024FE0  2B F7 C0 79 E1 FC E2 82  EF 14 E6 DF F9 DD 9F E1  +..y............
00024FF0  09 90 E8 E4 E4 49 49 FC  2B 21 C7 E4 47 D7 D6 D6  .....II.+!..G...
00025000  DE E9 FF F5 F8 FE F5 F5  ED E5 DE B7 DE D7 E4 C7  ................
00025010  E3 49 47 4F 88 A7 ED AB  DE E0 B1 B1 E0 E0 A7 A1  .IGO............
00025020  9D 20 65 D1 6B E3 F1 E2  F7 D0 F9 E5 D0 02 FF 14  . e.k...........
00025030  F8 F9 D4 A0 E0 0D B1 F3  F3 49 49 44 6F E4 BB 42  .........IIDo..B
00025040  4E 30 23 4C 4E 89 30 78  B8 F7 46 90 B1 F3 4B BB  N0#LN.0x..F...K.
00025050  E4 40 D2 76 F3 A9 AB 5E  F0 60 F1 A9 A5 9D 94 05  .@.v...^.`......
00025060  8C E4 11 C0 FF 7B 40 18  40 1C 60 20 81 24 81 24  .....{@.@.` .$.$
00025070  A1 28 81 28 A2 2C A2 2C  C2 2C C3 2C C3 30 E4 30  .(.(.,.,.,.,.0.0
00025080  E4 30 E4 34 E4 34 05 35  05 35 05 39 05 39 26 39  .0.4.4.5.5.9.9&9
00025090  26 3D 47 3D 47 3D 67 41  67 41 68 45 68 45 89 49  &=G=G=gAgAhEhE.I
000250A0  AA 49 AA 49 CB 4D 0C 56  BF 73 1E 5B 3E 5B 3E 5F  .I.I.M.V.s.[>[>_
000250B0  7F 67 9F 6B 2A 00 2B 00  AB 0C 2B 00 2C 00 CC 10  .g.k*.+...+.,...
000250C0  CE 10 EF 14 10 15 31 19  31 19 52 1D 53 1D 73 21  ......1.1.R.S.s!
000250D0  74 21 94 25 19 36 19 36  39 3A 39 3A 3A 3A 3A 3A  t!.%.6.69:9:::::
000250E0  3A 3E 5A 3E 5A 3E 5B 3E  5B 42 5B 42 7B 42 7B 42  :>Z>Z>[>[B[B{B{B
000250F0  7B 42 7C 46 9C 46 9C 46  9C 4A 9C 4A BC 4A BD 4A  {B|F.F.F.J.J.J.J
00025100  BD 4E DD 4E DD 4E DD 52  DD 52 FD 56 1E 5B 2C 00  .N.N.N.R.R.V.[,.
00025110  2D 00 2D 00 2D 00 2E 00  2E 00 2E 00 2F 00 2F 00  -.-.-......././.
00025120  2F 00 2F 00 50 00 30 00  95 25 95 25 B6 29 B6 29  /./.P.0..%.%.).)
00025130  D6 29 D7 2D D7 2D D7 2D  F8 31 F8 31 F8 31 F8 31  .).-.-.-.1.1.1.1
00025140  18 32 19 36 50 00 50 00  50 00 50 00 51 00 51 00  .2.6P.P.P.P.Q.Q.
00025150  51 00 51 00 51 00 51 00  52 00 52 00 52 00 52 00  Q.Q.Q.Q.R.R.R.R.
00025160  72 00 72 00 73 00 73 00  73 00 73 00 73 00 73 00  r.r.s.s.s.s.s.s.
00025170  73 00 73 00 74 00 74 00  74 00 74 00 94 00 94 00  s.s.t.t.t.t.....
00025180  94 00 94 00 7F 32 94 00  94 00 95 00 95 00 95 00  .....2..........
00025190  95 00 95 00 95 00 95 00  95 00 B6 00 B6 00 B6 00  ................
000251A0  B6 00 B6 00 B6 00 B6 04  B6 04 B7 04 B7 04 B7 00  ................
000251B0  B7 00 D7 04 D7 04 D7 04  D7 04 D7 04 D8 04 D8 04  ................
000251C0  D8 04 D8 04 D8 04 D8 04  D8 04 F8 04 F8 04 F9 04  ................
000251D0  F9 04 3F 2A 5F 2E 1F 22  5F 2A 3F 26 1F 22 F9 04  ..?*_.."_*?&."..
000251E0  F9 04 F9 04 F9 04 F9 04  F9 04 FA 04 FA 04 1A 05  ................
000251F0  1A 05 1A 05 1A 05 1A 05  1A 05 1A 05 1A 05 1B 05  ................
00025200  1B 05 1B 05 3B 09 3B 09  3B 09 3B 09 3B 09 3C 09  ....;.;.;.;.;.<.
00025210  3C 09 3C 09 3C 09 5C 09  5C 09 5C 09 5C 09 5C 09  <.<.<.\.\.\.\.\.
00025220  5D 09 5D 09 5D 09 7D 0D  7D 0D 7D 0D 7D 0D 7D 0D  ].].].}.}.}.}.}.
00025230  7D 0D 7E 0D 7E 0D 9E 0D  9E 0D 9E 0D 9E 11 9F 11  }.~.~...........
00025240  9F 11 BF 11 BF 15 BF 11  BF 15 BF 15 DF 15 DF 19  ................
00025250  DF 15 FF 1D 1F 1E FF 19  FF 19 FF 1D 08 04 09 00  ................
00025260  09 00 0A 00 00 00 00 00  00 00 00 00 00 00 00 00  ................
00025270  00 00 FF FF 00 00 00 00  00 00 FF FF 00 00 00 00  ................
00025280  FF FF 00 00 FF FF 00 00  FF FF 00 00 FF FF FF FF  ................
00025290  00 00 FF FF 00 00 00 00  FF FF 00 00 FF FF 00 00  ................
000252A0  00 00 FF FF 00 00 00 00  00 00 FF FF 00 00 00 00  ................
000252B0  00 00 00 00 00 00 00 00  00 00 00 00 00 00 00 00  ................
000252C0  00 00 00 00 00 00 00 00  00 00 00 00 00 00 00 00  ................
000252D0  00 00 00 00 00 00 00 00  FF FF 00 00 00 00 FF FF  ................
000252E0  00 00 FF FF 00 00 00 00  FF FF 00 00 00 00 FF FF  ................
000252F0  00 00 FF FF 00 00 FF FF  00 00 FF FF 00 00 FF FF  ................
00025300  00 00 00 00 FF FF 00 00  FF FF 00 00 00 00 00 00  ................
00025310  FF FF 00 00 00 00 00 00  00 00 FF FF 00 00 FF FF  ................
00025320  00 00 FF FF FF FF 00 00  FF FF 00 00 00 00 00 00  ................
00025330  FF FF 00 00 00 00 00 00  00 00 FF FF 00 00 00 00  ................
00025340  00 00 FF FF 00 00 FF FF  00 00 FF FF 00 00 FF FF  ................
00025350  00 00 FF FF FF FF 00 00  00 00 FF FF 00 00 FF FF  ................
00025360  FF FF 00 00 00 00 FF FF  00 00 FF FF 00 00 FF FF  ................
00025370  00 00 00 00 00 00 FF FF  00 00 FF FF 00 00 FF FF  ................
00025380  00 00 FF FF 00 00 FF FF  00 00 00 00 FF FF 00 00  ................
00025390  00 00 FF FF 00 00 00 00  FF FF 00 00 FF FF 00 00  ................
000253A0  FF FF 00 00 FF FF 00 00  FF FF 00 00 FF FF 00 00  ................
000253B0  FF FF 00 00 00 00 FF FF  00 00 FF FF 00 00 FF FF  ................
000253C0  00 00 FF FF 00 00 FF FF  00 00 FF FF 00 00 00 00  ................
000253D0  FF FF 00 00 00 00 00 00  00 00 00 00 FF FF 00 00  ................
000253E0  FF FF 00 00 FF FF 00 00  FF FF 00 00 FF FF 00 00  ................
000253F0  FF FF 00 00 FF FF 00 00  FF FF 00 00 FF FF 00 00  ................
00025400  00 00 FF FF 00 00 FF FF  00 00 00 00 FF FF 00 00  ................
00025410  FF FF 00 00 00 00 00 00  FF FF 00 00 FF FF 00 00  ................
00025420  00 00 FF FF 00 00 00 00  FF FF 00 00 00 00 00 00  ................
00025430  FF FF 00 00 FF FF 00 00  00 00 FF FF 00 00 00 00  ................
00025440  FF FF 00 00 00 00 FF FF  00 00 FF FF 00 00 00 00  ................
00025450  FF FF 00 00 00 00 00 00  FF FF FF FF 00 00 00 00  ................
00025460  00 00 00 00 FF 7F 42 08  42 08 63 0C 63 0C 84 10  ......B.B.c.c...
00025470  84 10 84 90 A5 14 A5 14  A5 14 A5 94 C6 18 C6 18  ................
00025480  E7 9C E7 1C E7 9C E7 1C  08 A1 08 21 08 A1 29 A5  ...........!..).
00025490  29 25 4A A9 4A 29 4A 29  4A A9 6B 2D 6B AD 8C 31  )%J.J)J)J.k-k..1
000254A0  8C 31 8C B1 AD 35 EF 3D  DE 7B 5A EB 5A 6B 7B 6F  .1...5.=.{Z.Zk{o
000254B0  9C 73 BD 77 84 10 84 10  C6 18 84 10 84 10 E7 1C  .s.w............
000254C0  08 21 29 25 4A 29 6B 2D  6B 2D 8C 31 8C 31 AD 35  .!)%J)k-k-.1.1.5
000254D0  AD 35 CE 39 52 4A 73 4E  73 CE 73 4E 73 4E 73 CE  .5.9RJsNs.sNsNs.
000254E0  94 52 94 D2 94 52 94 52  B5 D6 B5 56 B5 56 B5 D6  .R...R.R...V.V..
000254F0  B5 56 D6 DA D6 5A D6 DA  D6 5A D6 DA F7 5E F7 DE  .V...Z...Z...^..
00025500  F7 5E F7 5E 18 E3 18 63  18 E3 39 67 39 67 84 10  .^.^...c..9g9g..
00025510  84 90 84 10 A5 14 A5 14  A5 14 A5 94 A5 14 A5 94  ................
00025520  A5 14 A5 94 C6 98 C6 18  CE B9 CE 39 EF 3D 10 42  ...........9.=.B
00025530  10 C2 10 42 31 46 31 46  31 46 31 C6 31 46 52 4A  ...B1F1F1F1.1FRJ
00025540  52 4A 52 CA C6 18 C6 98  C6 18 C6 98 C6 18 C6 98  RJR.............
00025550  C6 18 C6 98 C6 98 C6 18  E7 1C E7 9C E7 1C E7 9C  ................
00025560  E7 9C E7 1C E7 1C E7 9C  E7 1C E7 9C 08 21 08 A1  .............!..
00025570  08 21 08 21 08 21 08 A1  08 21 08 A1 08 21 08 A1  .!.!.!...!...!..
00025580  08 21 08 A1 D6 5A 08 A1  08 21 29 25 29 A5 29 25  .!...Z...!)%).)%
00025590  29 25 29 A5 29 25 29 25  29 A5 29 25 29 A5 29 25  )%).)%)%).)%).)%
000255A0  29 A5 4A 29 4A A9 4A 29  4A A9 4A 29 4A A9 4A 29  ).J)J.J)J.J)J.J)
000255B0  4A A9 4A 29 4A 29 4A A9  4A 29 4A A9 6B 2D 6B AD  J.J)J)J.J)J.k-k.
000255C0  6B 2D 6B AD 6B 2D 6B AD  6B 2D 6B AD 6B 2D 6B 2D  k-k.k-k.k-k.k-k-
000255D0  6B AD B5 56 B5 56 94 52  B5 56 94 52 94 D2 8C 31  k..V.V.R.V.R...1
000255E0  8C B1 8C 31 8C B1 8C 31  8C B1 8C 31 8C B1 8C 31  ...1...1...1...1
000255F0  8C B1 8C 31 8C B1 AD 35  AD B5 AD 35 AD B5 AD 35  ...1...5...5...5
00025600  AD 35 AD B5 AD 35 AD B5  AD 35 CE 39 CE B9 CE 39  .5...5...5.9...9
00025610  CE B9 CE 39 CE 39 CE 39  CE B9 CE 39 CE B9 EF 3D  ...9.9.9...9...=
00025620  EF 3D EF BD EF 3D EF 3D  EF BD EF 3D 10 42 10 42  .=...=.=...=.B.B
00025630  10 C2 10 42 10 C2 10 42  10 42 10 C2 31 46 31 46  ...B...B.B..1F1F
00025640  31 C6 31 46 31 46 31 C6  52 4A 52 CA 52 4A 52 4A  1.1F1F1.RJR.RJRJ
00025650  52 CA 73 4E 73 4E 73 4E  73 CE 73 CE 63 0C 63 0C  R.sNsNsNs.s.c.c.
00025660  63 0C 63 0C 00 00 00 00  00 00 00 00 00 00 00 00  c.c.............
00025670  00 00 00 80 00 00 00 00  00 00 00 80 00 00 00 00  ................
00025680  00 80 00 00 00 80 00 00  00 80 00 00 00 80 00 80  ................
00025690  00 00 00 80 00 00 00 00  00 80 00 00 00 80 00 00  ................
000256A0  00 00 00 80 00 00 00 00  00 00 00 80 00 00 00 00  ................
000256B0  00 00 00 00 00 00 00 00  00 00 00 00 00 00 00 00  ................
000256C0  00 00 00 00 00 00 00 00  00 00 00 00 00 00 00 00  ................
000256D0  00 00 00 00 00 00 00 00  00 80 00 00 00 00 00 80  ................
000256E0  00 00 00 80 00 00 00 00  00 80 00 00 00 00 00 80  ................
000256F0  00 00 00 80 00 00 00 80  00 00 00 80 00 00 00 80  ................
00025700  00 00 00 00 00 80 00 00  00 80 00 00 00 00 00 00  ................
00025710  00 80 00 00 00 00 00 00  00 00 00 80 00 00 00 80  ................
00025720  00 00 00 80 00 80 00 00  00 80 00 00 00 00 00 00  ................
00025730  00 80 00 00 00 00 00 00  00 00 00 80 00 00 00 00  ................
00025740  00 00 00 80 00 00 00 80  00 00 00 80 00 00 00 80  ................
00025750  00 00 00 80 00 80 00 00  00 00 00 80 00 00 00 80  ................
00025760  00 80 00 00 00 00 00 80  00 00 00 80 00 00 00 80  ................
00025770  00 00 00 00 00 00 00 80  00 00 00 80 00 00 00 80  ................
00025780  00 00 00 80 00 00 00 80  00 00 00 00 00 80 00 00  ................
00025790  00 00 00 80 00 00 00 00  00 80 00 00 00 80 00 00  ................
000257A0  00 80 00 00 00 80 00 00  00 80 00 00 00 80 00 00  ................
000257B0  00 80 00 00 00 00 00 80  00 00 00 80 00 00 00 80  ................
000257C0  00 00 00 80 00 00 00 80  00 00 00 80 00 00 00 00  ................
000257D0  00 80 00 00 00 00 00 00  00 00 00 00 00 80 00 00  ................
000257E0  00 80 00 00 00 80 00 00  00 80 00 00 00 80 00 00  ................
000257F0  00 80 00 00 00 80 00 00  00 80 00 00 00 80 00 00  ................
00025800  00 00 00 80 00 00 00 80  00 00 00 00 00 80 00 00  ................
00025810  00 80 00 00 00 00 00 00  00 80 00 00 00 80 00 00  ................
00025820  00 00 00 80 00 00 00 00  00 80 00 00 00 00 00 00  ................
00025830  00 80 00 00 00 80 00 00  00 00 00 80 00 00 00 00  ................
00025840  00 80 00 00 00 00 00 80  00 00 00 80 00 00 00 00  ................
00025850  00 80 00 00 00 00 00 00  00 80 00 80 00 00 00 00  ................
00025860  00 00 00 00 FF 7F 0C 00  0D 00 0D 00 0E 00 0F 00  ................
00025870  10 00 10 80 11 00 11 00  12 00 12 80 13 00 14 00  ................
00025880  14 80 15 00 15 80 15 00  16 80 16 00 16 80 17 80  ................
00025890  18 00 19 84 19 04 1A 08  1A 88 3B 0C 3C 8C 5D 10  ..........;.<.].
000258A0  7E 14 7E 94 BF 1C 1F 29  FF 7F 5F F3 5F 77 7F 77  ~.~....).._._w.w
000258B0  DF 7F FF 7F 0F 00 0F 00  14 00 0F 00 0F 00 15 00  ................
000258C0  17 00 19 00 1A 04 3B 0C  3C 10 5D 10 7E 14 9F 18  ......;.<.].~...
000258D0  BF 1C DF 20 BF 3D DF 41  DF C1 DF 45 FF 45 FF C5  ... .=.A...E.E..
000258E0  1F 4A 1F CA 1F 4A 3F 4E  3F CE 3F 4E 5F 52 5F D2  .J...J?N?.?N_R_.
000258F0  5F 56 7F D6 7F 56 7F DA  9F 5A 9F DA BF 5E BF DE  _V...V...Z...^..
00025900  BF 62 DF 62 DF E2 FF 66  FF E6 1F 6B 3F 73 10 00  .b.b...f...k?s..
00025910  10 80 10 00 11 00 11 00  11 00 11 80 11 00 11 80  ................
00025920  12 00 12 80 12 80 12 00  FF A4 FF 24 1F 29 3F 2D  ...........$.)?-
00025930  3F AD 3F 31 5F 31 7F 35  7F 35 7F B5 9F 39 9F 39  ?.?1_1.5.5...9.9
00025940  9F 3D BF BD 12 00 12 80  13 00 13 80 13 00 13 80  .=..............
00025950  13 00 13 80 13 80 14 00  14 00 14 80 14 00 14 80  ................
00025960  15 80 15 00 15 00 15 80  15 00 15 80 16 00 16 80  ................
00025970  16 00 16 00 16 00 16 80  16 00 16 80 16 00 16 80  ................
00025980  17 00 17 80 7F 56 17 80  17 00 17 00 17 80 18 00  .....V..........
00025990  18 00 18 80 18 00 18 00  18 80 18 00 18 80 19 00  ................
000259A0  19 80 19 04 19 84 19 04  19 84 1A 04 1A 84 1A 04  ................
000259B0  1A 84 1A 08 1A 08 1A 88  1A 08 1A 88 1B 08 1B 88  ................
000259C0  3B 0C 3B 8C 3B 0C 3B 8C  3C 0C 3C 8C 3C 10 5C 10  ;.;.;.;.<.<.<.\.
000259D0  5C 90 3F 4E 5F 56 1F 4A  5F 52 3F 4E 1F CA 5C 10  \.?N_V.J_R?N..\.
000259E0  5C 90 5D 10 5D 90 5D 14  5D 94 7D 14 7D 94 7D 14  \.].].].].}.}.}.
000259F0  7D 94 7E 14 7E 94 9E 18  9E 98 9E 18 9E 98 9F 18  }.~.~...........
00025A00  9F 1C 9F 98 BF 1C BF 9C  BF 1C BF 1C BF 9C DF 20  ............... 
00025A10  DF A0 DF 20 DF 20 DF 20  DF A0 FF 24 FF A4 FF 24  ... . . ...$...$
00025A20  FF 24 1F A9 1F 29 1F 29  1F A9 1F 29 3F 2D 3F 2D  .$...).)...)?-?-
00025A30  3F AD 3F 2D 3F AD 5F 31  5F 31 5F B1 5F 31 7F 35  ?.?-?._1_1_._1.5
00025A40  7F B5 7F 35 9F 39 9F B9  9F 39 9F B9 BF 3D BF 3D  ...5.9...9...=.=
00025A50  BF BD FF 45 FF 45 DF 41  DF C1 FF C5 0E 00 0E 00  ...E.E.A........
00025A60  0E 00 0E 00 00 40 00 00  FF 92 93 93 92 92 92 8E  .....@..........
00025A70  8F F7 91 8B 89 F8 F0 85  86 88 92 7F 95 96 95 96  ................
00025A80  99 98 96 03 00 F7 99 9D  9F 0C 01 9D 9D 9D 95 37  ...............7
00025A90  95 8E 92 F0 F0 8E 8A F7  F0 F7 F2 EF 89 8D 8D 8C  ................
00025AA0  28 00 8E 8E 8C FF 8A 8C  8E 92 8E 8E 8E 8A FE 2D  (..............-
00025AB0  01 88 88 88 86 88 8A 87  FF 82 82 7F 7A 7A 79 79  ............zzyy
00025AC0  79 FF 7A 80 88 95 9F A7  AA AC FF AC AC AA AC A8  y.z.............
00025AD0  AA AA A8 F6 59 01 A7 A7  5C 01 A5 9F 9B 93 7F 86  ....Y...\.......
00025AE0  7F 79 74 70 70 93 6E 00  DE EE F0 91 91 8F 8F F5  .ytpp.n.........
00025AF0  F1 92 8C FF 8C 96 98 9D  9B 9B 9D 99 FF 99 9D 9D  ................
00025B00  9F A1 A5 A3 9F FF A1 A1  9F 9D 96 95 8E 87 DF 88  ................
00025B10  96 98 93 93 F4 F0 8D 8D  7B 8B 8D 9D 01 93 92 8E  ........{.......
00025B20  8C F2 F0 F8 F0 F1 EF F2  F2 F0 92 8C 8A 8A 88 FF  ................
00025B30  88 8E 93 98 9D 9F 98 92  FE 43 01 7C 82 8A 92 96  .........C.|....
00025B40  99 9B FF 9B 98 99 98 98  98 96 95 FB 95 96 DB 01  ................
00025B50  98 99 99 99 93 FF 92 8A  82 7A 79 74 72 74 FD 79  .........zytrt.y
00025B60  E0 01 98 98 94 91 91 91  1F 97 94 94 97 91 AA 00  ................
00025B70  80 00 0D 02 FF A1 A5 A5  A7 A7 A3 A7 A5 3E 90 00  .............>..
00025B80  95 92 8E 86 87 D6 00 73  00 FB 8D 8B 1F 11 8F 91  .......s........
00025B90  91 92 95 08 B4 02 F0 F0  6E 00 95 34 10 F0 F0 28  ........n..4...(
00025BA0  01 30 00 FF 93 98 9B A1  AA AC AA A3 7F 98 92 8A  .0..............
00025BB0  88 86 8A 88 BC 00 FF 8E  86 86 87 86 84 86 87 DF  ................
00025BC0  87 8C 92 95 9B 0C 02 95  92 D7 8A 8A 8A 32 00 9B  .............2..
00025BD0  88 00 97 9C 77 9A 97 91  75 10 A0 9C 9C 2E 11 7F  ....w...u.......
00025BE0  9B 9F A1 A3 A3 A1 A3 0A  10 FF A8 AA A8 B0 A8 A7  ................
00025BF0  9F 9D FF 9B 95 92 84 88  99 9D 96 BF 96 94 94 8F  ................
00025C00  91 94 F4 00 94 47 97 93  95 99 00 B0 02 32 10 93  .....G.......2..
00025C10  DA 02 7A 34 10 8C A9 01  95 95 99 9B 07 10 FF A7  ..z4............
00025C20  B0 B4 B5 C5 D4 DA DA F7  DA DC DF D0 10 E2 E6 E6  ................
00025C30  E8 FF E7 E7 E9 ED ED EC  E9 EE FF F1 F6 FB BC F6  ................
00025C40  DA C2 AF DF 9B 99 95 92  9F 90 00 9C 9C FB 97 94  ................
00025C50  F7 01 9C A6 A9 9B 93 FF  92 95 99 A1 A5 AA A7 A8  ................
00025C60  EF AC B0 AE B2 0A 21 AC  AA A1 FD A1 93 10 82 8C  ......!.........
00025C70  9F A1 99 93 0D 91 24 10  8F 94 21 21 99 00 37 11  ......$...!!..7.
00025C80  28 11 FE A6 10 9B 9B 9B  9F 9B 9B 99 F7 99 88 8A  (...............
00025C90  16 00 96 98 98 9D FE 86  10 AC AE B0 B2 B5 BF BF  ................
00025CA0  FF BF C3 C3 C9 C9 CB CD  D0 BF D0 D3 D8 D9 E0 E3  ................
00025CB0  DA 10 E9 FF E9 EC ED ED  EB DF D1 B2 FF 9B 92 8A  ................
00025CC0  87 86 9F A3 A1 EF 9F 9E  9E 9E F8 01 94 9A A0 7B  ...............{
00025CD0  A6 9D 1A 10 99 A5 AA A8  49 20 FE 0A 20 B5 B5 B4  ........I .. ...
00025CE0  B2 B0 A8 A8 7D A3 65 10  82 92 9F 9F 9B F8 00 7D  ....}.e........}
00025CF0  91 9D 20 97 97 97 98 98  36 10 5A 71 00 96 71 00  .. .....6.Zq..q.
00025D00  95 98 88 01 A1 0F 00 9F  9B 96 87 88 8E 5E 10 0B  .............^..
00025D10  00 A5 EF A7 AC B4 B5 4C  20 C5 C7 C9 F7 CD CD CD  .......L .......
00025D20  54 20 D2 D3 D3 D5 FE DA  20 D8 DB DE D9 DB DB D9  T ...... .......
00025D30  FF DF D1 AE 93 87 80 7A  79 FF 72 A5 A3 A5 A5 A1  .......zy.r.....
00025D40  A4 A2 FF A0 97 97 9A 9A  9C 9C A0 FF A2 9F 98 95  ................
00025D50  98 A5 AA B0 FF BD BD BD  BF BF C1 C1 C1 DF BF BD  ................
00025D60  B4 B0 AE 48 10 8C 88 5F  95 A3 A3 9F 97 F5 00 8D  ...H..._........
00025D70  A3 10 A1 94 41 20 17 01  BF 10 FE 10 96 0A 01 A3  ....A ..........
00025D80  7D A5 6F 20 9D 9B 84 88  88 FE 00 DE 89 00 A8 B0  }.o ............
00025D90  B0 B4 4F 20 C7 CB EF CD  CD CE D0 52 33 CE CB CB  ..O .......R3...
00025DA0  FD C3 09 32 C1 C3 BD B4  A7 88 FF 79 70 61 5E 5C  ...2.......ypa^\
00025DB0  5A A8 AA DE 87 10 A6 A0  A4 9C 74 20 9A 97 FF 9C  Z.........t ....
00025DC0  A2 A6 9D 9B 98 9F AA FF  AE BF C3 C1 C1 C7 C5 C9  ................
00025DD0  F7 C5 C3 BF 8B 20 AC A3  99 8E 3F 8C 9B A7 A3 9D  ..... ....?.....
00025DE0  9A 9F 10 77 20 A3 94 92  D7 00 B7 01 BF 11 95 42  ...w ..........B
00025DF0  20 9F 3C 8A 00 62 00 A3  9F 9D 84 5C 11 43 10 FF   .<..b.....\.C..
00025E00  A5 A8 AE B4 BD BF C4 C5  EF C7 CB CB CE D6 20 D2  .............. .
00025E10  D2 D2 FF D0 D0 CD C9 C3  B5 B0 AE FD AC 91 20 96  .............. .
00025E20  8E 87 7C 74 5E 7F 5C 5C  5A 5A 5A A8 AC 8A 10 FF  ..|t^.\\ZZZ.....
00025E30  A9 A0 A9 A2 9C 97 98 9C  7A F8 20 A4 0C 01 A7 B2  ........z. .....
00025E40  C3 C7 CF 22 FF C9 C9 C7  BD C3 B5 AE A7 37 9D 96  ...".........7..
00025E50  92 44 20 A0 9A F4 10 20  31 3F 92 96 96 8E 8E 8B  .D .... 1?......
00025E60  A9 31 40 22 7C 34 30 4F  02 A7 A1 9F 82 87 3F 30  .1@"|40O......?0
00025E70  EF 98 9F A1 A7 C6 32 C3  C8 CA FD CB CE 30 D2 D0  ......2......0..
00025E80  D2 CE CE CE FE D2 20 C9  C5 C1 B5 AE A5 9F BB 98  ...... .........
00025E90  93 C6 00 72 61 5E 6B 30  59 FE 54 01 AC A5 A4 A0  ...ra^k0Y.T.....
00025EA0  A2 A2 9C DD 95 9A 20 97  A0 A2 5D 00 AA BD FF C1  ...... ...].....
00025EB0  CB CE CD D2 D2 D3 D0 FF  D2 CD CB C3 BD B3 AD 9F  ................
00025EC0  1F 93 98 A1 A8 A7 F6 30  F8 02 B1 10 8F 8C 8D 8B  .......0........
00025ED0  89 A9 30 40 20 89 00 A3  FF A5 A8 AA AE B0 B0 AC  ..0@ ...........
00025EE0  AA FF A5 A3 AF 82 88 8C  93 96 FD 9F B3 41 B5 C1  .............A..
00025EF0  C3 C7 C9 CA E7 CA CC CC  D1 20 4F 31 D5 D5 DB FF  ......... O1....
00025F00  DB DD DE E1 E1 E4 E7 E7  FF EE F6 F1 DA AD 85 7B  ...............{
00025F10  70 F6 6B 30 AC AE 57 00  A7 A0 A0 A6 EF A2 9E 97  p.k0..W.........
00025F20  95 78 20 9E A4 A8 FF AE  AC B0 B5 CB D3 D3 D2 FF  .x .............
00025F30  D7 D7 D9 D8 D7 D2 CE C9  FF C0 BE AD 9F 96 9F A8  ................
00025F40  AA D7 AB A4 A0 F5 20 97  7C 10 93 92 A7 8B 85 89  ...... .|.......
00025F50  3D 20 30 32 A3 34 41 B2  EF B4 B4 B5 B0 F1 40 B3  = 02.4A.......@.
00025F60  87 86 FE CD 00 9B A1 A7  AE B4 B5 C3 5F C5 C5 C7  ............_...
00025F70  C8 C8 CD 41 CF 53 50 FF  D1 D4 D6 DA D8 D9 D8 D3  ...A.SP.........
00025F80  FF D5 CE D2 CD C7 C5 B4  A1 FE 67 30 5C 59 58 5A  ..........g0\YXZ
00025F90  AE AE AE FF A5 A8 A8 9D  9A A6 A4 9E F7 97 92 93  ................
00025FA0  F8 00 A0 AB B2 BD EF BD  C5 D0 D8 5B 50 DB DB DB  ...........[P...
00025FB0  FF D8 D5 D3 D1 CF C4 AE  A3 FF 9F AA B5 B2 AB A9  ................
00025FC0  A0 A0 FB 94 9A 25 20 8E  8F 8B 89 85 7E 28 40 93  .....% .....~(@.
00025FD0  98 99 9B A1 A1 31 53 FF  BF BF B5 B2 AE AE AA B3  .....1S.........
00025FE0  EF 86 82 88 8E C1 20 A3  A8 AE FE 09 30 C5 C7 C7  ...... .....0...
00025FF0  C5 C8 C8 C8 BB CC CC 4E  50 CA CA C9 D9 50 C3 FF  .......NP....P..
00026000  B4 AC A8 A1 9D 9D 93 80  FF 72 5C 58 55 2C 2C 57  .........r\XU,,W
00026010  59 7D B0 52 00 A9 A3 9D  97 9E 77 50 BE 1A 10 96  Y}.R......wP....
00026020  9A A0 AB B3 50 20 D7 FF  DB DE DE DE E0 E3 E3 DD  ....P ..........
00026030  7F DE D8 D6 CF C4 B4 AE  04 30 BB B6 AF 19 50 9A  .........0....P.
00026040  9A 9A F3 00 8B B7 85 85  89 28 40 95 99 B0 41 A7  .........(@...A.
00026050  FF AC AE B2 B4 BD C1 C1  BD FD B2 10 30 B3 80 80  ............0...
00026060  84 8C 93 89 98 C5 20 C9  10 C1 49 50 CB 50 4C 50  ...... ...IP.PLP
00026070  C8 FF C5 C5 C3 C3 BD B0  A7 9D CF 98 92 84 79 67  ..............yg
00026080  44 67 61 5A 5A E6 10 30  A8 A9 FD 20 79 10 9A 93  DgaZZ..0... y...
00026090  96 FF 95 99 99 A0 A6 B3  C4 CF DF D0 D7 E0 E1 E4  ................
000260A0  E0 40 E7 E4 FF E0 DA D6  CF C3 BD B5 BF BF C7 C1  .@..............
000260B0  B6 BE A9 A6 1C 61 97 7F  94 8D 85 83 85 8B 8F FF  .....a..........
000260C0  F0 7E 2E 56 B5 BF C3 C5  BF B5 0F 30 BF B3 7F 80  .~.V.......0....
000260D0  84 8A 8E 81 10 A5 A0 46  50 35 60 4A 60 4F 60 B6  .......FP5`J`O`.
000260E0  60 BD 0E 30 AC EF AC A1  99 96 6A 20 85 89 85 DF  `..0......j ....
000260F0  85 7E 7B 75 71 EA 41 B2  AE 9F AC AE AB A0 9C F9  .~{uq.A.........
00026100  00 9E 60 92 FF 93 99 9B  9F A3 AB C2 D1 DF D6 DB  ..`.............
00026110  E1 E4 E5 5E 21 E5 DF FF  DF D6 CF C7 C5 CD D0 C9  ...^!...........
00026120  7F CC C6 C0 AF A3 9D A0  F8 00 7F 8B 89 83 83 85  ................
00026130  8F 91 CE 00 A4 2E 50 C5  30 B0 34 60 49 50 C1 DC  ......P.0.4`IP..
00026140  30 AA FF B6 7A 7F 82 87  92 98 99 77 9F A3 AA 32  0...z......w...2
00026150  61 BD BD B5 CC 60 2F C1  BD B5 BD 8C 21 B0 0E 20  a....`/.....!.. 
00026160  91 20 FE 11 00 A4 A6 9E  8F 89 79 73 FF 5E 59 58  . ........ys.^YX
00026170  B4 B2 AA B0 A8 A9 A2 74  10 79 30 94 BF 10 9D 44  .......t.y0....D
00026180  50 BF FF C9 D4 DB E3 E5  E9 EC EC BF EA EA E8 DF  P...............
00026190  DC DA 8B 40 D3 FF D2 D1  CF CA BF B2 A1 A1 FD 9D  ...@............
000261A0  F4 10 8B 85 81 85 8B 91  C1 94 B1 20 8A 00 06 20  ........... ... 
000261B0  C8 30 CE 20 C9 C5 FF BF  B2 B4 B2 BE 78 7F 82 BB  .0. ........x...
000261C0  86 8E 2A 60 A3 A8 AA 8A  21 B5 BE 54 70 B5 B4 BF  ..*`....!..Tp...
000261D0  B4 B4 4A 71 BF F5 BF 07  30 BF 4E 70 C9 CF CF C2  ..Jq....0.Np....
000261E0  FF A6 85 71 5B 57 55 59  B2 CB AE AA 11 30 9E 1B  ...q[WUY.....0..
000261F0  30 A1 20 91 92 FF 93 9D  9F A8 B0 B4 C3 D2 FF DB  0. .............
00026200  E3 E7 EC ED EF EE EB FF  E8 E6 E2 DE DB D8 DB DD  ................
00026210  BF D7 D4 D1 CD C1 AE 11  20 9A DF 91 8D 85 85 83  ........ .......
00026220  A5 70 96 98 CC C2 20 B2  40 AC B2 49 40 4D 30 CB  .p.... .@..I@M0.
00026230  C5 0D C1 38 70 C0 78 3E  70 28 61 AC 71 6E 50 99  ...8p.x>p(a.qnP.
00026240  B2 35 50 35 51 B5 BD 61  30 86 30 BF FD C1 CD 21  .5P5Q..a0.0....!
00026250  CC BE A5 87 70 58 7F 2B  2B 2C 57 58 BD AE 52 00  ....pX.++,WX..R.
00026260  9F A7 A0 9A 91 8B 20 20  25 10 98 FF A1 AA B5 BD  ......  %.......
00026270  C3 CE D9 E1 FF E8 EB EE  F1 F1 EE EB EB FF E7 E4  ................
00026280  E1 E0 E1 E1 DB DA FF D5  CE C5 AE A8 A3 A0 94 EF  ................
00026290  94 89 83 84 25 70 94 98  98 E2 C3 61 A7 47 70 B5  ....%p.....a.Gp.
000262A0  60 CE 30 CD C7 C3 6F C3  B5 B4 BE 3E 81 86 8C 42  `.0...o....>...B
000262B0  71 B8 81 40 50 00 6E 50  AF B1 B3 D3 80 B6 BF BE  q..@P.nP........
000262C0  BE C2 C2 C6 C2 59 61 95  FE 67 30 59 57 55 57 57  .....Ya..g0YWUWW
000262D0  58 59 F9 59 B7 40 56 00  A9 A0 91 89 89 DE F4 01  XY.Y.@V.........
000262E0  93 9D A1 AE C9 40 D2 D8  FB E0 E5 88 81 F1 F1 ED  .....@..........
000262F0  ED EA FF E7 E4 E3 E3 DE  D9 D5 D2 FF C3 B5 AA A2  ................
00026300  9E 91 85 85 07 82 86 8D  F8 00 09 01 C4 31 4B 20  .............1K 
00026310  4C 30 BA 56 40 C9 51 70  B0 B6 78 3E 80 80 70 3F  L0.V@.Qp..x>..p?
00026320  50 80 11 C4 30 17 50 AD  A9 AB 52 90 FF AF AD AF  P...0.P...R.....
00026330  AF A9 A7 9F 99 FF 8E 8A  86 7C 79 72 72 72 5F 70  .........|yrrr_p
00026340  5F 5D 5B 5B 66 60 A8 38  40 FF A5 AC A9 A6 9C 8D  _][[f`.8@.......
00026350  85 88 FE A2 11 99 A1 B2  C3 C9 D2 D7 7F DB E0 E4  ................
00026360  E7 EC F1 F0 8B 90 BD EF  0F 90 E7 E5 E0 DB 61 50  ..............aP
00026370  BF FF AC A4 9C 8B 83 83  88 8C 62 F9 00 97 C3 10  ..........b.....
00026380  33 41 31 71 C5 C9 55 20  FF CE CB C7 C5 BD B0 AB  3A1q..U ........
00026390  78 FC BE 97 32 41 A9 A6  A9 A9 A9 A3 F8 AE 50 9B  x...2A........P.
000263A0  70 19 10 8E 88 86 82 82  7B 82 83 24 60 85 7D 71  p.......{..$`.}q
000263B0  5F E9 30 DD 59 6F 60 A5  A1 A8 99 50 91 85 FF 82  _.0.Yo`....P....
000263C0  8A 91 97 97 9D A1 B0 DF  C7 CD D5 DD DD DF 40 EA  ..............@.
000263D0  ED EF F0 F0 F2 F2 8E 91  E9 E7 E3 FF DB D2 CB C5  ................
000263E0  B2 A9 97 91 4F 89 83 86  92 FA 40 26 83 A1 AC 95  ....O.....@&....
000263F0  08 D0 30 D8 30 38 70 B3  BE 97 AB 50 0C 02 0E 01  ..0.08p....P....
00026400  A6 10 00 9F 9B B7 10 EF  F0 95 09 00 9D D6 1D 80  ................
00026410  85 78 69 32 AE 90 20 A1  A9 FF A9 AF A4 97 89 82  .xi2.. .........
00026420  82 8E B6 79 20 A1 B0 84  50 DD E3 07 A0 EC FC 0A  ...y ...P.......
00026430  A2 0D A0 ED EC EA E5 DD  D2 7F C7 BF B1 9E 97 8D  ................
00026440  89 C0 50 81 96 7B 40 06  00 C4 11 AD 90 B1 81 D6  ..P..{@.........
00026450  20 D0 3F CD CB C1 B4 AA  B1 BE 96 40 20 84 D0 00   .?........@ ...
00026460  34 20 99 D0 00 11 00 39  20 D7 00 98 7A 09 01 A5  4 .....9 ...z...
00026470  57 00 9E 8B 7D 71 68 41  FE 90 20 A2 A0 A6 A9 AF  W...}qhA.. .....
00026480  AF A0 FF 8E 86 82 84 92  9C A0 A6 DA 80 A2 E1 07  ................
00026490  80 ED EF 8B 90 F2 F4 FE  0E A1 E9 E3 D8 CE C1 AD  ................
000264A0  A2 7F 9C 94 8B 8C 8A 93  9D 9C 40 F1 97 C1 10 FD  ..........@.....
000264B0  60 AC A2 C1 C7 CD D0 3B  D3 D5 61 50 C1 B2 A8 BD  `......;..aP....
000264C0  96 3F 20 02 D4 01 98 41  20 E0 01 52 B1 38 20 05  .? ....A ..R.8 .
000264D0  00 AE 41 7F A4 A0 9C 91  85 75 70 EA 41 FF A3 A4  ..A......up.A...
000264E0  A2 A4 9E A2 A9 AB FF B1  A9 96 88 82 82 8A 9B FF  ................
000264F0  A0 A6 AF C7 CE D9 DD E0  B7 E5 EA ED 0A A2 F4 F5  ................
00026500  0E A1 E5 3F DE D2 C7 B3  A9 9C 7A 70 41 30 E6 21  ...?......zpA0.!
00026510  B1 94 93 AA 51 C5 70 AE  B4 BF 76 B2 90 D2 D5 36  ....Q.p...v....6
00026520  B2 B4 A8 A9 BE 94 99 8C  AD 01 D8 00 93 93 A3 91  ................
00026530  22 B1 97 DC F9 20 F8 00  8F 8F 8B A0 00 89 7E F9  ".... ........~.
00026540  79 EA 41 67 60 9D 9D A2  A2 9A FF 9E A9 AB B3 AE  y.Ag`...........
00026550  A3 8C 82 FF 80 82 92 98  A4 B3 C4 CD 5E 03 B0 E3  ............^...
00026560  E9 EA EC 8B B1 F4 0F B1  FF EA E4 D9 CE C0 AD A4  ................
00026570  9E CD 96 41 10 9D 9F DA  B1 AA 21 98 9C BC C7 80  ...A......!.....
00026580  AE B1 CB D0 D3 D7 36 B0  C9 2F C5 B2 A8 A6 BE 93  ......6../......
00026590  87 3D 21 FE 10 7A 30 11  92 F5 00 8F 91 8F 89 23  .=!..z0........#
000265A0  60 FF 83 7E 7E 7E 7D 7B  78 71 EF 71 71 5E 5A E8  `..~~~}{xq.qq^Z.
000265B0  50 55 57 59 D9 59 0C 00  75 30 A4 A6 39 60 A1 8A  PUWY.Y..u0..9`..
000265C0  FF 84 82 87 95 9F AF C4  CF CF DA E0 E4 E4 61 21  ..............a!
000265D0  8C A1 F4 F0 7F F0 ED E7  DE D6 CC B6 F2 50 CB 99  .............P..
000265E0  99 0C 00 A1 F3 11 9C B1  9A 9E F6 AB A3 C7 CD 08  ................
000265F0  50 D7 D5 D0 CB 48 99 90  BD B3 3D 30 8E A9 31 39  P....H....=0..19
00026600  13 8A CF C0 FF 88 89 85  83 81 7D 7D 7B 9E DC C2  ..........}}{...
00026610  7E 81 7E 7A E7 30 68 62  9D AF 9B 9F A0 9E FD A0  ~.~z.0hb........
00026620  AD BA 50 99 FE 3D 00 92  98 A3 BD CC D6 DF DB E5  ..P..=..........
00026630  EA 88 A0 EF EF 0A B1 F0  ED 7F EA E3 DA D4 C8 B5  ................
00026640  AA 0F 10 F0 B7 21 74 20  A4 C1 21 A0 9E A2 A6 AA  .....!t ..!.....
00026650  BF B2 BD C3 C7 CE D3 0A  50 D5 4D D0 B7 80 B2 AD  ........P.M.....
00026660  BE 91 3F 70 8A 2F 00 6F  8E 8C 8E 8A D3 C0 88 87  ..?p./.o........
00026670  57 10 A3 82 82 5C C0 DF  C2 A4 60 8D 21 20 8D 7F  W....\....`.! ..
00026680  85 78 75 70 61 5C 5A 37  20 EF 9F 9A 9C 9A FA 10  .xupa\Z7 .......
00026690  AC AC A3 FF 95 8C 87 8C  95 9D A8 C1 8B D7 DE 06  ................
000266A0  C0 ED 08 B0 88 D0 92 A0  E7 FF DF D4 CE C5 B5 AE  ................
000266B0  A8 A5 4E 37 30 A1 9D 9A  7A 81 33 00 94 29 D0 AF  ..N70...z.3..)..
000266C0  A9 AD B3 C0 B1 C0 D5 86  50 D7 EE 61 50 C3 B4 AF  ........P..aP...
000266D0  3F D1 7F 80 82 A1 86 68  10 BD 00 50 D0 54 D0 83  ?......h...P.T..
000266E0  D2 D0 7D 7E D6 D0 7B 7B  7D 7E 81 85 24 60 DF 8F  ..}~..{{}~..$`..
000266F0  97 9C 9C 92 69 01 5E 5C  F5 A5 E1 00 96 F7 20 A0  ....i.^\...... .
00026700  A9 A9 AB FD A5 E2 30 8C  92 9D A5 B5 CE C7 DD E0  ......0.........
00026710  E4 88 A0 09 E2 90 D0 E3  DD 27 D5 CB C5 39 71 0F  .........'...9q.
00026720  11 9D 1B 30 BC 10 77 8C  8B 94 79 21 AB B3 C0 B2  ...0..w...y!....
00026730  B0 99 D7 8A 51 17 A0 BF  BD BD A0 C1 D1 84 9E 55  ....Q..........U
00026740  10 8A 88 84 87 21 80 D2  D1 81 FC E2 C0 DB C1 78  .....!.........x
00026750  7B 7D 7D 7E 7D 7D 7E 5D  D0 84 82 7A 72 61 6A 30  {}}~}}~]...zraj0
00026760  BF 5C A5 9D 99 9B 95 F6  60 97 D7 A0 A9 AF 18 D0  .\......`.......
00026770  99 7B 60 A3 B0 E3 C1 D3  85 71 87 D1 88 D0 EA E5  .{`......q......
00026780  E1 BF DB D3 CD C5 C3 B2  98 D0 A1 2B 9D 99 A0 D0  ...........+....
00026790  8F 2C 00 8D 24 81 C4 50  FF B0 BD C5 CD D3 D8 DD  .,..$..P........
000267A0  E0 61 DE 37 E0 92 60 BD  A1 BE 60 84 86 24 60 9C  .a.7..`...`..$`.
000267B0  FA F0 4F E2 83 81 81 5B  C1 DC C4 7E F9 81 D2 E0  ..O....[...~....
000267C0  D4 D0 78 71 60 5F 5D B7  5A 5A AC 85 00 95 93 A1  ..xq`_].ZZ......
000267D0  20 9E BF A4 AB A9 A8 AC  A8 52 A0 A5 5F AE C3 CE   ........R.._...
000267E0  D5 DD 07 70 EA 87 D1 FF  EC E7 E5 E1 DD D7 D0 C9  ...p............
000267F0  3E 97 E0 A7 A3 9F 99 95  A0 E0 BC 10 ED 8D A2 00  >...............
00026800  94 99 7E 70 AC B4 C3 BE  B1 E0 DB E1 DD D8 D3 39  ..~p...........9
00026810  E0 B2 62 BD D1 78 DF 90  55 10 51 D0 88 87 D1 E0  ..b..x..U.Q.....
00026820  61 81 61 E0 5C C1 D7 D1  5C C0 81 7E D1 E0 B1 7E  a.a.\...\..~...~
00026830  E6 E0 EA E0 67 60 AC A1  25 30 92 EC 9F 10 7A 20  ....g`..%0....z 
00026840  A9 A6 51 00 A3 A5 AA 1F  B2 BF CB D2 D9 DF 40 88  ..Q...........@.
00026850  70 89 70 FF E9 E5 E4 DE  D8 D0 C9 C1 73 B2 AA 64  p.p.........s..d
00026860  00 F3 01 8D 8C 8E 25 F2  FB 97 9A 43 31 B2 BF C9  ......%....C1...
00026870  D3 D7 3E 89 50 D8 D7 CD  C5 C1 BC D2 BE 90 80 46  ..>.P..........F
00026880  E1 50 11 52 D2 CF E0 CD  E2 51 E0 5F F0 7E D7 7E  .P.R.....Q._.~.~
00026890  7C 7A 45 00 72 E7 C2 58  59 FA 92 30 95 A5 D1 91  |zE.r..XY..0....
000268A0  94 9C 9E A9 9F A6 AB AC  B2 B0 C6 40 31 D0 D9 FB  ...........@1...
000268B0  E3 E3 08 F0 EC EC ED EC  EC BE 11 E0 D7 D0 C7 BF  ................
000268C0  B0 98 30 99 CE F4 10 8D  8C 8C 77 00 9E 10 9A 9C  ..0.......w.....
000268D0  ED A0 AF 50 AC B4 85 40  D3 D5 D8 91 D9 14 E0 3B  ...P...@.......;
000268E0  F4 BE 90 88 3E 10 D2 C1  87 61 84 4E 01 4B E0 54  ....>....a.N.K.T
000268F0  02 4F E2 7F 7F E1 F0 FA  E6 B0 59 E6 80 55 58 AE  .O........Y..UX.
00026900  A5 9D FA 25 40 8D A1 11  9A A2 A6 AB AD FF B3 B5  ...%@...........
00026910  BD B2 BD C7 D0 D3 43 DB  E1 85 A0 07 C0 0E 91 12  ......C.........
00026920  F0 CE 10 40 3B A5 9F 1B  41 8F 8D 8B 24 01 A3 10  ...@;...A...$...
00026930  59 9E F4 40 B4 41 B4 BF  32 00 D7 93 E0 8C 58 60  Y..@.A..2.....X`
00026940  3D 05 78 78 A9 31 48 D0  50 D0 87 ED 88 CA F0 8B  =.xx.1H.P.......
00026950  8D 1E 10 89 87 86 CD 86  53 D0 80 7F 64 00 E7 50  ........S...d..P
00026960  29 2B F7 58 5E AC F3 50  8F 88 85 8D FE 1C 20 97  )+.X^..P...... .
00026970  9E A6 AD AD B1 C2 1F C2  C3 C5 C9 D5 83 A1 08 70  ...............p
00026980  88 A0 FE 93 A0 E1 DD D5  CD C1 B4 AC 70 1B 60 1B  ............p.`.
00026990  30 9F 06 28 01 A9 AB AF  C9 60 7E B1 C2 D5 D2 CB  0..(.....`~.....
000269A0  BF B0 AE 3D D2 98 BE 93  A8 20 29 21 88 88 D0 C0  ...=..... )!....
000269B0  D1 C0 8E 89 92 D0 C0 D2  00 88 DF 01 E6 30 E8 50  .............0.P
000269C0  58 DF 70 72 74 A8 A1 1A  30 89 85 F7 89 91 8B 76  X.prt...0......v
000269D0  00 A2 A9 B3 B3 1D C2 D1  50 D4 DA D9 86 90 5E 20  ........P.....^ 
000269E0  0B 00 BC 10 90 92 E0 CB  BF B3 AB F7 40 94 C3 8F  ............@...
000269F0  8D D7 00 25 01 25 11 7B  30 A9 B1 CF B3 C2 C5 CB  ...%.%.{0.......
00026A00  D3 30 D8 30 BF B4 43 AE  AE BD B5 BE 92 CA B1 A7  .0.0..C.........
00026A10  30 8C C8 02 5E C8 02 8A  8A 8E 8C A4 50 7F E6 B1  0...^.......P...
00026A20  BF 61 79 7B 7D 79 72 1A  80 9C FA A1 61 8B 75 11  .ay{}yr.....a.u.
00026A30  9C A9 AF C0 C6 FF CA D1  D4 DA DC DC E2 E6 DC 8A  ................
00026A40  00 0A 21 E7 E7 E3 B6 E0  CA B6 E7 B1 A9 A0 A0 D0  ..!.............
00026A50  D8 00 8B 89 8D F1 91 FB  90 CC 10 A8 D0 A4 A9 B3  ................
00026A60  B6 77 C0 C0 C3 58 80 C5  BD BD DD 30 24 BD 07 43  .w...X.....0$..C
00026A70  13 95 A6 30 24 D1 8E 4A  10 4D C3 F7 94 8F 8A D1  ...0$..J.M......
00026A80  00 96 9F 9A 8F FF 85 7D  78 72 70 AA 9F A1 F5 9B  .......}xrp.....
00026A90  1C A1 85 D9 00 8B 94 9E  A4 3F C0 C3 C9 D0 D7 DD  .........?......
00026AA0  08 00 8B 11 FE 8A 70 E9  E7 E4 E2 DC D6 D1 FF C8  ......p.........
00026AB0  B6 AD A9 A0 97 91 8D 5D  8A D9 00 89 8D 8F D0 B0  .......]........
00026AC0  98 4E C0 FD 92 76 E1 B3  BE BE B6 B3 B3 8F B2 AC  .N...v..........
00026AD0  AC B0 EE 60 BD 99 C6 12  93 D6 59 A0 95 93 AD 31  ...`......Y....1
00026AE0  96 F2 D0 9E 9E FF A2 AB  AE BD CD D7 DA D4 6F C0  ..............o.
00026AF0  A2 91 83 67 E0 5E A8 51  A0 D7 97 97 8F DF D1 8B  ...g.^.Q........
00026B00  F7 00 A6 B3 07 C2 CA D0  05 90 87 C1 8B D0 8E F0  ................
00026B10  8C 60 F7 DC D6 CF 95 20  A6 A0 96 92 33 8C 88 C8  .`..... ....3...
00026B20  E0 21 20 94 97 A4 30 CC  10 9F 93 99 A1 AA B4 DA  .! ...0.........
00026B30  80 38 80 C3 F8 DD 71 BC  C4 BE 1A 98 95 96 9B 99  .8....q.........
00026B40  FF 9B 9A 9E 9C 9C A0 A0  A0 FB A2 A9 C7 40 CC D4  .............@..
00026B50  D4 CC B2 7F 9F 8A 82 79  72 5C 5E 6E 10 F1 99 F9  .......yr\^n....
00026B60  70 9E 90 25 60 91 94 A0  AD 0F B3 C4 D1 D5 05 E0  p..%`...........
00026B70  0A A0 8D 91 90 D0 FE 11  11 CE C7 B5 AC A1 9D 95  ................
00026B80  2F 8E 8C 89 89 9F 20 8B  FB 90 DA A0 5D 96 5C B2  /..... .....].\.
00026B90  A1 AC B2 B0 B0 CB B4 30  8F C5 C1 B2 B0 3D 3F 46  .......0.....=?F
00026BA0  A0 28 81 9F 97 9F 9C 9E  FA 30 9A CA A0 4F A0 96  .(.......0...O..
00026BB0  F3 92 82 E4 11 EA 90 A5  A3 9F 9B EF 9A 9C 97 8F  ................
00026BC0  9E 90 83 87 8D FB 94 9E  7C 00 C8 D4 DC E3 E9 BC  ........|.......
00026BD0  8A C2 8A 31 E7 E5 E3 DE  14 F0 BD 87 AE A1 9B 9A  ...1............
00026BE0  32 E3 60 22 31 22 B1 9C  BC C4 60 31 50 B4 BD C5  2.`"1"....`1P...
00026BF0  CB B4 90 D3 0F C9 BF B0  AA 3D C4 40 B4 9C B1 5D  .........=.@...]
00026C00  B1 E8 C3 50 D2 90 51 A0  9B 5A A0 8E 84 80 6D 7F  ...P..Q..Z....m.
00026C10  60 60 5C 58 EB 80 59 59  EE 30 DB 99 98 74 E0 8F  ``\X..YY.0...t..
00026C20  85 5E D0 86 8F FF 94 A4  AD AD B3 C6 D1 DF E7 E5  .^..............
00026C30  EC EF 8D A2 10 A1 E4 E1  D9 56 94 10 AE A5 F0 F0  .........V......
00026C40  8A E2 60 83 A1 32 CC 23  A0 FD 90 A8 AC C8 60 01  ..`..2.#......`.
00026C50  10 CD CE 7F CE D0 CB C6  B4 AC A7 3D 48 C3 87 88  ...........=H...
00026C60  56 10 4D 40 9C C0 E0 A0  A7 AA E7 A7 A5 A5 D8 40  V.M@...........@
00026C70  1C D0 9F 9D 9C FF 9E 9A  91 83 78 75 60 60 5E EC  ..........xu``^.
00026C80  31 A1 9B 99 9A A2 B0 8B  5F F0 E7 86 87 95 F4 C0  1......._.......
00026C90  7E 31 DC E6 EB 3C 07 42  8E D1 E5 DE D9 D2 15 40  ~1...<.B.......@
00026CA0  1C F0 C5 8C 22 70 7E A4  60 F7 70 F9 80 95 9B CB  ...."p~.`.p.....
00026CB0  A1 AC AF A0 C9 B5 40 35  90 C8 C2 C9 B6 71 80 3D  ......@5.....q.=
00026CC0  46 86 C8 40 45 C0 8E 96  CD 96 4F A0 A5 A5 E2 A0  F..@E.....O.....
00026CD0  CC 81 B0 B0 FD AE 34 60  CB D0 D6 C8 A9 8F 67 7E  ......4`......g~
00026CE0  78 73 6B B0 EE 30 9D 99  28 E0 FC E5 40 5D D0 7F  xsk..0..(...@]..
00026CF0  8A 9B A9 B1 AD FF AB AB  BE CF DC E6 EE F3 FC 8D  ................
00026D00  A2 0F 00 E0 D9 D2 C3 B2  A8 5F 9D 96 93 8B 85 5F  ........._....._
00026D10  E0 81 21 41 FF 91 89 8F  8D 92 96 9F AA EF B0 B5  ..!A............
00026D20  C0 C6 D9 50 C8 C6 C6 3F  C0 B1 AE A8 A7 A5 3D C4  ...P...?......=.
00026D30  43 E0 0D 87 44 D0 92 8E  26 B0 2E 60 48 81 B2 60  C...D...&..`H..`
00026D40  71 B5 D4 70 D9 60 4C 80  A7 98 86 E4 11 E4 6B 41  q..p.`L.......kA
00026D50  1C E0 99 F5 F0 A2 C0 85  85 81 FF 7A 80 96 A7 B4  ...........z....
00026D60  B3 AB A9 FF A6 AF CA DA  E2 E8 EE F1 DF F3 F1 F1  ................
00026D70  EC EA 12 E0 CD C3 5D AE  EF F0 8D 8B 81 DA D0 80  ......].........
00026D80  21 20 DE 58 C0 89 8A 8E  95 00 F0 B4 B6 F5 B6 D7  ! .X............
00026D90  80 C0 B2 20 AE AC A8 A7  63 9F A4 3E D2 42 E1 62  ... ....c..>.B.b
00026DA0  20 8A 92 C8 A0 E8 C4 60  FD F0 B1 70 BF 59 80 BD   ......`...p.Y..
00026DB0  BD B2 7E 39 61 99 8C 7F  72 5C 58 6A 00 9B 55 57  ..~9a...r\Xj..UW
00026DC0  EF 30 99 9B FA 80 A2 B0  8D FF 8B 83 78 74 8C 9F  .0..........xt..
00026DD0  AE B5 FF BD AA A4 9C A0  B3 D1 DA EF DC E2 EB EA  ................
00026DE0  90 50 DB D5 CD FF C5 B5  A8 9F 96 8D 89 83 DE 5A  .P.............Z
00026DF0  E0 7C 7F 89 8D E5 60 83  8B ED 8C 7E D0 A3 AA D7  .|....`....~....
00026E00  50 C2 C2 C0 FF C0 C0 C1  C5 C7 B5 B0 A8 71 A1 3D  P............q.=
00026E10  61 3E 70 C4 51 8C 8E 95  4B 60 74 E0 A0 AC 40 B4  a>p.Q...K`t...@.
00026E20  B0 41 C9 C9 C7 38 80 FE  4F 70 C4 C0 BE B1 A0 91  .A...8..Op......
00026E30  83 33 7B 73 6B D0 1C E0  97 9C 1E 00 FA 80 FE 5E  .3{sk..........^
00026E40  20 81 73 7A 96 A8 B4 C1  FF B5 AA A3 96 98 A8 BD   .sz............
00026E50  CB BF D5 D7 D9 DB D9 D5  15 00 AE DF AC A7 99 94  ................
00026E60  8B E5 E0 78 79 F7 7F 84  84 67 D0 7B 81 82 88 73  ...xy....g.{...s
00026E70  8E 96 AA 40 2E 91 BF C7  C3 B4 71 1F BD B2 A8 A1  ...@......q.....
00026E80  A2 3E 90 40 90 43 E0 BF  88 8A 8E 8E 95 98 51 50  .>.@.C........QP
00026E90  AA B9 B0 B2 70 33 40 CE  CE CB B4 80 CE F7 D5 D9  ....p3@.........
00026EA0  DB 05 20 DF CF A9 91 83  7E 79 6B D1 70 41 9C 10  .. .....~yk.pA..
00026EB0  77 10 50 C0 8D BF 78 73  7F 99 AC BF BA 90 A5 FF  w.P...xs........
00026EC0  96 93 99 A3 AE BF C7 C7  B7 C3 C1 B5 18 F0 A7 A0  ................
00026ED0  F3 20 7D FF 7B 79 79 7A  86 84 79 75 FF 71 73 7B  . }.{yyz..yu.qs{
00026EE0  7F 84 88 92 96 BC 2A B2  81 80 BF B2 AC BF 39 91  ......*.......9.
00026EF0  AA E3 9F A0 3E 75 4F 10  46 B0 9F 9F A7 FE AD B0  ....>uO.F.......
00026F00  C1 C3 C9 CB CD D2 D3 E9  D3 36 A0 DC 70 CE D7 70  .........6..p..p
00026F10  CE C9 A8 70 E7 D0 6A A1  6F 30 71 70 8D 8D 89 74  ...p..j.o0qp...t
00026F20  00 E7 87 80 94 7C 72 00  90 C1 AE A3 9F 9D 93 8A  .....|r.........
00026F30  92 92 D3 41 55 41 A6 FD  9E 74 30 78 79 79 79 82  ...AUA...t0xyyy.
00026F40  82 7F 79 60 71 71 75 78  7A A7 74 FE 2D F0 BD B5  ..y`qquxz.t.-...
00026F50  A8 A1 A3 AE B5 A3 BF B5  19 E0 BD 70 3F 91 82 46  ...........p?..F
00026F60  71 93 F7 93 96 9B 50 61  BD C5 C9 CF FF D1 D6 D7  q.....Pa........
00026F70  D7 D8 D7 D2 D0 F7 C7 C1  BD DA 50 B5 AC 9F 92 DD  ..........P.....
00026F80  7C 65 40 5C 5A 5A 1D E0  9B 9C F9 94 56 C0 61 D0  |e@\ZZ......V.a.
00026F90  8C 7A 80 9E 91 FF 81 73  83 98 AC BD C1 BF 7F B1  .z.....s........
00026FA0  AC 9F 99 92 87 86 47 80  DF 95 98 A0 A4 9E 73 80  ......G.......s.
00026FB0  7D 79 FF 79 7C 82 80 79  71 5F 5F 7F 71 73 78 7B  }y.y|..yq__.qsx{
00026FC0  85 89 92 CF 40 4C AB A1  98 00 9D A5 D2 60 BA 40  ....@L.......`.@
00026FD0  A1 3D 83 6F 82 82 87 88  46 C0 96 98 CF 60 FF B0  .=.o....F....`..
00026FE0  B2 C1 C6 CA CF D7 D8 CE  B4 D0 D9 D7 D0 38 D0 96  .............8..
00026FF0  40 A1 99 4F 95 82 74 5E  EA B1 6D 80 9B 9D E1 FE  @..O..t^..m.....
00027000  9F 20 89 94 94 82 79 7A  88 FF 9D 89 78 7A 92 A8  . ....yz....xz..
00027010  AC BD 5F C2 BE B3 AB A1  D4 A0 9D AA 00 FF A9 A9  .._.............
00027020  A2 94 8B 80 7A 7C BF 80  7F 7F 79 71 5D A1 82 7E  ....z|....yq]..~
00027030  F1 83 55 20 2A F0 DA 40  9F 98 96 9B 3B A8 AE 3A  ..U *..@....;..:
00027040  20 A7 9F 9F 3D 70 40 D1  FA C4 80 8C A9 80 98 A1   ...=p@.........
00027050  A8 B0 B0 EF B5 C4 CC CF  B2 D0 D9 DD DD F7 DD DB  ................
00027060  D5 B8 01 AA 9F 95 8A FB  86 79 66 10 55 2C 2C 55  .........yf.U,,U
00027070  9F EC D3 A0 64 A0 8D 85  F6 10 94 98 82 FF 79 74  ....d.........yt
00027080  8C A3 9B 7A 7A 87 BF 9D  A5 B0 C1 C0 C0 B3 20 B1  ...zz......... .
00027090  FB B1 B3 8C 90 A9 9C 92  82 84 FB 82 86 E8 D1 5F  ..............._
000270A0  5D 5D 60 73 CF 78 7D 81  89 C7 81 E0 32 8E 92 87  ]]`s.x}.....2...
000270B0  99 A3 AA EE 90 2F 90 BC  71 C6 30 80 FD 84 45 92  ...../..q.0...E.
000270C0  96 99 A5 A7 B2 B5 AF BE  C6 CA D3 34 C0 DB 58 90  ...........4..X.
000270D0  DD FB DB D7 E3 70 BF 9D  92 86 79 FF 61 58 2C 28  .....p....y.aX,(
000270E0  28 29 29 2C B5 9F D1 A1  98 1C B0 88 8D F8 80 95  ()),............
000270F0  FF 7F 79 79 8C 9F 9F 82  79 FB 86 93 35 80 C6 C4  ..yy....y...5...
00027100  C8 C6 C4 BF C4 B3 C0 AF  A9 9B 49 D0 8C FF 82 7C  ..........I....|
00027110  74 72 61 60 60 71 5B 73  75 E0 C0 83 89 C8 70 9A  tra``q[su.....p.
00027120  1D E0 0F 92 8A 92 9D D6  40 BA 50 7B E0 BC 96 FB  ........@.P{....
00027130  86 88 8F 81 99 A1 A7 AE  B3 EF C2 C4 CB D2 56 91  ..............V.
00027140  E0 E1 E1 9F E0 E0 DE DD  D8 DF 90 EE 00 93 B7 87  ................
00027150  7A 74 6A D0 5C 9D D1 30  9B EE 17 70 8B 8E 88 F6  ztj.\..0...p....
00027160  70 9C 96 87 FF 7C 87 96  A5 A5 9D 7A 7F FF 8C 99  p....|.....z....
00027170  A7 B0 C1 C3 C5 C6 F7 C0  B2 A5 F0 40 99 98 8C 82  ...........@....
00027180  F2 E8 D0 78 A4 80 5C E0  7B 7D 81 85 FB 87 8C F6  ...x..\.{}......
00027190  F0 9D 9D 99 96 98 CF A3  A8 AA A3 53 50 6E 61 99  ...........SPna.
000271A0  9E F8 C6 33 44 A4 FF E0  AC B6 BE C2 CB FF D3 D5  ...3D...........
000271B0  D7 DB DD DE DD DE DB DE  DE 59 90 D9 D7 5F 70 DD  .........Y..._p.
000271C0  C1 D7 9F 88 80 EA D1 99  26 B0 9B 9D FF 96 89 85  ........&.......
000271D0  88 8A 87 89 91 7F 97 A0  A3 95 8A 92 A5 FC E0 AF  ................
000271E0  86 82 87 92 4B A0 A7 19  D0 9B 3E 6E D0 99 92 86  ....K.....>n....
000271F0  82 7F 1F 50 D2 D0 D2 59  D0 7E 25 A0 F8 20 94 4E  ...P...Y.~%.. .N
00027200  60 A3 A3 FF AA B0 AA A1  9C 9F 9D A3 8E 6F 30 95  `............o0.
00027210  98 9C BE 54 45 A0 C9 B0  9B BF 9F A7 AC B1 B3 B6  ...TE...........
00027220  31 C0 D0 FF D3 D5 D9 D9  D8 D8 D5 D2 FB D0 CE 5D  1..............]
00027230  80 B0 A5 9B 8C 7C FE EA  D1 5A 5A 98 93 95 96 99  .....|...ZZ.....
00027240  F7 9D 98 8E 26 60 88 88  8D 94 7F A0 A9 A7 92 88  ....&`..........
00027250  9D A8 18 01 E5 92 70 B0  9B 1B D0 6F 90 9F A4 A0  ......p....o....
00027260  B5 97 C8 E0 8F A4 50 85  83 DB C0 7E 9D 7E E0 D0  ......P....~.~..
00027270  8D 94 97 CB 90 D6 50 B0  FB A9 97 AA 82 9F 98 98  ......P.........
00027280  98 9A FA C6 34 84 C7 61  96 9B 9D A5 A8 DC AD D0  ....4..a........
00027290  B6 60 CB CE D0 B4 11 CB  C3 FB C3 BD 39 90 99 93  .`..........9...
000272A0  88 7F 74 F2 69 82 5A 50  30 CA B0 9B 93 82 83 FD  ..t.i.ZP0.......
000272B0  84 CB F0 8B 97 A4 AF A5  92 5F 8A 98 A8 AC AA 2D  ........._.....-
000272C0  B0 A1 07 C1 17 A3 AA A8  30 B0 A0 9E 10 A4 00 9A  ........0.......
000272D0  60 AF 7B 7B 7A 7C 5B E0  7E 21 50 96 FC D4 40 AF  `.{{z|[.~!P...@.
000272E0  00 AB 9A 91 8A 9B A5 87  A1 A1 9B CE 40 3D B4 C2  ............@=..
000272F0  F0 4A 50 93 FE 4D 60 A3  AA AD AD B5 BD BD DB BF  .JP..M`.........
00027300  C7 35 70 C7 C5 B2 70 B0  AE BF A3 9B 96 92 88 7F  .5p...p.........
00027310  68 83 78 FB 93 92 87 70  9B 9B 95 82 7A FE C4 70  h.x....p....z..p
00027320  86 80 8D 9C A9 B1 9F BF  84 82 96 A7 B0 B2 AE 60  ...............`
00027330  B4 F9 B2 86 C0 D9 50 B0  A5 99 92 92 FB 8F 91 99  ......P.........
00027340  62 79 79 74 72 73 3F 78  78 7D 85 8D 92 8C B0 35  byytrs?xx}.....5
00027350  90 DF AB 9A 8D 84 87 2C  B0 A5 9D 97 98 99 9B 3D  .......,.......=
00027360  C6 84 47 70 A9 91 99 9F  A7 A5 A9 B1 B2 2F 10 03  ..Gp........./..
00027370  80 C1 EF BF C1 BD AC 99  F0 99 92 8E EB 84 7A E6  ..............z.
00027380  F0 5C C6 30 8C 92 95 FA  2B 30 9B E5 50 79 7C 84  .\.0....+0..Py|.
00027390  86 7F FF 7C 89 9C A9 AA  8E 7C 7F EF 8C 9F AA B2  ...|.....|......
000273A0  8E C2 B5 BD B5 BC 97 00  E2 C0 8C 8C 88 80 E4 F0  ................
000273B0  70 EF 70 5E 5E 5E 23 80  7E 85 88 FD 92 2A F0 AA  p.p^^^#.~....*..
000273C0  AA A9 9E 8D 7F BF 7F 93  9F 9F A9 A4 5C 40 95 E2  ............\@..
000273D0  3D C6 78 46 70 C8 70 D2  30 A1 A8 AB C9 AB 87 C0  =.xFp.p.0.......
000273E0  D8 50 B5 17 E0 9A E0 99  95 F8 16 B0 E6 C1 C0 F2  .P..............
000273F0  8C 8E 86 8A 95 DF 99 95  87 79 74 9B 80 84 7A BF  .........yt...z.
00027400  79 83 97 AD A5 87 82 90  96 EB 9F A7 B7 90 A8 1A  y...............
00027410  E0 9D 98 92 DE CC D0 82  7F 7A 74 EA 71 5C 5E 7D  .........zt.q\^}
00027420  5E 1F A0 7D 81 80 86 8C  2A 90 FF A3 A4 9E 8D 7D  ^..}....*......}
00027430  79 87 9D FF 9B A0 A0 9E  98 93 92 8C B5 97 BE 49  y..............I
00027440  88 0A 80 95 99 4C 71 A7  C7 A8 A5 AA 59 50 34 A0  .....Lq.....YP4.
00027450  1B F0 96 93 FD 8A 97 D0  70 5E 78 78 03 03 FF 03  ........p^xx....
00027460  84 86 84 80 79 92 93 FF  92 86 7A 70 70 74 7A 84  ....y.....zpptz.
00027470  3E E6 30 7B 91 A4 9C 84  9C 70 86 D0 FC E2 B0 9A  >.0{.....p......
00027480  40 87 82 80 7A 72 79 FB  70 70 EA 51 59 5C 5C 5E  @...zry.pp.QY\\^
00027490  61 FF 60 73 75 78 79 7A  7F 87 FB 8C 96 71 30 8B  a.`suxyz.....q0.
000274A0  7D 79 7C 96 BF 99 9A 9A  89 96 92 0F E0 91 F8 BF  }y|.............
000274B0  3F 4F EF C6 34 03 04 05  06 08 FF 7F 7F 80 79 70  ?O..4.........yp
000274C0  79 8C 88 FD 82 E9 70 5E  72 79 7F 7A 61 BF 5E 71  y.....p^ry.za.^q
000274D0  85 9A 9A 84 16 E0 79 BF  87 98 99 92 8A 7C 9A D2  ......y......|..
000274E0  58 E7 58 58 57 68 41 1F  E0 70 73 71 DF 71 73 70  X.XXWhA..psq.qsp
000274F0  72 72 F8 C0 8E 91 FE E6  40 70 74 8C 96 94 97 89  rr......@pt.....
00027500  1D 80 0F E0 7F 7A 8D 57  EF CF EF C6 32 CF 04 08  .....z.W....2...
00027510  08 0A EA E0 9C 70 79 5E  E7 5A 79 82 66 C0 EB F0  .....py^.Zy.f...
00027520  61 70 79 FF 79 5C 57 5A  7B 8F 91 84 FE 6A 70 70  apy.y\WZ{....jpp
00027530  79 86 92 93 8A 7F F8 69  A0 E9 51 EB B0 5C 5C 61  y......i..Q..\\a
00027540  70 70 DF 73 73 60 60 5E  9F D0 74 79 FD 80 55 F0  pp.ss``^..ty..U.
00027550  73 5C 5E 74 88 92 3C E6  40 7A D0 80 79 79 85 D5  s\^t..<.@z..yy..
00027560  EF 4F FF FE E5 E0 06 09  0A 0C 0C 0C 0D 77 0D 0F  .O...........w..
00027570  70 15 E0 5C 57 5E 9C 90  FF 5E 59 57 57 58 59 5E  p..\W^...^YWWXY^
00027580  79 FF 79 58 2B 56 60 7B  83 7F 7D 74 67 00 5C 70  y.yX+V`{..}tg.\p
00027590  80 8C 8C 1A D0 FC 9C 90  96 F0 61 61 72 72 73 73  ..........aarrss
000275A0  B7 71 5F 5C EB F0 5A 5E  6B 10 75 FB 71 60 1C E0  .q_\..Z^k.u.q`..
000275B0  7A 88 8D 81 73 3B 61 74  98 D0 70 5C 83 52 FF CF  z...s;at..p\.R..
000275C0  FF FF 04 08 0C 0D 0F 0F  12 12 DF 12 14 14 14 5E  ...............^
000275D0  12 F0 59 29 FB 55 61 18  E0 58 55 2B 29 57 FF 58  ..Y).Ua..XU+)W.X
000275E0  5A 72 72 2C 28 2B 5B F7  71 75 74 66 60 55 57 59  Zrr,(+[.qutf`UWY
000275F0  5C F5 79 C2 80 82 61 00  79 78 75 75 DD 75 9F F0  \.y...a.yxuu.u..
00027600  5D 5A 58 7A F1 5C 61 F9  61 9F 90 79 F0 5C 7A 82  ]ZXz.\a.a..y.\z.
00027610  7B 71 EF 5C 5C 72 79 E7  80 5A D7 D7 CD DB 36 10  {q.\\ry..Z....6.
00027620  C7 AE D0 FF C6 36 05 09  FF 10 10 12 14 15 15 17  .....6..........
00027630  17 EF 1A 1A 1A 1C EA 31  58 29 28 DB 57 5C E7 00  .......1X)(.W\..
00027640  2B 29 E9 90 57 58 FF 70  5E 55 FF 28 56 5B 5F 7F  +)..WX.p^U.(V[_.
00027650  71 70 5E 58 2B 29 2B 0C  00 37 61 70 74 C6 30 75  qp^X+)+..7apt.0u
00027660  75 1E 01 F8 F0 FF 55 2B  2C 55 59 5A 5C 5A FF 56  u.....U+,UYZ\Z.V
00027670  58 57 2C 2B 55 5C 74 F8  E5 00 A5 F0 66 41 57 DE  XW,+U\t.....fAW.
00027680  D9 DB D8 9F D5 D3 C7 B5  A3 4E 0F E1 E4 09 BB 0F  .........N......
00027690  11 65 03 1C 1C 1F EA 00  5A 7E 94 E0 57 29 FF 28  .e......Z~..W).(
000276A0  57 59 AC 00 DF 28 FF FF  FF 28 AE 00 5C 2C FF FF  WY...(...(..\,..
000276B0  FE 29 56 5B 5B 5D 5C 7F  59 2C 29 FF FF 29 2C 7B  .)V[[]\.Y,)..),{
000276C0  F0 6A 17 F1 59 68 60 2B  1F 10 29 2B 95 E1 64 1D  .j..Yh`+..)+..d.
000276D0  11 EB 90 59 E9 50 95 E0  59 59 69 61 FF E3 DD D8  ...Y.P..YYia....
000276E0  D9 D7 D3 CD C7 A9 A5 CC  0F C6 32 09 6A F0 0D 68  ..........2.j..h
000276F0  F0 0C EC EA E1 EA E1 57  57 F8 01 FE FE 28 FF 2C  .......WW....(.,
00027700  2C 29 28 FF FE FE FD F7  FE FE FF 24 10 2C FF FD  ,)(........$.,..
00027710  FE F7 2B 57 56 98 E0 55  29 FE FE 8B FE 29 1F 11  ..+WV..U)....)..
00027720  2C 7A 00 FC 01 E9 90 2B  48 6A 60 99 10 79 10 28  ,z.....+Hj`..y.(
00027730  12 10 6E 10 55 AB 01 BF  2C 2B 2B E1 E3 E1 BD 00  ..n.U...,++.....
00027740  D5 E7 CE BD 9F 4B 1F C6  30 30 31 31 FF 32 34 35  .....K..0011.245
00027750  35 37 37 37 63 62 E6 10  64 EA 10 A7 11 73 10 FD  5777cb..d....s..
00027760  FD 9F 10 1C 7B 11 FD 11  FF FF 2B 0E 10 F5 10 94  ....{.....+.....
00027770  11 27 2C 2C 2B 7B 10 7F  10 FF 7B 13 16 20 30 A2  .',,+{....{.. 0.
00027780  10 2B 11 9B 11 7F 10 29  29 0E 20 A8 11 FE 37 21  .+.....)). ...7!
00027790  E5 E1 E5 E0 DD DD D5 F7  D3 CB A8 CA 1F 78 78 31  .............xx1
000277A0  31 FF 34 35 37 63 64 68  6A 6A 1F 6D 6F 6F 6F 3A  1.457cdhjj.mooo:
000277B0  69 21 AA 10 7A 10 0F FD  FC FC FC 7E 10 FD 11 75  i!..z......~...u
000277C0  20 77 20 D1 FF 71 22 83  20 9F 11 28 FC 13 FC FD   w ..q". ..(....
000277D0  02 7E 11 28 86 10 84 20  A0 10 18 20 FD 10 1F 22  .~.(... ... ..."
000277E0  EC 27 21 7A 10 FF 28 0E  30 E1 E0 D8 DF D7 D8 D2  .'!z..(.0.......
000277F0  C3 9B 49 2F 78 33 FF 35  64 67 67 6A 6E 38 3A 7F  ..I/x3.5dggjn8:.
00027800  3D 3F 3F 42 45 47 49 EA  20 FF D5 DB D8 D7 D9 D8  =??BEGI. .......
00027810  CE BD 9F 78 9A 9A A2 AD  C9 2F C6 34 A2 BF 9A 94  ...x...../.4....
00027820  94 78 BD CE 3F 10 D8 F3  DB D5 02 3F C6 37 EA E9  .x..?......?.7..
00027830  E5 E4 BF E0 D9 D7 D7 D5  D0 44 0F 78 FF 33 36 64  .........D.x.36d
00027840  68 6C 38 3B 3A FE E5 23  4B 4D 4D 50 50 50 D9 FF  hl8;:..#KMMPPP..
00027850  DD DE DB DD D9 D7 C1 78  FF 97 97 9C A4 AD B3 B6  .......x........
00027860  C4 DE 48 3E CC C6 AF A4  F2 61 78 C1 7F D7 D9 DD  ..H>.....ax.....
00027870  DB DE DD D9 48 3E 7D 76  C6 37 E7 ED E7 E6 DB DC  ....H>}v.7......
00027880  90 77 D3 D7 C9 C5 0E 34  35 63 DF 20 FF 39 3B 3C  .w.....45c. .9;<
00027890  3E 41 43 44 48 FF 48 4C  4E 4E 4F 4F 51 DD BE 5B  >ACDH.HLNNOOQ..[
000278A0  A0 DE E0 D9 C3 78 A7 40  A0 FF A9 B1 C0 C6 C8 C8  .....x.@........
000278B0  D4 D4 FE 3F 46 D6 DA D6  D4 C8 C0 AF DE 94 81 8B  ...?F...........
000278C0  78 C3 D9 F0 31 E0 DD FA  2D 3D 77 31 38 E7 ED EC  x...1...-=w18...
000278D0  E6 E3 7F DB D5 D5 D3 D8  DD C3 CB 2E FF 37 65 69  .............7ei
000278E0  6E 38 39 3B 3B FF 3C 40  41 46 46 48 48 4A FE E8  n89;;.<@AFFHHJ..
000278F0  31 DD E1 E1 E1 E4 E1 DD  FF C7 78 8D 8F 94 9C A2  1.........x.....
00027900  A9 FF B3 C0 C4 CF D1 D4  D1 C8 FF AD A9 78 AB C2  .............x..
00027910  CF D6 DA 5F DA D6 CF C8  B6 92 30 97 16 40 9B C7  ..._......0..@..
00027920  DB BD 10 E1 E1 20 4E 31  39 E0 FF EA ED EB E6 DF  ..... N19.......
00027930  D8 D5 D5 F7 D2 D8 DB 48  4C 35 35 63 65 73 6A 6D  .......HL55cesjm
00027940  5D 40 5F 40 3E 41 44 65  41 FE 68 40 DE E0 E3 E3  ]@_@>ADeA.h@....
00027950  E3 E4 E0 FB C1 78 A7 B1  9C A9 AF B3 BE FF CA CF  .....x..........
00027960  D4 D1 CA C2 B3 B3 F7 C0  C8 D6 8B 43 B3 AD A4 9E  ...........C....
00027970  76 95 41 C1 DE F1 40 E3  E0 DE 2D 3B FB D3 D7 A0  v.A...@...-;....
00027980  39 D3 E1 E9 EB EB FF E8  E3 D9 D8 D7 D3 D9 DE 7B  9..............{
00027990  D2 B2 CD 3A 37 64 65 6A  63 20 71 6E DE 41 E1 30  ...:7dejc qn.A.0
000279A0  E3 30 44 46 48 1A 50 9F  E7 EA E7 DB C5 F6 40 FB  .0DFH.P.......@.
000279B0  A0 A2 5E 7B 30 C8 CC D4  CF 83 52 D4 0A 50 5F D6  ..^{0.....R..P_.
000279C0  D4 CC C2 B3 92 32 89 18  40 DF E3 E5 E5 E3 E3 20  .....2..@...... 
000279D0  5B D5 D9 F9 DE BD 10 31  36 C7 D3 DE E8 EB FF E8  [......16.......
000279E0  E8 E6 DF DE D9 D7 D9 9F  E4 DE D0 B5 A1 D3 27 60  ..............'`
000279F0  20 69 DF 6A 6C 6A 6C 6D  DD 43 3C 3E FA E9 50 40   i.jljlm.C<>..P@
00027A00  6F 50 E7 EC ED E1 C3 BF  78 85 89 91 9C A0 FC 40  oP......x......@
00027A10  C2 AA 00 50 D6 03 63 DA  0C 40 CF 04 50 AF FF A2  ...P..c..@..P...
00027A20  9A 97 8F 8F 78 C3 DE 3F  E4 E7 E7 E7 E3 E3 31 38  ....x..?......18
00027A30  0C 70 E7 DD E1 E5 BD 20  31 35 C9 CD D2 B7 DD E2  .p..... 15......
00027A40  E8 42 60 E2 E2 5C A0 EA  DF ED EA DB D5 C1 47 32  .B`..\........G2
00027A50  2F 32 16 59 50 68 69 5C  61 6A DF 53 DF 40 69 60  /2.YPhi\aj.S.@i`
00027A60  FF E3 E4 E5 EA EC EF E4  C5 AE F6 50 94 9C A6 FB  ...........P....
00027A70  30 CC 88 50 DA FC 83 66  0D 60 C0 B1 AF A4 9A 94  0..P...f.`......
00027A80  B5 91 17 60 E0 31 60 E7  E5 20 68 DD BA D6 A0 DE  ...`.1`.. h.....
00027A90  59 A0 E1 E3 E4 34 64 D8  FF D2 C9 CE D8 DC DF E2  Y....4d.........
00027AA0  E6 FE C5 60 E2 E1 E4 E7  EA ED EC EF E5 E0 D3 C5  ...`............
00027AB0  DA 10 34 63 64 1F 67 68  68 69 68 DE 61 5F 62 E0  ..4cd.ghhih.a_b.
00027AC0  51 FF 6E 6E E0 E4 E7 EF  EF F2 DF E9 CD 78 85 8B  Q.nn.........x..
00027AD0  7C B0 B1 BE CB C8 CA 81  61 DC 04 72 8B 41 D1 C8  |.......a..r.A..
00027AE0  FF B6 B1 AD A4 9A 97 94  91 77 78 C3 E1 1C 60 E7  .........wx...`.
00027AF0  E4 E0 B5 36 FF E3 DE DD  DB DB DB D5 D0 ED D2 2F  ...6.........../
00027B00  50 D9 D9 20 32 E0 E0 D8  EF D0 CD D3 D3 03 70 DF  P.. 2.........p.
00027B10  DF E2 B7 E2 E2 E3 B3 60  E5 E5 1D 50 2E E3 30 36  .......`...P..06
00027B20  D8 62 5B 78 5F 61 69 69  DD FF E1 E9 F0 F5 F4 ED  .b[x_aii........
00027B30  D3 78 EF 8B 8D 97 A0 CF  B0 C8 CF D4 F8 83 60 04  .x............`.
00027B40  72 8A 61 D4 CF C2 B6 B3  B7 AB A6 9C 15 71 D0 E3  r.a..........q..
00027B50  9C 60 E4 F2 1F 46 E7 3D  70 C0 00 CE C5 C3 C3 7F  .`...F.=p.......
00027B60  C3 C7 CB CD CD D2 D2 31  30 52 71 40 DE D8 70 D7  .......10Rq@..p.
00027B70  70 D7 2C 61 DB 58 B1 22  D8 80 DB 55 70 59 63 DE  p.,a.X."...UpYc.
00027B80  61 67 E2 73 DF 72 FF DB  E3 ED F4 F9 F9 F2 E0 0F  ag.s.r..........
00027B90  78 91 94 97 7A 30 7D 73  85 72 88 71 E7 D4 CF CC  x...z0}s.r.q....
00027BA0  8A 90 12 51 97 91 78 FF  D2 E7 E9 E9 E7 E3 E0 DB  ...Q..x.........
00027BB0  DE 31 33 E5 DE E0 DB C3  20 D0 C7 FF BF BD BF C3  .13..... .......
00027BC0  C3 CD D3 D8 B6 59 B1 78  DB F1 40 E4 E0 5B 90 D2  .....Y.x..@..[..
00027BD0  D5 D0 47 80 CD D5 B0 D0  D9 B0 CE D0 1B 2E 31 59  ..G...........1Y
00027BE0  50 69 6C 6A 70 DF 77 E2  72 FF DD E3 ED F5 F7 F7  Piljp.w.r.......
00027BF0  F9 E9 FF C2 9C 97 A0 AB  B1 B6 C2 D4 7F 62 04 73  .............b.s
00027C00  DC 8B 71 C8 8A 90 AB A9  FF 9C 97 97 94 B6 DB E7  ..q.............
00027C10  EA F9 EC 29 70 20 83 E1  DE DD D7 D7 FE DA B0 C7  ...)p ..........
00027C20  BD B4 AE AE B0 BD FF BF  C5 CB CE D2 D5 D5 CD 67  ...............g
00027C30  D3 D9 DB B4 60 BE 70 DD  D9 C2 70 DF D0 CE CB CB  ....`.p...p.....
00027C40  C9 CF 82 2F 31 97 36 65  67 DC 40 6D 5C 82 63 89  .../1.6eg.@m\.c.
00027C50  E4 FF ED F9 F8 BB B9 ED  DA A0 8D A0 FA 71 CA CF  .............q..
00027C60  8A 41 84 74 8C 70 CA 7F  C4 BE B3 AF A9 A2 9E 14  .A.t.p..........
00027C70  70 FF CF E5 ED ED EF E7  E4 DE F5 D8 A2 82 D9 C3  p...............
00027C80  40 CE CB C7 C7 5F BD B0  AC AC AA D7 D0 B4 31 80  @...._........1.
00027C90  FF CB C5 BD B4 BD C5 D2  D8 1E EF 40 E7 E5 E7 E7  ...........@....
00027CA0  9C 60 1C 60 50 71 EF E3  E1 2E 32 DA 43 6E 6D 6D  .`.`Pq....2.Cnmm
00027CB0  F9 6C 5D 80 62 87 D9 E5  ED F7 B9 BF BA B9 F0 DA  .l].b...........
00027CC0  A9 A9 FB 60 C6 F8 7F 60  89 51 05 73 D4 D1 CC CC  ...`...`.Q.s....
00027CD0  C6 FE 90 60 A9 A0 9E 9C  9A 97 DA 7F ED F9 F5 EF  ...`............
00027CE0  E9 E5 E0 20 92 BE 40 00  D0 CB C7 C9 C1 8A C0 A5  ... ..@.........
00027CF0  DD A3 D6 D0 B2 BD BF D2  B1 CB C3 FD C1 37 91 D5  .............7..
00027D00  D8 DB E0 E5 E7 EF E9 EA  EA ED CC 90 EF ED ED 7F  ................
00027D10  EC E9 2F 32 63 67 6D 67  61 E6 5C 90 6C 6A 5E 78  ../2cgmga.\.lj^x
00027D20  6E 80 FA BB B7 FF B7 F5  E2 B3 B1 B3 B3 C6 E9 C8  n...............
00027D30  7D 91 02 62 DA 03 60 D1  CF C8 FF C6 C4 B6 B1 AB  }..b..`.........
00027D40  A6 A0 A0 FF A2 9C 9C E4  F5 F8 F7 F2 EB E7 E3 37  ...............7
00027D50  72 D0 5B B0 CB C7 C5 97  C1 B4 B0 DA D0 9F B6 B0  r.[.............
00027D60  B4 90 BD 7F C7 C7 CD D0  CE CD C9 B0 70 1F C7 D0  ............p...
00027D70  D3 D9 DD C6 90 1A 80 CB  90 19 EF 51 A0 D5 90 68  ...........Q...h
00027D80  6D E0 41 DC 91 E1 90 DC  5F 60 60 60 6A 6D 6D EE  m.A....._```jmm.
00027D90  70 FA BB 7F BA B8 F7 E8  C2 C8 C6 FB 91 F6 7E 92  p.............~.
00027DA0  D6 D6 7F 90 CF CF CA CA  7F C4 C2 C0 B3 B1 A9 A0  ................
00027DB0  13 A0 FF A0 D4 EA F8 BB  F8 F2 E9 F7 E3 D9 D0 AB  ................
00027DC0  51 D3 D3 CD C5 6F C3 C1  B4 AC DD D1 9B 9B 36 B0  Q....o........6.
00027DD0  FF A8 AC B5 BF C3 C9 CD  D3 FF D5 D3 D0 D0 CE CE  ................
00027DE0  D0 D7 4F D8 DD DD DD CA  61 CD A0 EC CC 90 FA D5  ..O.....a.......
00027DF0  90 6A 5E 40 3C 3C 3C 3B  39 F1 38 DD 80 DF 50 E0  .j^@<<<;9.8...P.
00027E00  50 38 38 38 DB FF E5 EC  FA BC B8 90 BB EB 8F CF  P888............
00027E10  78 78 C8 86 51 89 53 82  51 CC 97 CC C4 C4 8E A1  xx..Q.S.Q.......
00027E20  A6 94 A0 0A 40 F2 FF BA  BA F8 F2 EA E1 D5 CB FA  ....@...........
00027E30  3A 30 D2 45 80 C5 C1 B5  B1 A9 EF A2 A0 9A 96 6F  :0.E...........o
00027E40  B0 9B 9D A2 FD A8 B4 90  C1 C9 C9 D2 D3 D5 F7 D8  ................
00027E50  D8 DB 37 80 DD DD E0 E1  78 C1 80 46 90 9D 61 2F  ..7.....x..F..a/
00027E60  32 64 6C E6 53 E5 3C E0  A0 6C E7 62 67 62 DD E4  2dl.S.<..l.bgb..
00027E70  EC 3F F3 FB B8 90 90 F3  02 43 FF 90 BE 8A 71 D4  .?.......C....q.
00027E80  D1 CF CA C8 0B B0 C0 DF  B6 AD A9 A9 A4 31 32 DC  .............12.
00027E90  F9 7F B8 B7 F7 F3 E9 DD  D3 20 B0 FD CB A5 90 CB  ......... ......
00027EA0  C3 BD B1 AB A2 DF 9C 97  91 91 92 EE C0 98 A0 FF  ................
00027EB0  A2 A7 AA AC B4 B5 C1 C5  3F CB D3 D7 DB DE DE 47  ........?......G
00027EC0  70 6F 41 F8 4C B1 CE B0  53 91 64 6D 3B 3E 40 1F  poA.L...S.dm;>@.
00027ED0  41 41 40 3C 39 5D 90 64  63 5D A0 FF 39 DB E1 E5  AA@<9].dc]..9...
00027EE0  EE FA BC 90 E7 90 FB DF  04 46 01 B4 CC CA CA FC  .........F......
00027EF0  8F 71 31 35 E6 B9 B8 BB  F7 F3 EF E7 D8 CE C9 A1  .q15............
00027F00  B0 D2 CE C9 FB C5 BF 90  A0 9A 94 8D 8B 89 FF 89  ................
00027F10  87 8A 8E 96 9D A6 A9 DD  AB 32 92 C3 CB CD C6 40  .........2.....@
00027F20  DD DE F4 48 71 49 70 DF  4E C3 2E 32 65 6D FF 3C  ...HqIp.N..2em.<
00027F30  40 45 45 45 41 3C 39 F0  E2 B0 67 60 5E 41 60 40  @EEEA<9...g`^A`@
00027F40  DB DE E4 EB BF F3 FB B7  90 B9 E8 31 37 D4 DE 03  ...........17...
00027F50  C3 CC C8 C6 B3 31 37 EB  B8 7F B8 BB FA F1 E4 D8  .....17.........
00027F60  CB 20 B0 DB C5 CD AF 70  B6 A9 14 30 8D 89 FF 83  . .....p...0....
00027F70  83 83 85 87 88 8A 93 FF  9F A6 AB AF AD A8 AC AA  ................
00027F80  DF AE B5 C3 C7 CE 3E B0  D7 D7 E3 D8 D7 05 63 83  ......>.......c.
00027F90  61 55 C0 6E 3C 44 3F 49  4B 4B 45 3C 38 E1 53 68  aU.n<D?IKKE<8.Sh
00027FA0  C1 FC E9 50 46 A0 EB EE  F6 BC 90 BA B3 F1 C6 31  ...PF..........1
00027FB0  39 83 B0 D1 D1 31 39 CA  FF FA 90 B8 B9 F3 EE E3  9....19.........
00027FC0  D5 FF C9 C9 78 C5 C5 CB  C5 C3 FD BD 12 40 97 8F  ....x........@..
00027FD0  89 83 7E 7E FF 81 83 83  86 86 87 8E 9B FF A4 A9  ..~~............
00027FE0  AF B1 B1 B1 B0 AE CF B5  BD C3 CB 44 D0 CF 81 CB  ...........D....
00027FF0  CD EB CB C9 45 D1 CB D5  B0 6E 40 46 1E 6A 30 47  ....E....n@F.j0G
00028000  3C 38 6C E0 20 E0 41 E8  50 FF 40 41 D2 D7 DE E4  <8l. .A.P.@A....
00028010  EA F1 9F FA B7 BA F6 E2  AB 4F 31 38 DA FE F4 C0  .........O18....
00028020  F7 F1 E8 DE D3 C9 C5 FF  78 C5 C1 C1 BF B4 B3 A9  ........x.......
00028030  FF A0 97 91 87 83 7D 7B  7B FF 7D 7E 81 84 87 87  ......}{{.}~....
00028040  87 8C 77 95 9F A9 F8 90  C0 C6 C9 4B 80 E5 CE C3  ..w........K....
00028050  71 D3 BD A0 BD A1 CE CE  CB FF 2E 31 63 6E 40 48  q..........1cn@H
00028060  4D 52 9F 23 49 40 6D 68  62 D1 E0 30 40 DF 40 43  MR.#I@mhb..0@.@C
00028070  44 46 CD C7 C0 E5 E7 CF  F1 F9 B7 FA 77 C8 02 EF  DF..........w...
00028080  78 F6 FE F3 A0 F6 EB E4  DB D2 C7 C5 BF 78 BD B5  x............x..
00028090  C1 B4 AD A8 D0 94 F7 88  82 7D 97 00 78 7B 7E 81  .........}..x{~.
000280A0  FF 87 8A 8C 8C 8C 8E 98  A5 0D B1 FE 50 D1 D4 C6  ............P...
000280B0  70 C6 A1 EE 40 4C B0 FC  51 90 53 71 37 6A 3C 46  p...@L..Q.Sq7j<F
000280C0  4A 4D 7F 4D 49 41 6E 67  67 6C DE 30 FB 3E 40 E6  JM.MIAnggl.0.>@.
000280D0  40 4A 4C C9 D2 D5 FF D7  D8 D9 E3 F0 F7 BC F1 AC  @JL.............
000280E0  04 EF 31 37 E6 BC 99 B0  F1 42 50 D4 FF C7 C7 BF  ..17.....BP.....
000280F0  B5 B0 B0 AF A6 FE A9 D0  88 82 7E 78 75 73 73 FF  ..........~xuss.
00028100  75 75 7B 7E 85 8A 92 93  FF 96 92 92 92 9D AC B3  uu{~............
00028110  C2 9B C6 CF 81 91 E0 E3  46 92 CB 92 ED AF ED 2E  ........F.......
00028120  30 35 D7 C0 41 66 40 43  FF 38 67 63 64 69 38 3B  05..Af@C.8gcdi8;
00028130  3E FD 43 6B E0 4E 4F C5  D3 D2 CE FF CB C9 D0 DD  >.Ck.NO.........
00028140  EF F8 FB DC FC 83 EF 8E  D6 FA B8 BA B9 F3 EB 6F  ...............o
00028150  E6 DE D5 CF 29 A0 B0 AE  AB B1 FD 92 AA E0 7B 75  ....).........{u
00028160  71 71 71 73 FF 71 78 78  83 8B 8F 93 98 FF 9D 99  qqqs.qxx........
00028170  93 8C 92 9B A1 A8 FF B6  BE C4 CC CC D6 D6 DC CB  ................
00028180  DD DE EF 50 E7 CC A1 D4  E0 33 36 FD 65 DD 30 3C  ...P.....36.e.0<
00028190  3C 39 6A 65 63 BF 35 36  67 6D 39 43 E7 30 4F F7  <9jec.56gm9C.0O.
000281A0  4F C7 D3 9E D0 BD B0 C1  D9 CF ED F7 F1 D6 02 FF  O...............
000281B0  7C C4 F1 BB FF BA F9 F2  EB E2 DC D9 D4 FF CF C1  |...............
000281C0  BF B2 A8 A9 A6 9C FF 94  92 8A 84 7E 7B 78 73 F7  ...........~{xs.
000281D0  71 60 60 2F F0 78 7E 85  91 FF 94 9E A3 A5 9D 99  q``/.x~.........
000281E0  96 95 CF 96 99 9F A8 BA  B0 39 A0 D5 D5 ED D9 C4  .........9......
000281F0  90 E1 E1 EF 50 2E 2F 31  FB 33 34 5F 20 64 64 63  ....P./1.34_ ddc
00028200  37 36 FF 35 34 33 34 36  68 38 44 FF 4A 4E 50 50  76.54346h8D.JNPP
00028210  BD D0 D7 D2 FF C3 B4 A7  A1 B0 D7 ED FB F9 EB A0  ................
00028220  A1 FE FF 78 CF EB F7 B9  EF F7 F0 EB DA FF 90 CF  ...x............
00028230  C7 BF FB B4 AE 12 90 96  92 8A 86 80 63 7B 75 AD  ............c{u.
00028240  F1 AF F1 31 E0 83 8F F9  30 8F B0 AC AA A1 BC F0  ...1....0.......
00028250  C0 F0 B9 B0 C1 F8 BA A0  32 71 70 30 DE 2D 2F 30  ........2qp0.-/0
00028260  31 F7 32 35 67 68 22 6F  66 66 62 FD 62 5F 20 6A  1.25gh"offb.b_ j
00028270  40 49 4D 4D A8 FD CE EE  20 C3 A8 98 93 A1 CE E7  @IMM.... .......
00028280  E9 FB E8 02 47 31 38 D6  E8 F4 7F B9 F9 F0 E8 D6  ....G18.........
00028290  CA C6 86 B0 FF BF BD AC  A7 A4 9B 95 92 FB 8C 87  ................
000282A0  AB E1 70 60 5F 5F 5F FE  B0 F1 7D 7F 7E 85 8B 97  ..p`___...}.~...
000282B0  A0 FF B1 BE C2 BD B5 AC  A5 9F FF A1 9F A7 A8 A8  ................
000282C0  B2 B5 C3 F5 C1 3D B0 D3  D0 71 2D 2E 2E 31 DF 36  .....=...q-..1.6
000282D0  66 3A 42 45 67 31 4B 4B  FF 47 3F 3A 6F 68 67 68  f:BEg1KK.G?:ohgh
000282E0  3A FF 47 49 9F BF D5 DB  E3 DA FF BD 98 88 84 9B  :.GI............
000282F0  C9 E7 FA F9 DC 20 B1 03  0D E2 F0 F5 F5 F0 F7 E6  ..... ..........
00028300  DA BE BE D0 C6 C1 BD AE  F7 A7 A1 98 A4 00 88 84  ................
00028310  81 7B F7 78 70 60 AD 05  78 84 7F 7F FF 86 91 97  .{.xp`..x.......
00028320  A2 AD BE C4 C4 7F C4 C1  B2 B2 B0 AC AE B5 90 F7  ................
00028330  C5 C9 CE 31 70 D3 D7 D5  D7 FF 2A 2A 30 33 62 6B  ...1p.....**03bk
00028340  41 48 FF 4A 4F 53 54 54  24 24 53 FF 4E 49 45 3F  AH.JOSTT$$S.NIE?
00028350  6E 67 66 3D FF 45 92 AC  C9 DB E1 E2 DC FF B2 98  ngf=.E..........
00028360  82 7F 98 BF DE F3 F9 DC  F7 A0 2D 3B CA DC EA EF  ..........-;....
00028370  F0 FF EC E6 D6 BD A9 AF  C0 C0 FF C2 C1 B4 A7 9D  ................
00028380  93 93 92 8F 8C 8A 87 83  2B F0 AC 03 B0 F0 71 FF  ........+.....q.
00028390  78 7E 88 80 82 84 8E 98  FF A0 A6 B1 BE BE BE C0  x~..............
000283A0  C2 FF C3 C1 C1 C7 C7 D0  D2 CE FB D2 D0 C9 D1 D7  ................
000283B0  D7 78 2D 30 FF 34 62 69  40 46 4C 51 54 FF 25 26  .x-0.4bi@FLQT.%&
000283C0  22 00 27 24 4F 48 FF 44  3D 6C 65 66 3D 5B 9D FB  ".'$OH.D=lef=[..
000283D0  B2 D2 6F C0 DD BD 93 82  7C 9F 96 B5 D8 EE DC 09  ..o.....|.......
000283E0  DA F8 A0 D6 BE 19 90 E8  E6 D6 B4 9D 7A 70 B6 7F  ............zp..
000283F0  BE BF B2 A3 92 8E 92 24  10 DF 89 85 7E 78 74 AC  .......$....~xt.
00028400  05 71 71 FF 75 7B 85 92  82 86 87 92 DB 93 9B C2  .qq.u{..........
00028410  F0 B0 B4 B8 A0 C3 C9 F1  D0 B9 80 C6 C0 43 30 D3  .............C0.
00028420  D5 78 01 BF 2D 31 36 67  39 41 5D 11 25 FF 26 27  .x..-16g9A].%.&'
00028430  26 25 53 4C 46 41 FF 39  68 63 6B 5B 8E A1 BF FF  &%SLFA.9hck[....
00028440  D8 E3 E8 E8 DE BD 8A 7A  BF 7A 92 AE D5 E8 DF 7C  .......z.z.....|
00028450  0A C8 FD D6 1A 70 E6 DF  CF AA 96 9C FF A0 AD B1  .....p..........
00028460  B6 BF BD A8 95 6E 32 C0  8E 8C 8B 2D D0 79 72 2D  .....n2....-.yr-
00028470  01 F6 31 21 71 70 B4 10  85 93 86 88 FF 8C 92 92  ..1!qp..........
00028480  98 99 9F A5 A8 3F AA B2  B4 BF C9 CD CE 10 50 21  .....?........P!
00028490  FE D1 12 78 01 2A 2F 36  65 6E DF 41 48 4C 4F 51  ...x.*/6en.AHLOQ
000284A0  5F 10 54 53 FF 4E 48 41  3B 6E 64 37 5B FF 5B 93  _.TS.NHA;nd7[.[.
000284B0  AA CB DD E6 EB EB FF E5  C9 92 7A 79 8A B2 C9 B7  ..........zy....
000284C0  E2 D6 C2 31 37 C4 D4 9A  50 DF FF D6 C9 A3 96 95  ...17...P.......
000284D0  9C A2 AD FF B6 C2 C1 B2  92 88 86 88 D7 8A 8C 8F  ................
000284E0  AD C0 7C A9 20 71 61 FE  AE 24 70 75 7B 83 89 96  ..|. qa..$pu{...
000284F0  88 FD 84 BC 20 93 8E 78  9B 9D A5 E7 A7 B0 B5 BA  .... ..x........
00028500  A0 4D 10 D2 D2 CE FC C9  20 D5 20 01 01 2A 30 36  .M...... . ..*06
00028510  38 FD 3E E5 30 4A 4E 4F  51 4F 4C FF 48 43 3B 6E  8.>.0JNOQOL.HC;n
00028520  65 36 5B 5B FF 87 9B B4  CD DA E6 EB E9 FF E7 D0  e6[[............
00028530  98 7F 79 86 A5 C5 FB CB  C6 01 36 B3 D4 D5 DB E0  ..y.......6.....
00028540  DF DA D5 B5 9B 92 16 30  AB B6 FF C6 C5 C1 9F 86  .......0........
00028550  82 87 88 FF 8D 8D 91 8F  89 82 7A 79 F9 73 2B 30  ..........zy.s+0
00028560  AF 22 71 70 72 72 79 7F  7E 83 91 99 8C 87 88 BB  ."qprry.~.......
00028570  20 FF 78 99 9B 9F 9F A5  AC B4 EF BF C5 C8 CC 7C   .x............|
00028580  A0 CF CC CF DE 09 D1 01  01 02 02 55 80 6C 3B FE  ...........U.l;.
00028590  E8 E0 4A 4A 48 48 46 43  3C FF 6E 64 34 5B 5B 5B  ..JJHHFC<.nd4[[[
000285A0  92 9F FF B2 CA D6 E2 E6  E7 E3 D7 FF 9F 80 7A 80  ..............z.
000285B0  98 A7 B0 B6 FD C0 89 E3  A9 CF DB DE D7 D3 BF C7  ................
000285C0  A7 93 8A 92 9A 7A 70 C4  FF CA C9 A7 88 82 82 84  .....zp.........
000285D0  8B FF 8D 91 94 8E 87 7F  79 74 79 75 33 30 31 21  ........ytyu301!
000285E0  73 73 74 72 B5 30 F7 7F  89 8F 25 00 88 88 86 78  sstr.0....%....x
000285F0  FB 95 93 C3 30 A5 AA B0  B4 BF D7 C4 C6 C8 4F 41  ....0.........OA
00028600  CA D5 33 03 04 9B 04 04  55 80 68 38 DB B1 5E C0  ..3.....U.h8..^.
00028610  6A FD 63 ED 31 82 93 9F  B2 C8 CF FD DA 52 E0 D5  j.c.1........R..
00028620  AE 92 7F 7A 87 F7 93 A1  C0 8C C2 B3 D3 DE DE FF  ...z............
00028630  D3 CD AE 9D 87 86 8A 9A  FF A9 B2 B6 C4 CC CE B0  ................
00028640  8C FF 80 7F 82 86 92 96  96 95 6F 92 82 7F 7A 2B  ..........o...z+
00028650  00 70 61 30 F0 7C 31 41  34 40 74 7A 82 86 88 22  .pa0.|1A4@tz..."
00028660  21 FF 78 78 8C 92 96 98  98 9B FF 9F A1 A8 B0 B2  !.xx............
00028670  BF C1 C2 EF C2 C2 C4 C4  D5 32 01 03 05 FF 08 09  .........2......
00028680  08 08 08 04 2D 2F FF 31  31 34 36 63 63 37 33 FD  ....-/.1146cc73.
00028690  32 EE 30 78 87 96 A7 BE  C6 FF CF D4 D8 DD E0 DD  2.0x............
000286A0  CE A7 FF 86 7A 7F 84 98  9F 9E 78 FF 78 C2 E1 DE  ....z.....x.x...
000286B0  DB D0 BD A1 FF 95 88 82  8E 9E A4 B0 C1 FE 40 E0  ..............@.
000286C0  B4 8C 84 7F 82 87 8C FF  96 96 98 92 8C 82 7F 78  ...............x
000286D0  F2 2A 41 70 AC F0 30 F0  75 7A 74 72 FB 74 79 00  .*Ap..0.uztr.ty.
000286E0  50 88 8C 8E 8A 78 F9 78  20 20 21 50 9F 9F A3 A7  P....x.x  !P....
000286F0  AE 7F B4 B5 B5 B4 B4 B4  BF 89 E1 FE 58 41 05 0A  ............XA..
00028700  0D 0F 11 0F 11 BA 63 50  13 67 50 11 0D 0D EE 42  ......cP.gP....B
00028710  8C FF 9F B4 BE C4 C2 C8  CE D7 FF DD DD D7 BF AA  ................
00028720  95 86 82 FF 84 8C 9F D5  E9 E1 D5 CD FF AC 96 8A  ................
00028730  84 8A 91 A0 A8 FB BD C9  7E 90 BF 95 82 7F 84 FF  ........~.......
00028740  87 92 95 99 99 96 92 86  CB 82 7A 28 52 73 AC F0  ..........z(Rs..
00028750  AF 41 79 7A E5 74 38 50  7C 1E 50 3F 51 95 8C 93  .Ayz.t8P|.P?Q...
00028760  FF 93 96 98 9D A3 A7 A8  AA 7F AC B0 B2 B0 B2 B2  ................
00028770  B2 55 53 FF 01 02 04 06  08 0C 0F 13 FF 16 16 18  .US.............
00028780  19 1B 1D 1E 1E F7 20 20  1E EE 41 78 8A 99 A5 7F  ......  ..Ax....
00028790  C0 C2 C0 C0 C6 C8 CD C1  B0 FB DD E0 4B F3 DE CE  ............K...
000287A0  B3 A1 92 FF 86 84 89 97  A1 AE C1 C9 FE FF 80 C8  ................
000287B0  99 87 80 87 8C 92 16 B0  A0 99 93 25 40 7B AA 00  ...........%@{..
000287C0  2C 50 2B 00 6E 32 21 79  7C 7A B8 53 92 92 26 70  ,P+.n2!y|z.S..&p
000287D0  DA A1 10 95 38 F0 A5 A7  CB 51 AC B0 78 51 60 89  ....8....Q..xQ`.
000287E0  E2 58 41 07 07 07 0B 5E  50 E9 13 E4 51 69 60 19  .XA....^P...Qi`.
000287F0  EE 52 88 93 A5 FF B5 C0  C0 BE BE B6 B3 BE DF C0  .R..............
00028800  C3 CB CE D8 28 81 CF BE  FF A0 8F 84 80 84 92 9B  ....(...........
00028810  AE F7 C1 C5 D0 04 A0 B6  98 84 84 7B 88 8E C7 40  ...........{...@
00028820  9F 9B 96 92 A6 10 7F 78  78 72 70 70 72 7E 2D F1  .......xxrppr~-.
00028830  FE B1 F1 7A 7F 7A 79 7A  80 86 FB 8C 8E 3F 61 98  ...z.zyz.....?a.
00028840  95 93 95 95 AF 99 9B A6  A9 C2 20 A8 3A C0 AC F4  .......... .:...
00028850  54 66 DC 50 0B E0 60 0E  0E 0E 10 E7 12 14 15 EA  Tf.P..`.........
00028860  60 EE 52 8E 8A 96 FF AA  C3 C9 C6 C0 C0 AF A9 E7  `.R.............
00028870  A6 A6 A4 93 90 95 80 8D  83 82 BF 82 82 92 95 A7  ................
00028880  BD C4 70 D6 EF DC D1 B6  93 99 60 92 98 9F 7F A1  ..p.......`.....
00028890  A1 9F 98 93 8E 89 AA F0  5D 75 A9 60 7B 7B 75 AC  ........]u.`{{u.
000288A0  23 75 B9 60 7F 7F 7A 82  88 92 93 93 A5 70 FF 9B  #u.`..z......p..
000288B0  99 9B 98 99 9D 9F A1 FF  AD AA A8 A8 AA B0 B0 B2  ................
000288C0  53 B4 B4 89 E3 58 41 06  5E 50 10 63 71 F3 12 14  S....XA.^P.cq...
000288D0  E9 61 EE 52 92 92 96 9F  FD B2 4C D0 C2 BE B1 A6  .a.R......L.....
000288E0  A0 9C DF 94 91 8D 89 85  08 70 86 8A FF 95 9F B4  .........p......
000288F0  CE E0 E5 E1 DF FF E2 D6  A9 8C 84 84 8C 93 FF 98  ................
00028900  9F A3 A3 A3 9D 98 93 FB  8D 85 28 10 74 70 70 79  ..........(.tppy
00028910  81 E3 78 71 B0 00 31 72  00 50 80 84 8C D7 95 98  ..xq..1r.P......
00028920  95 C0 61 9F 9F 60 9D 9F  4F 9F B1 AA B0 B1 80 51  ..a..`..O......Q
00028930  70 B5 89 E4 C2 DA 51 09  E1 51 E3 76 EE 52 BB F0  p.....Q..Q.v.R..
00028940  9B A1 73 AA C5 CA 10 72  F0 A7 9F 99 22 10 FE 44  ..s....r...."..D
00028950  50 9F A8 B5 D5 E5 EC EC  FF E7 E2 DC C2 9F 88 86  P...............
00028960  86 7F 8E 96 9F A7 AA A8  A7 1F 70 FF 94 8F 85 83  ..........p.....
00028970  79 79 72 70 D1 74 29 00  AD 12 B0 F0 75 BA 60 92  yyrp.t).....u.`.
00028980  88 C7 92 95 9B BF 72 C8  70 C6 71 B3 B3 9B B0 AE  ......r.p.q.....
00028990  D1 71 BD BE 89 E5 D9 41  0C CF 13 18 1B 1D 65 85  .q.....A......e.
000289A0  EE 52 AE AA ED A3 C6 70  A7 C3 C6 D0 D5 C9 C3 FE  .R.....p........
000289B0  AF 80 AC AA A8 B0 B4 C9  D9 FF EA F2 F2 F0 E3 DA  ................
000289C0  D6 B1 FD 96 16 80 93 9D  9F A8 AE AC 6F AC A7 A5  ............o...
000289D0  A1 80 70 85 80 35 50 7F  70 7C 83 7B 5F 5D 5D 30  ..p..5P.p|.{_]]0
000289E0  84 FF 78 80 88 8E 93 93  99 9F FD 9B 92 E0 9F A3  ..x.............
000289F0  A1 A1 A5 9D DF 9D A1 A9  BE BD A2 E0 B5 BD FC 53  ...............S
00028A00  87 5C 82 0A 11 16 1B 1E  20 F9 21 E8 82 EE 52 B5  .\...... .!...R.
00028A10  BD B2 AC A5 FF A1 9F A3  AC BD CB D5 D9 FC 52 20  ..............R 
00028A20  CE F0 E4 E7 E9 F2 F4 F4  FF EF E4 D9 D4 B3 95 8E  ................
00028A30  82 CE 17 81 AC AE B5 3C  00 A2 F0 9E 94 F7 92 84  .......<........
00028A40  7F B6 50 7A 84 7E 75 7C  AE 80 AE 12 73 75 78 7F  ..Pz.~u|....sux.
00028A50  87 96 81 FB A1 9F 92 E0  A1 A3 A3 A5 AC 7F A7 99  ................
00028A60  9D A3 BE C4 BF 51 50 53  BD BF 03 44 59 85 09 E0  .....QPS...DY...
00028A70  50 18 E5 80 F6 EB 55 B4  BF 4E 90 AE A7 A3 A5 5F  P.....U..N....._
00028A80  A5 AE BF CD D3 6E C0 EA  D0 90 F7 EF EA EA 9E B0  .....n..........
00028A90  BE A0 80 7F 9F 7F 82 8E  99 A5 51 90 CD 80 B2 9F  ..........Q.....
00028AA0  A8 A7 A3 9B 96 1B 50 B8  60 8C 67 83 78 5F 2E 91  ......P.`.g.x_..
00028AB0  AF 10 70 72 31 E0 BF 87  8C 93 9F A8 A7 3F 92 A5  ..pr1........?..
00028AC0  EF A3 A7 B0 AC 33 B0 B1  CF C3 B3 B5 B5 D1 8A D5  .....3..........
00028AD0  20 02 04 60 60 0C B8 E0  51 68 60 EE 52 AC B5 C1   ..``...Qh`.R...
00028AE0  C5 10 BD E7 AE A8 A7 B6  A0 BD B0 CE D7 D9 BB DB  ................
00028AF0  D9 25 A1 B3 A4 83 38 50  82 C7 8C 9B A5 C9 01 D0  .%....8P........
00028B00  50 83 80 A3 9D FF 96 8C  86 82 7F 7C 88 8B F8 2B  P..........|...+
00028B10  94 B0 00 B7 40 7E 83 85  8E 96 F7 A1 A3 A8 3F 91  ....@~........?.
00028B20  9B A1 A5 A7 FF AE C4 96  95 98 A6 D1 C7 CE 80 80  ................
00028B30  B4 B4 B6 89 E9 DA 40 0B  0E DB 10 10 E5 60 10 12  ......@......`..
00028B40  ED 63 78 B0 FF BF C3 C5  C5 C5 C3 C2 B3 EB B2 AE  .cx.............
00028B50  D2 70 C1 4C 10 CD CB C5  BF B5 AE A0 83 79 72 39  .p.L.........yr9
00028B60  50 8A BB 9D AA 39 B0 B5  B2 A8 50 70 AE CF AA A5  P....9....Pp....
00028B70  9D 93 28 F0 1E 50 85 78  FB 5D 5C AE 94 74 79 7C  ..(..P.x.]\..ty|
00028B80  82 86 BF 8B 92 99 A1 AA  A7 89 E2 A3 DF A7 A7 B2  ................
00028B90  B6 A4 46 60 C8 CC ED CB  51 50 B0 AF 88 EA 01 03  ..F`....QP......
00028BA0  06 C7 0B 10 12 68 70 E9  A0 6E A3 78 B4 FF BD C3  .....hp..n.x....
00028BB0  C7 C7 C7 C8 C6 C4 BF C0  B4 BD B5 C3 C5 A4 D0 AF  ................
00028BC0  FF A2 97 8B 72 61 70 79  7F 7F 86 8C A0 AE B4 B4  ....rapy........
00028BD0  B2 F9 90 FE 72 A0 B0 AA  AA A5 9F 98 92 3E 3B 30  ....r........>;0
00028BE0  8E 85 7E 71 5C AC A1 AF  F0 CC 8E A0 88 70 8E 98  ..~q\........p..
00028BF0  1A 80 89 E4 A7 A3 F7 AC  BE A9 3C F0 AB D4 CB BF  ..........<.....
00028C00  E7 AE AC AD D4 AB E1 A1  0D 13 15 79 17 69 B1 EE  ...........y.i..
00028C10  A4 78 AE BF BF C7 10 FF  C6 C2 C0 B3 B6 B3 B3 AF  .x..............
00028C20  FE A8 D0 89 81 71 59 5E  74 79 FF 7F 88 96 A4 AB  .....qY^ty......
00028C30  B2 B4 B0 EC 9E A0 89 E1  AC A7 1E 80 99 95 8C BF  ................
00028C40  8C 8B 85 83 73 5C 2B B3  71 FD 73 8C B0 82 86 8C  ....s\+.q.s.....
00028C50  93 9D A1 FE 89 E7 A7 AA  B1 B3 93 8A 87 2F 93 C4  ............./..
00028C60  CA C3 22 F0 A9 85 EC E2  A0 E7 0F 16 1B E7 51 6E  .."...........Qn
00028C70  B5 78 A7 B2 BE 93 B0 AC  AE AE AD A4 7F 70 85 FF  .x...........p..
00028C80  7C 79 5E 5A 5A 70 72 79  FF 80 87 96 A0 AB B1 B2  |y^ZZpry........
00028C90  AA D9 AC BE A3 C2 A0 A1  9D 22 11 87 85 3F 7F 74  ........."...?.t
00028CA0  5C 5C 5E 5E AE 02 38 50  E7 80 84 8A 74 70 89 E9  \\^^..8P....tp..
00028CB0  A5 A9 B1 7F 99 82 7F 82  AF C8 C6 FD B0 CC D4 BD  ................
00028CC0  60 A1 0A 0F E4 51 EE B6  78 78 FA C8 70 9B A1 60  `....Q..xx..p..`
00028CD0  8C 82 79 72 5E DF 58 57  58 5A 61 B8 40 8A 94 BF  ..yr^.XWXZa.@...
00028CE0  9E A4 A9 A5 A3 A3 3A C7  9B 7B 9B 95 A2 10 84 7C  ......:..{.....|
00028CF0  74 5E 2A C0 9C 2C C0 32  A1 79 7F 80 3B 20 85 EC  t^*..,.2.y..; ..
00028D00  A0 FF A9 A1 82 74 79 8C  C8 C4 CF AA A5 A9 AB 84  .....ty.........
00028D10  EE DB 50 08 0C 77 0D 11  13 6E C8 78 88 87 A6 40  ..P..w...n.x...@
00028D20  FF 79 70 5C 58 57 2C 57  59 FF 5C 70 79 7A 83 8F  .yp\XW,WY.\pyz..
00028D30  94 9E 3F A0 A0 9F 9F 98  8C 89 E8 25 00 1F 8A 8A  ..?........%....
00028D40  7F 74 61 AA C0 AB C2 0A  C0 FA BA 50 88 B8 CD 78  .ta........P...x
00028D50  78 97 A0 84 FF 72 61 79  AF BE AC 9F A0 B9 A4 FE  x....ray........
00028D60  0F DC 61 08 09 0A EE C9  78 BE 28 30 70 5E 58 55  ..a.....x.(0p^XU
00028D70  55 87 C0 70 7E B5 A0 89  91 94 9A 9A 9A A2 50 3E  U..p~.........P>
00028D80  85 EB 8C 88 87 7C 72 AA  C0 27 D1 E0 AF F0 0A C0  .....|r..'......
00028D90  0E B0 55 DF 47 D0 8E 72  5C 7F 5E 91 C4 AD 99 9A  ..U.G..r\.^.....
00028DA0  9C B8 DF EE 66 D1 04 05  06 6E DA 78 78 70 F8 07  ....f....n.xxp..
00028DB0  C0 2A C0 37 40 87 8E 8E  95 96 BF 95 95 93 8E 8A  .*.7@...........
00028DC0  87 85 EC 8A 9D 86 28 30  61 5E 61 28 E1 AE D0 70  ......(0a^a(...p
00028DD0  CF 70 74 7A 7F D6 DF 89  E1 92 79 FF 5C 5A 7C B3  .ptz......y.\Z|.
00028DE0  AB 93 94 91 E8 39 EF 65  D0 5B 40 05 EE DC 78 61  .....9.e.[@...xa
00028DF0  61 BC AA 60 00 50 87 87  8C 8A A4 10 86 63 84 84  a..`.P.......c..
00028E00  34 EF 27 40 A9 60 70 70  2A E1 9F 5E 61 70 72 74  4.'@.`pp*..^aprt
00028E10  57 EF 08 F5 5E 7F 59 61  97 9A 92 8F 8D BB EF B2  W...^.Ya........
00028E20  66 E3 05 03 FE B0 E0 7A  7F 03 F0 7C CF 7A 7C 7A  f......z...|.z|z
00028E30  7A B8 60 D8 EF 78 78 98  A4 E2 28 E1 28 D1 61 70  z.`..xx...(.(.ap
00028E40  11 FF 85 07 59 3F 5C 82  97 8A 89 8B 3C FF 85 01  ....Y?\.....<...
00028E50  9F 03 03 04 A6 A4 05 50  15 FC 79 00 82 F8 59 FF  .......P..y...Y.
00028E60  F9 D2 A7 E2 AA C0 AA B0  92 FF 84 0A 3F 5C 79 85  ............?\y.
00028E70  87 85 89 BD FF 66 F3 01  04 00 00 00 00 04 00 04  .....f..........
00028E80  21 04 21 04 22 08 22 04  42 08 41 0C 43 08 42 0C  !.!.".".B.A.C.B.
00028E90  64 14 A6 18 E7 1C 08 21  2A 29 6C 2D AD 35 EF 3D  d......!*)l-.5.=
00028EA0  10 42 10 42 31 46 73 4E  B5 56 D6 5A 18 63 5B 6B  .B.B1FsN.V.Z.c[k
00028EB0  5C 6F 7C 6F 7D 6F 7D 6F  9D 73 9D 73 BD 77 9E 73  \o|o}o}o.s.s.w.s
00028EC0  BE 77 BE 77 BE 7B DE 7B  DF 7B FF 7F FF 7F FF 7F  .w.w.{.{.{......
00028ED0  42 10 62 18 62 18 A5 20  C5 20 83 1C 83 20 A4 24  B.b.b.. . ... .$
00028EE0  A4 28 C4 2C C4 2C E5 30  E5 30 06 35 06 35 26 39  .(.,.,.0.0.5.5&9
00028EF0  47 39 68 41 23 04 24 00  44 08 24 00 65 08 45 04  G9hA#.$.D.$.e.E.
00028F00  66 08 86 0C EA 18 0B 1D  2C 21 6E 29 8F 2D D0 35  f.......,!n).-.5
00028F10  F1 39 12 3E 33 42 54 46  75 4A 56 4A 96 4E 77 4E  .9.>3BTFuJVJ.NwN
00028F20  97 52 97 52 B8 56 D8 5A  D8 5A F9 5A DF 77 BF 73  .R.R.V.Z.Z.Z.w.s
00028F30  BF 73 87 0C 48 00 A8 10  88 0C 89 08 89 08 AA 10  .s..H...........
00028F40  8A 0C CB 10 AB 0C AB 0C  EC 14 EC 18 4D 25 2D 1D  ............M%-.
00028F50  0D 1D 4E 21 6F 29 90 2D  B1 31 D2 39 F3 39 14 3E  ..N!o).-.1.9.9.>
00028F60  F4 35 34 42 55 46 FC 5A  1E 5B 1E 5B 3E 5F 3E 5F  .54BUF.Z.[.[>_>_
00028F70  3E 5F 3E 5F 3E 5F 5F 63  5F 63 5F 63 7F 67 5F 63  >_>_>__c_c_c.g_c
00028F80  7F 67 7F 67 7F 6B 7F 67  9F 6B 7F 6B 9F 6B 9F 6F  .g.g.k.g.k.k.k.o
00028F90  BF 6F 9F 6F CC 10 CC 10  CE 10 EE 10 EF 14 EF 14  .o.o............
00028FA0  2F 1D 10 15 10 15 30 1D  10 19 30 19 31 19 31 19  /.....0...0.1.1.
00028FB0  51 21 31 19 32 1D 72 21  52 1D 52 1D 53 1D 93 29  Q!1.2.r!R.R.S..)
00028FC0  53 1D 53 1D 73 21 73 21  74 21 14 21 74 21 B4 29  S.S.s!s!t!.!t!.)
00028FD0  94 25 94 25 B5 2D 95 25  F7 35 F7 35 19 36 19 36  .%.%.-.%.5.5.6.6
00028FE0  19 3A 19 36 39 3A 3A 3A  3A 3A 3A 3E 5A 3E 5A 3E  .:.69::::::>Z>Z>
00028FF0  5B 3E 5B 3E 7B 42 7B 42  7B 42 7B 42 7C 46 9C 46  [>[>{B{B{B{B|F.F
00029000  9C 46 9C 46 9C 46 9C 4A  BC 4A BC 4A BD 4E BD 4E  .F.F.F.J.J.J.N.N
00029010  BD 4E BD 4E DD 4E DD 4E  DD 52 FD 52 DD 52 FD 52  .N.N.N.N.R.R.R.R
00029020  FD 56 FE 56 FE 56 1E 57  1E 57 1E 5B 1E 5B 95 25  .V.V.V.W.W.[.[.%
00029030  95 25 B6 29 B6 29 B6 29  B6 29 D7 2D D7 2D D7 2D  .%.).).).).-.-.-
00029040  D7 2D F8 31 F8 31 F8 31  F8 31 19 32 B8 56 D9 5A  .-.1.1.1.1.2.V.Z
00029050  F9 5E F9 5E FA 5E 1A 63  1A 63 3B 67 3B 67 3B 67  .^.^.^.c.c;g;g;g
00029060  3B 67 5C 6B 26 04 27 04  48 08 69 0C 8B 10 AC 14  ;g\k&.'.H.i.....
00029070  CE 18 CF 18 F1 1C F2 1C  13 21 35 25 00 00 FF FF  .........!5%....
00029080  00 00 FF FF 00 00 00 00  FF FF FF FF 00 00 00 00  ................
00029090  00 00 00 00 00 00 00 00  00 00 00 00 FF FF FF FF  ................
000290A0  00 00 FF FF FF FF FF FF  FF FF FF FF FF FF FF FF  ................
000290B0  FF FF 00 00 FF FF 00 00  FF FF 00 00 FF FF 00 00  ................
000290C0  00 00 FF FF 00 00 FF FF  00 00 FF FF 00 00 00 00  ................
000290D0  FF FF 00 00 FF FF 00 00  FF FF 00 00 FF FF 00 00  ................
000290E0  FF FF 00 00 FF FF 00 00  FF FF 00 00 FF FF 00 00  ................
000290F0  FF FF 00 00 00 00 00 00  FF FF FF FF 00 00 00 00  ................
00029100  FF FF FF FF 00 00 00 00  00 00 00 00 00 00 00 00  ................
00029110  00 00 00 00 00 00 00 00  00 00 FF FF 00 00 FF FF  ................
00029120  00 00 FF FF FF FF 00 00  FF FF 00 00 00 00 00 00  ................
00029130  FF FF 00 00 FF FF 00 00  FF FF 00 00 FF FF 00 00  ................
00029140  FF FF FF FF FF FF 00 00  00 00 FF FF 00 00 FF FF  ................
00029150  00 00 FF FF FF FF FF FF  FF FF FF FF FF FF FF FF  ................
00029160  00 00 FF FF FF FF 00 00  00 00 FF FF 00 00 00 00  ................
00029170  FF FF 00 00 FF FF 00 00  FF FF 00 00 00 00 FF FF  ................
00029180  FF FF 00 00 00 00 FF FF  00 00 FF FF FF FF 00 00  ................
00029190  00 00 FF FF FF FF 00 00  FF FF 00 00 00 00 FF FF  ................
000291A0  FF FF FF FF 00 00 00 00  00 00 FF FF 00 00 FF FF  ................
000291B0  FF FF 00 00 FF FF 00 00  00 00 FF FF 00 00 FF FF  ................
000291C0  FF FF FF FF 00 00 FF FF  00 00 FF FF FF FF 00 00  ................
000291D0  00 00 FF FF FF FF FF FF  FF FF 00 00 00 00 FF FF  ................
000291E0  00 00 FF FF FF FF 00 00  FF FF FF FF 00 00 FF FF  ................
000291F0  FF FF 00 00 00 00 FF FF  FF FF 00 00 FF FF 00 00  ................
00029200  00 00 FF FF FF FF 00 00  FF FF 00 00 00 00 FF FF  ................
00029210  00 00 FF FF 00 00 FF FF  00 00 00 00 FF FF FF FF  ................
00029220  FF FF 00 00 00 00 00 00  FF FF 00 00 FF FF FF FF  ................
00029230  00 00 00 00 FF FF 00 00  FF FF 00 00 FF FF FF FF  ................
00029240  00 00 00 00 FF FF 00 00  FF FF FF FF 00 00 FF FF  ................
00029250  FF FF 00 00 FF FF 00 00  FF FF 00 00 FF FF 00 00  ................
00029260  00 00 00 00 FF FF FF FF  FF FF FF FF FF FF FF FF  ................
00029270  FF FF FF FF FF FF FF FF  FF FF FF FF 00 00 00 80  ................
00029280  21 04 21 84 21 04 21 04  42 88 42 88 42 08 42 08  !.!.!.!.B.B.B.B.
00029290  84 10 C6 18 E7 1C 08 21  4A 29 6B 2D AD B5 EF BD  .......!J)k-....
000292A0  10 42 10 C2 31 C6 73 CE  B5 D6 D6 DA 18 E3 5A EB  .B..1.s.......Z.
000292B0  7B EF 7B 6F 9C F3 9C 73  9C F3 9C 73 BD F7 BD 77  {.{o...s...s...w
000292C0  BD 77 DE FB DE 7B DE FB  DE 7B FF FF FF 7F FF 7F  .w...{...{......
000292D0  42 88 63 0C 63 8C A5 14  C6 98 84 10 84 90 A5 14  B.c.c...........
000292E0  A5 94 C6 18 C6 98 E7 1C  E7 9C 08 21 08 A1 29 25  ...........!..)%
000292F0  29 A5 6B 2D 42 08 42 08  63 8C 42 88 63 0C 63 0C  ).k-B.B.c.B.c.c.
00029300  84 90 84 90 08 21 29 25  4A 29 8C 31 AD 35 CE 39  .....!)%J).1.5.9
00029310  EF 3D 10 42 31 46 52 4A  73 4E 73 CE 94 52 94 D2  .=.B1FRJsNs..R..
00029320  B5 56 B5 D6 D6 DA D6 5A  F7 DE F7 5E DE 7B DE 7B  .V.....Z...^.{.{
00029330  DE FB A5 14 84 90 C6 18  A5 94 A5 14 A5 94 C6 18  ................
00029340  C6 98 E7 9C E7 9C E7 1C  08 21 29 A5 6B 2D 4A A9  .........!).k-J.
00029350  4A 29 6B AD 8C B1 AD B5  CE B9 EF BD 10 C2 31 C6  J)k...........1.
00029360  10 42 52 CA 52 CA 39 67  5A 6B 5A EB 5A 6B 5A 6B  .BR.R.9gZkZ.ZkZk
00029370  5A EB 7B 6F 7B EF 7B 6F  7B EF 7B 6F 9C 73 7B EF  Z.{o{.{o{.{o.s{.
00029380  9C F3 9C 73 9C 73 9C F3  BD 77 9C F3 BD F7 BD 77  ...s.s...w.....w
00029390  BD 77 BD F7 08 A1 08 21  08 A1 08 21 29 25 29 A5  .w.....!...!)%).
000293A0  6B AD 4A A9 4A 29 6B 2D  6B 2D 6B AD 6B 2D 6B AD  k.J.J)k-k-k.k-k.
000293B0  8C B1 6B 2D 6B AD AD 35  8C 31 8C B1 8C 31 CE B9  ..k-k..5.1...1..
000293C0  8C B1 AD B5 AD 35 AD B5  AD 35 8C B1 AD B5 EF 3D  .....5...5.....=
000293D0  CE 39 CE B9 EF BD EF BD  31 C6 31 46 52 4A 52 CA  .9......1.1FRJR.
000293E0  73 4E 73 CE 73 CE 73 4E  73 CE 94 D2 94 52 94 D2  sNs.s.sNs....R..
000293F0  94 D2 94 52 B5 56 B5 D6  B5 D6 B5 56 B5 D6 D6 5A  ...R.V.....V...Z
00029400  D6 5A D6 DA D6 DA D6 5A  F7 DE F7 5E F7 5E F7 DE  .Z.....Z...^.^..
00029410  F7 5E F7 DE 18 63 18 E3  18 63 18 63 18 E3 18 E3  .^...c...c.c....
00029420  39 E7 39 67 39 67 39 67  39 E7 5A 6B 39 E7 CE B9  9.9g9g9g9.Zk9...
00029430  CE 39 EF 3D EF BD 10 42  10 C2 10 42 10 C2 31 C6  .9.=...B...B..1.
00029440  31 46 31 46 31 C6 52 4A  52 CA 52 CA D6 5A F7 DE  1F1F1.RJR.R..Z..
00029450  18 E3 18 63 18 E3 39 67  39 E7 39 67 5A EB 5A 6B  ...c..9g9.9gZ.Zk
00029460  5A 6B 7B 6F 42 88 63 8C  84 90 A5 94 C6 98 E7 9C  Zk{oB.c.........
00029470  08 A1 29 A5 4A A9 4A A9  6B AD 8C B1 00 00 00 80  ..).J.J.k.......
00029480  00 00 00 80 00 00 00 00  00 80 00 80 00 00 00 00  ................
00029490  00 00 00 00 00 00 00 00  00 00 00 00 00 80 00 80  ................
000294A0  00 00 00 80 00 80 00 80  00 80 00 80 00 80 00 80  ................
000294B0  00 80 00 00 00 80 00 00  00 80 00 00 00 80 00 00  ................
000294C0  00 00 00 80 00 00 00 80  00 00 00 80 00 00 00 00  ................
000294D0  00 80 00 00 00 80 00 00  00 80 00 00 00 80 00 00  ................
000294E0  00 80 00 00 00 80 00 00  00 80 00 00 00 80 00 00  ................
000294F0  00 80 00 00 00 00 00 00  00 80 00 80 00 00 00 00  ................
00029500  00 80 00 80 00 00 00 00  00 00 00 00 00 00 00 00  ................
00029510  00 00 00 00 00 00 00 00  00 00 00 80 00 00 00 80  ................
00029520  00 00 00 80 00 80 00 00  00 80 00 00 00 00 00 00  ................
00029530  00 80 00 00 00 80 00 00  00 80 00 00 00 80 00 00  ................
00029540  00 80 00 80 00 80 00 00  00 00 00 80 00 00 00 80  ................
00029550  00 00 00 80 00 80 00 80  00 80 00 80 00 80 00 80  ................
00029560  00 00 00 80 00 80 00 00  00 00 00 80 00 00 00 00  ................
00029570  00 80 00 00 00 80 00 00  00 80 00 00 00 00 00 80  ................
00029580  00 80 00 00 00 00 00 80  00 00 00 80 00 80 00 00  ................
00029590  00 00 00 80 00 80 00 00  00 80 00 00 00 00 00 80  ................
000295A0  00 80 00 80 00 00 00 00  00 00 00 80 00 00 00 80  ................
000295B0  00 80 00 00 00 80 00 00  00 00 00 80 00 00 00 80  ................
000295C0  00 80 00 80 00 00 00 80  00 00 00 80 00 80 00 00  ................
000295D0  00 00 00 80 00 80 00 80  00 80 00 00 00 00 00 80  ................
000295E0  00 00 00 80 00 80 00 00  00 80 00 80 00 00 00 80  ................
000295F0  00 80 00 00 00 00 00 80  00 80 00 00 00 80 00 00  ................
00029600  00 00 00 80 00 80 00 00  00 80 00 00 00 00 00 80  ................
00029610  00 00 00 80 00 00 00 80  00 00 00 00 00 80 00 80  ................
00029620  00 80 00 00 00 00 00 00  00 80 00 00 00 80 00 80  ................
00029630  00 00 00 00 00 80 00 00  00 80 00 00 00 80 00 80  ................
00029640  00 00 00 00 00 80 00 00  00 80 00 80 00 00 00 80  ................
00029650  00 80 00 00 00 80 00 00  00 80 00 00 00 80 00 00  ................
00029660  00 00 00 00 00 80 00 80  00 80 00 80 00 80 00 80  ................
00029670  00 80 00 80 00 80 00 80  00 80 00 80 08 00 08 80  ................
00029680  09 00 09 80 09 00 09 00  0A 80 0A 80 0A 00 0A 00  ................
00029690  0C 00 0F 00 11 00 13 00  15 00 37 0C 9A 98 DC A0  ..........7.....
000296A0  FD 24 FD A4 3F AD 9F B9  DF C1 1F CA 9F D6 DF E2  .$..?...........
000296B0  FF E6 1F 67 1F EB 1F 6B  3F EF 3F 6F 5F F3 5F 6F  ...g...k?.?o_._o
000296C0  7F 73 7F F7 7F 77 7F F7  9F 7B BF FB BF 7B DF 7F  .s...w...{...{..
000296D0  0B 80 0C 00 0C 80 0F 00  0F 80 0D 00 0D 80 0E 00  ................
000296E0  0F 80 10 00 10 80 11 00  11 80 12 00 12 80 14 00  ................
000296F0  14 80 17 08 0A 00 0A 00  0B 80 0A 80 0C 00 0B 00  ................
00029700  0C 80 0D 80 12 00 14 00  15 04 58 10 79 14 BB 1C  ..........X.y...
00029710  FD 24 1E 29 5F 31 7F 35  9F 39 9F B9 DF 41 DF C1  .$.)_1.5.9...A..
00029720  FF 45 FF C5 1F CA 3F 4E  3F CE 5F 52 9F 7B 7F 77  .E....?N?._R.{.w
00029730  7F F7 0E 00 0D 80 10 00  0F 80 0E 00 0E 80 10 00  ................
00029740  0F 80 11 80 11 80 11 00  12 00 13 80 37 08 15 84  ............7...
00029750  15 00 37 88 58 90 7A 94  BB 9C FD A4 1E A9 3F AD  ..7.X.z.......?.
00029760  1E 29 5F B1 7F B5 9F 5A  DF 5E DF E2 FF 62 DF 62  .)_....Z.^...b.b
00029770  DF E2 FF 66 FF E6 FF 66  FF E6 1F 6B 1F 6B 1F EB  ...f...f...k.k..
00029780  1F EB 3F 6F 3F 6F 3F EF  5F 6F 3F EF 5F EF 5F 73  ..?o?o?._o?._._s
00029790  7F 73 5F F3 12 80 12 00  13 80 13 00 14 00 14 80  .s_.............
000297A0  17 88 15 84 15 04 37 0C  16 08 16 88 37 0C 37 88  ......7.....7.7.
000297B0  58 90 37 0C 37 8C 79 14  58 10 58 90 79 10 9B 98  X.7.7.y.X.X.y...
000297C0  79 90 79 94 7A 14 7A 94  9A 18 58 8C 9A 98 DC 1C  y.y.z.z...X.....
000297D0  BB 1C BB 9C FD A0 DC A0  3F AD 5F 31 7F 31 7F B5  ........?._1.1..
000297E0  9F 35 7F B5 9F B9 9F 39  9F B9 BF BD BF 3D BF BD  .5.....9.....=..
000297F0  DF C1 DF 41 FF 45 FF C5  FF C5 FF 45 FF C5 1F 4A  ...A.E.....E...J
00029800  1F 4A 1F CA 3F CA 3F 4E  3F CE 3F 4E 5F 52 5F D2  .J..?.?N?.?N_R_.
00029810  5F 52 5F D2 5F 52 5F D2  7F 56 9F 56 7F D6 9F D6  _R_._R_..V.V....
00029820  9F DA 9F 5A 9F 5A BF 5E  BF DE BF 5E BF DE BB 9C  ...Z.Z.^...^....
00029830  DC 1C DD 20 DD A0 FD 24  FD A4 1E 29 1E A9 3F A9  ... ...$...)..?.
00029840  3F 29 3F 2D 3F AD 5F 31  5F B1 5F B1 1F 4A 5F D2  ?)?-?._1_._..J_.
00029850  5F D2 7F 56 7F D6 9F 5A  9F DA BF 5E BF DE BF 5E  _..V...Z...^...^
00029860  DF 62 FF 66 0A 80 0B 80  0D 80 0E 80 10 80 11 80  .b.f............
00029870  12 80 14 80 15 84 16 88  37 8C 79 90 00 40 00 00  ........7.y..@..
00029880  DF DB DB DA DA AA F2 F1  DA DB EF E5 B8 DA 40 EB  ..............@.
00029890  F0 04 04 04 FD 01 03 04  06 9A 63 E4 B4 B7 FF B7  ..........c.....
000298A0  B6 E7 AD A8 A5 9F 9C FF  A8 AB AB E0 B3 B4 B6 B7  ................
000298B0  BF B9 B9 B1 E7 E6 E1 26  00 E0 FF E0 E0 E1 E3 E5  .......&........
000298C0  B2 C1 CE FF CF CE D5 D5  CC B5 DF DD BD DB 3B 00  ..............;.
000298D0  DD DF E2 E3 DC FF 00 CC  03 05 5A 0B 7E 7E 39 01  ..........Z.~~9.
000298E0  F0 F0 DA DB F7 DA DF E3  FB F2 40 5B 65 8C F7 64  ..........@[e..d
000298F0  62 42 07 02 01 9A 5E AC  FF AE B6 B6 B4 B1 DC A8  bB....^.........
00029900  A8 7F A3 9F A8 AB AD E1  B3 1D 02 ED B6 23 00 E6  .............#..
00029910  E4 A8 02 E7 B0 B5 FF C2  CF CF CE D4 D5 CF C2 F7  ................
00029920  B0 E2 DF BA 00 E2 E3 B0  B2 B8 44 0F 54 0F 03 03  ..........D.T...
00029930  81 E3 E2 39 01 DD FF DB  DD DD E2 DF 5D 00 00 FF  ...9........]...
00029940  08 8D 98 9E A3 A2 9C 9C  FB 93 8C 85 02 92 43 9A  ..............C.
00029950  AC B4 FF B3 B3 B1 DE AB  AB A8 A3 DF AB D9 DC E1  ................
00029960  B1 1D 00 B9 B9 EF B9 B4  B3 B1 26 13 B3 B4 B7 FF  ..........&.....
00029970  BB C5 CF CF CC CF D5 D4  FF CE BC B0 E5 E5 E3 E5  ................
00029980  B0 C7 B2 B5 BB C5 0F D5  0F 03 04 B2 B0 FB E3 E2  ................
00029990  BC 01 E2 E3 E3 95 00 7F  00 5B A0 DF B0 E3 E4 25  .........[.....%
000299A0  00 EF DE AB 9C 5E 89 00  92 43 92 FB A1 B3 24 10  .....^...C....$.
000299B0  E0 AD AB A8 A5 8F D9 DC  DC E4 2B 11 1F 00 10 00  ..........+.....
000299C0  B4 DC A7 11 20 10 BD BF  C7 32 12 D5 CF F7 C8 B8  .... ....2......
000299D0  B2 3F 10 B5 B8 BC C1 78  45 1F 54 1F 03 04 BB B5  .?.....xE.T.....
000299E0  B2 B0 3C 10 FE F4 10 DD  08 04 66 DD BF CC FF C5  ..<.......f.....
000299F0  BC BB B8 B8 B5 B6 B3 BF  E4 D9 67 42 01 9A 8D 10  ..........gB....
00029A00  B7 DF B7 B4 B3 E1 DC 95  10 D9 AD BF DC E1 E4 E1  ................
00029A10  E4 B3 20 10 B7 FF B7 B9  BA B9 B9 BA BA BA DF BE  .. .............
00029A20  C0 C3 C4 CA 32 10 CC D3  FF D5 D3 CF C2 BB B8 BB  ....2...........
00029A30  BB EF BC BF C2 C7 E3 F8  3C 41 5F FF 5F 8D 8D 8D  ........<A_._...
00029A40  65 65 65 64 DF 64 8C 8C  64 60 5D 20 5E 42 EF 42  eeed.d..d`] ^B.B
00029A50  42 3E 06 03 04 C1 BC B8  F7 B5 B5 B2 3E 10 B0 61  B>..........>..a
00029A60  04 9D BE B0 00 D4 CC C2  BF BC 82 20 BB FF B7 B1  ........... ....
00029A70  DE D9 AD A1 63 92 FD AC  21 11 E4 DC AD D9 AB DC  ....c...!.......
00029A80  FF DC DC E0 E0 DC E1 B3  B4 7F B9 BD BE C0 C0 C0  ................
00029A90  BE A8 21 FF C3 C4 C6 C9  D1 D4 D3 CC DF CA CF D4  ..!.............
00029AA0  D3 D3 7F 20 C1 BF EF C2  C5 CA CC E6 F5 05 41 5F  ... ..........A_
00029AB0  FF 65 8D 8F 90 9E A0 98  98 FF 96 94 94 93 93 93  .e..............
00029AC0  91 91 FE DB 20 91 93 93  9F A5 97 64 EB 5E 3E 03  .... ......d.^>.
00029AD0  01 C7 80 20 BB BB B2 FF  B2 B2 DB 08 A9 BF C5 CA  ... ............
00029AE0  9F CE CE C8 BF BB 01 30  84 20 B8 FF B7 B3 B1 E1  .......0. ......
00029AF0  A1 A1 AC BA EF BA B7 B4  E6 95 21 AD AD DC FF DE  ..........!.....
00029B00  DC DB E2 E5 B2 B8 C1 BF  C2 C2 C2 C3 C3 C3 2E 20  ............... 
00029B10  C6 FF C9 CD D0 D2 77 76  CF CA FF CC D3 D3 CF D3  ......wv........
00029B20  CC C5 C8 5F C8 C8 CA CF  D3 E9 F2 04 CC 23 FF 90  ..._.........#..
00029B30  94 A0 DD DA 9E 9B 9B FF  98 98 99 99 97 99 97 97  ................
00029B40  FF 97 99 9C 9C A2 AB E0  AD EF 97 91 8C 62 66 20  .............bf 
00029B50  CC CA C5 77 C2 BF BF 3C  20 6A A9 C2 6F 30 B7 C1  ...w...< j..o0..
00029B60  B8 B2 70 11 E5 B5 3C 20  BB FD BB A6 10 AE AE BD  ..p...< ........
00029B70  BA B6 B6 BF E7 DE DC DC  D9 AD 19 30 D9 BF A4 95  ...........0....
00029B80  9D DB E2 B5 01 30 BF FE  A7 30 C3 C4 C9 D0 D2 D6  .....0...0......
00029B90  D8 FF 7A 7C 78 D4 CF CE  CF CF 6F D4 D4 CE CE B7  ..z|x.....o.....
00029BA0  30 D5 76 C9 26 FF 90 94  94 94 9B DD B2 E2 FF A4  0.v.&...........
00029BB0  9E 9E 9E 9B 9C 99 99 FB  99 9C 60 30 9F A2 A8 AD  ..........`0....
00029BC0  E4 FF E1 A8 9C 93 8E 64  3E 01 FF D3 CF CA C8 C8  .......d>.......
00029BD0  C2 BD C3 FF BC AF C2 CC  C7 BF B2 A9 FB 9D 95 FF  ................
00029BE0  30 98 9E A6 DA B2 FC 83  21 26 20 BA BD B9 B7 B6  0.......!& .....
00029BF0  B1 FD E0 95 20 AD D9 D9  AB A0 5B FF 40 61 5B 0B  .... .....[.@a[.
00029C00  44 95 A9 A9 FF E2 B0 B5  BB BF C2 CC D2 FF D8 7A  D..............z
00029C10  7A 7E 81 81 7B 79 FF D5  CC CE D3 D8 D2 D4 D3 9F  z~..{y..........
00029C20  D5 76 79 7B 40 CD 20 CB  32 94 FF 94 96 9B A6 B2  .vy{@. .2.......
00029C30  BF B0 AA DF A0 A0 9E 9E  9C 59 44 A2 A5 FF A8 DE  .........YD.....
00029C40  B1 B3 AD 9F 9C 97 FE EA  30 76 D5 CF CF CD C9 C6  ........0v......
00029C50  FF C9 BE C1 CA CA BC E2  9D FF 47 4C 4C 4C 4B 4A  ..........GLLLKJ
00029C60  49 47 AF 47 68 DA E5 A7  30 BD A8 21 BA F3 B7 B7  IG.Gh...0..!....
00029C70  13 21 99 30 AB A6 94 08  FF 5B 04 31 39 33 2B 09  .!.0.....[.193+.
00029C80  3C FF 3C 61 9D DD E2 BB  CA D4 FF 79 7C 7E 81 82  <.<a.......y|~..
00029C90  82 80 7D FF 7D D7 CC CD  D6 77 D6 D8 FF 76 78 7B  ..}.}....w...vx{
00029CA0  7D 65 8F 90 94 FB 96 98  56 30 98 9B 9B A0 E2 FF  }e......V0......
00029CB0  C2 C5 B8 DB A4 A4 A0 A0  F1 9F DF 30 DC 40 61 40  ...........0.@a@
00029CC0  D9 E1 B6 B6 EF E0 A3 9F  99 E9 30 7B 79 76 DF D5  ..........0{yv..
00029CD0  D2 D0 CD D0 3E 30 C5 E5  DF 9D 4A 50 E8 52 FF 41  ....>0....JP.R.A
00029CE0  4E 4C 8F 4A 68 DB B0 A7  30 A6 21 10 31 E4 F7 DC  NL.Jh...0.!.1...
00029CF0  DC C3 95 20 AA 5B 08 40  FF 33 3B 39 33 37 37 2D  ... .[.@.3;9377-
00029D00  2D FF 0A 2B 0A 66 DA B5  C7 D4 FF 7B 7F 82 85 85  -..+.f.....{....
00029D10  82 80 83 FF 80 D7 CC D1  7A 77 7A 78 97 7D 7D 7F  ........zwzx.}}.
00029D20  C6 41 9B D6 30 47 50 9E  FF A4 B5 CC C8 BF E2 AA  .A..0GP.........
00029D30  A6 FF A4 A4 A2 9F A2 A2  A2 A3 FF A5 A5 A8 AB DC  ................
00029D40  B1 B9 B7 FB E4 A8 68 40  93 8E 7D 7B 78 FF 77 D8  ......h@..}{x.w.
00029D50  D1 D1 D3 CE CC CA DF B5  A9 4B E8 EB 7D 54 57 52  .........K..}TWR
00029D60  FF 4E 68 DB BB BF C1 C1  C3 FF C0 C0 BD BA B9 B6  .Nh.............
00029D70  E6 DE FF DE C3 E0 DC DC  A1 06 61 FF 09 37 37 09  ..........a..77.
00029D80  02 09 2B 31 FF 33 37 39  39 35 31 44 DB FF B5 C5  ..+1.379951D....
00029D90  D5 7F 83 87 87 85 FF 84  84 80 D5 CE D8 7C 7C 6F  .............||o
00029DA0  7C 7B 7F 7F D5 30 A0 9E  55 41 FF A0 9E A4 DB C2  |{...0..UA......
00029DB0  CF CE C5 9B B0 DA 55 50  A5 A3 5E 50 5F 51 D9 FF  ......UP..^P_Q..
00029DC0  E0 B4 BA B9 B3 AB A3 9C  FF 99 93 91 7F 7D 7D 7A  .............}}z
00029DD0  77 FF D6 D7 D5 CF CE C2  E2 4C FF 55 ED EF F1 F3  w........L.U....
00029DE0  F2 F3 F3 FF F2 F2 ED EB  57 4A 98 E3 FB BF C1 26  ........WJ.....&
00029DF0  30 C0 BD BD B9 B6 FF E7  E1 E0 C4 E1 E1 E4 69 3F  0.............i?
00029E00  3E 63 30 3A 30 03 EB F0  A3 52 FF 35 37 35 2D 66  >c0:0....R.575-f
00029E10  DB B2 CE FF 7B 80 83 83  84 86 86 7F FF D5 D4 7C  ....{..........|
00029E20  7E 7E 7D 7D 7D FA D5 41  A0 44 61 A0 A4 A6 B0 CC  ~~}}}..A.Da.....
00029E30  5F D3 CE C8 B5 DB D5 50  A8 5F 50 F4 5C 60 19 10  _......P._P.\`..
00029E40  E0 0F 00 B4 DE A5 A2 FE  6A 50 7F 7F 7B 7C 7A D7  ........jP..{|z.
00029E50  D5 EF D4 D3 CA B8 FA 50  F1 1B 1F BF 21 22 22 21  .......P....!""!
00029E60  1F 1B 04 60 E8 F7 48 DB  BC 0C 61 C3 BE BD BA FF  ...`..H...a.....
00029E70  B7 B1 E4 C4 C4 C6 E4 E7  FF 6C 92 43 36 38 2A 01  .........l.C68*.
00029E80  04 FF 08 08 04 02 00 02  02 09 FF 2F 33 33 33 2D  .........../333-
00029E90  9E DF BF FB D5 7D 35 60  84 83 7D 79 7D 9F 7E 7E  .....}5`..}y}.~~
00029EA0  7F 7D 7B 55 51 C5 63 A6  B7 DA BC D3 75 50 B8 DD  .}{UQ.c.....uP..
00029EB0  F0 F0 AB FE 19 00 AB AB  A5 A3 9A 9A 9A AB E0 E1  ................
00029EC0  81 10 A8 E9 50 97 40 60  7E FF 7C 76 D7 D7 D4 CA  ....P.@`~.|v....
00029ED0  4C EB FF ED F2 1F 22 26  28 28 28 FF 26 24 21 1D  L....."&(((.&$!.
00029EE0  F1 EF 57 4D F3 DD BB 23  30 8F 62 B9 B3 B1 C6 F7  ..WM...#0.b.....
00029EF0  C6 C9 E7 24 10 E7 E4 D9  9F FD 65 FF 30 66 5B 40  ...$......e.0f[@
00029F00  40 40 08 7C AA 60 A6 50  5B 66 AF CA 76 34 61 FF  @@.|.`.P[f..v4a.
00029F10  83 80 80 7A 7E 80 7B 76  FA F1 F1 A6 47 71 AA DA  ...z~.{v....Gq..
00029F20  DF C7 D5 F6 75 50 BB DF  EE F0 D9 AB D9 AB FF A3  ....uP..........
00029F30  92 63 43 06 07 07 07 DF  03 3E 92 E1 D9 69 60 99  .cC......>...i`.
00029F40  7B FF 7D 7D 7B 7B 79 79  76 D4 FF C7 55 F1 F3 1F  {.}}{{yyv...U...
00029F50  24 28 28 FD 29 7F 70 28  24 21 1B F1 ED DB 52 DD  $((.).p($!....R.
00029F60  22 31 C3 C0 11 71 B4 E7  FE 17 70 B3 B6 BA BA BD  "1...q....p.....
00029F70  B7 E6 FF A8 90 DB B0 B0  E3 DD AA F7 9E 90 61 2A  ..............a*
00029F80  70 02 09 31 0A FF 3D 41  A9 BF D5 7F 80 80 FF 80  p..1..=A........
00029F90  7F 76 CF 78 7F 79 D3 76  EE F8 B2 CF F5 50 CE BF  .v.x.y.v.....P..
00029FA0  E3 39 00 FE 99 40 9C 5E  2A 30 34 34 32 BF 32 32  .9...@.^*0442.22
00029FB0  2C 07 03 43 96 10 9F F9  9C 6E 70 6E 50 79 76 D3  ,..C.....npnPyv.
00029FC0  55 ED E7 F3 1D 24 7E 72  80 73 F3 EF 55 FD DF 22  U....$~r.s..U.."
00029FD0  33 C0 BE BA B9 B7 B3 DF  C9 C6 CB B4 B7 A3 20 BA  3............. .
00029FE0  E4 FF A6 94 B0 C5 C7 C7  C7 C5 FF BF B2 DF A6 96  ................
00029FF0  61 40 04 FF 02 2B 2D 40  3D 6A B8 D3 FF 7D 80 7F  a@...+-@=j...}..
0002A000  7B CF C2 D5 7D BB 76 CE  6E 07 E3 BF D3 D0 72 E5  {...}.v.n.....r.
0002A010  FF E2 DF DF DE D9 9F 5E  30 FF 3A 3A 36 30 2C 2C  .......^0.::60,,
0002A020  2C 2B CF 07 2A 30 43 95  01 EE 72 7B 78 DE F5 70  ,+..*0C...r{x..p
0002A030  EF ED ED 1F FC 76 26 22  CF 1B F1 EB E2 0B 71 8E  .....v&"......q.
0002A040  72 BD B7 DF B4 C9 C9 CD  B6 A2 20 BD B3 7F DC A0  r......... .....
0002A050  94 B2 C5 C8 CC B9 30 BF  D4 CF C5 B5 DD 98 AB 70  ......0........p
0002A060  09 FF 31 2D 5B 61 AF CC  79 7B 9B D5 C7 31 60 D5  ..1-[a..y{...1`.
0002A070  C8 EE 03 3D 01 B5 F7 CC  D5 D5 32 00 C1 B2 E5 E3  ...=......2.....
0002A080  FF E2 DC 9F 43 34 3A 38  32 FB 09 02 24 60 02 00  ....C4:82...$`..
0002A090  2A 32 43 CF 9A 92 A5 A3  40 60 71 81 79 CF 3F 55  *2C.....@`q.y.?U
0002A0A0  4E 0F 0D 49 F3 FD 74 82  70 9F 1D F2 EF B0 BF 24  N..I..t.p......$
0002A0B0  30 8D 63 B7 FF CD CB CB  CD CD BA BD C0 BF BD E6  0.c.............
0002A0C0  AB 98 90 A4 55 60 DB FF  DD E2 B0 BC C5 C8 C7 BB  ....U`..........
0002A0D0  FF DD A0 65 40 04 2B 31  2B FF 65 72 C5 CF CC BF  ...e@.+1+.er....
0002A0E0  DD CC F7 79 D3 C7 6E 14  DF E2 B0 C2 FE 35 11 CF  ...y..n......5..
0002A0F0  CF C2 B5 B0 B0 DF 3F 9C  43 35 39 33 2F E1 80 E9  ......?.C593/...
0002A100  F2 FF 02 36 43 67 06 A2  A5 7D FD 7F EE 50 7B 7B  ...6Cg...}...P{{
0002A110  76 CE 4D 0B DF 09 04 04  0F 1D 7D 86 1F F3 E9 F2  v.M.......}.....
0002A120  8B 60 24 30 C4 0E 61 B9  CD CD FF CD D0 D0 BA BD  .`$0..a.........
0002A130  C3 C3 BD FF E7 DA 94 5D  45 46 46 46 FF 44 45 44  .......]EFFF.DED
0002A140  45 6A 9D AF B2 BF B2 E5  A6 96 65 5B A6 60 08 FF  Ej........e[.`..
0002A150  AA B8 BB B2 A6 C8 D5 CC  ED BF EE 15 B0 BC B4 01  ................
0002A160  CC CF CF 7F C5 BB B5 E2  94 0A 37 A2 40 FE 5F 91  ..........7.@._.
0002A170  08 5D 61 5B 08 09 3A 9F  43 63 2E A5 A8 BA 70 EF  .]a[..:.Cc....p.
0002A180  71 79 AF CE 0F 02 04 FE  F0 4E 7D 86 21 EF 1B F2  qy.......N}.!...
0002A190  C7 C5 7B 30 C1 C4 C4 FA  0F 60 BA 96 94 C0 C4 C3  ..{0.....`......
0002A1A0  B3 DB F7 A0 49 4D FD 40  50 4E 50 4E FF 4B 49 46  ....IM.@PNPN.KIF
0002A1B0  46 6A 95 A0 9E FF 94 90  8D 5F 08 04 08 66 7F AA  Fj......._...f..
0002A1C0  DF 9E CE D4 CE C2 6E 23  CF B0 B2 B8 C8 B5 11 D1  ......n#........
0002A1D0  90 C7 BC 7F B0 66 31 39  39 31 09 DF 91 FF 65 8F  .....f1991....e.
0002A1E0  96 A0 9B 9B 6A 0C 9F 43  63 38 A8 AB 3B 70 6F 90  ....j..Cc8..;po.
0002A1F0  7B 6F 78 CF 0E 00 5F 91  0F 22 FF 96 6F 1D F2 CA  {ox..._.."..o...
0002A200  C8 7B 30 C3 C4 10 A0 FF  BD BD D0 D0 D0 D1 D0 BD  .{0.............
0002A210  FE 1C A1 B7 DE DA 4A EB  ED F1 DF F2 F3 1D 21 21  ......J.......!!
0002A220  82 60 F3 F2 FF EB E8 49  0B 0B 9B 96 96 AD 66 28  .`.....I......f(
0002A230  70 90 A0 35 10 C8 EE 23  B8 D7 BB C2 CF 36 20 CC  p..5...#.....6 .
0002A240  51 A1 B5 66 BF 33 39 37  2F 02 3D DC A0 94 FF A0  Q..f.397/.=.....
0002A250  DA DF B0 B0 E2 A9 9D 3F  66 63 2E AB AB 83 6E A1  .......?fc....n.
0002A260  6E 50 9B CA 0D 78 A2 0C  1B FF 73 83 70 1D EF F2  nP...x....s.p...
0002A270  CC CC C7 25 30 C6 C6 C4  F7 C0 BD D1 96 A1 D1 D1  ...%0...........
0002A280  BE C0 FF C4 C4 BD E1 E3  4C F1 1B 3F 1D 1D 1F 22  ........L..?..."
0002A290  22 24 80 60 2E B1 FB 4D  0C FE F0 0C 9E A4 9D 66  "$.`...M.......f
0002A2A0  3F 94 E3 D7 78 79 D4 6E  32 BD 20 FA 36 30 D4 34  ?...xy.n2. .60.4
0002A2B0  31 CF BB 95 35 3B F7 35  2B 04 DC A0 45 45 45 A0  1...5;.5+...EEE.
0002A2C0  FF A0 E6 B4 B9 B9 B2 DD  9D CF 67 43 DC D9 39 71  ..........gC..9q
0002A2D0  C0 60 7B CF 63 0D 00 F9  90 FC A6 02 70 F3 F2 EF  .`{.c.......p...
0002A2E0  30 C7 C5 C2 C4 10 B4 95  B0 1A B2 C6 C3 9B BA E2  0...............
0002A2F0  23 B0 1F 1F 2E B2 A8 B3  F2 FD 49 E1 81 04 46 DA  #.........I...F.
0002A300  E2 B2 C8 6F 7B 80 7D 7F  EE 32 C8 C5 51 B0 FE B8  ...o{.}..2..Q...
0002A310  20 CA CF D7 C8 9D 33 3B  FF 35 09 05 3C 3D 46 68   .....3;.5..<=Fh
0002A320  47 DF 48 47 45 A0 E1 A1  20 BA B5 9F DD A8 67 AD  G.HGE... .....g.
0002A330  D9 B8 60 EF 91 7B E5 D7  F7 A3 0E 7D 92 00 72 1B  ..`..{.....}..r.
0002A340  F2 CF 0A C2 A0 C3 0F B2  BE 19 B0 15 C1 9C B1 11  ................
0002A350  B0 CF 4A 4E F1 1D 26 B0  A6 B8 4C 0B FF 04 0B 4A  ..JN..&...L....J
0002A360  52 AF DB B5 D4 E0 34 61  6E 41 BC 30 A9 80 B6 30  R.....4anA.0...0
0002A370  D4 78 CE DF A9 33 3B 33  09 5A B0 46 48 FF 49 4A  .x...3;3.Z.FH.IJ
0002A380  4B 4A 48 AA AA E7 FD B9  93 80 E6 D9 A3 DC AD 84  KJH.............
0002A390  66 EE B3 7B 7B 34 B0 24  60 0E 1B FF 60 BE 00 73  f..{{4.$`...`..s
0002A3A0  F3 F1 CC C8 C7 90 90 C4  CC 11 B0 15 C4 D1 D1 AD  ................
0002A3B0  20 9F C0 C4 BC 7F 4D 4D  4E E8 EB F3 1B 25 B1 FE   .....MMN....%..
0002A3C0  29 C2 1D F2 F2 1F 1D EF  C2 D7 B8 C5 79 B7 60 86  )...........y.`.
0002A3D0  EE 41 D3 D4 FB D2 D8 75  50 D5 79 7B D7 E3 FE 54  .A.....uP.y{...T
0002A3E0  C0 02 04 3C 41 68 4C 4D  FE DC C0 4C 49 44 9E E1  ...<AhLM...LID..
0002A3F0  B3 BD 7F BD BA B1 DC AD  DC DC B8 60 F9 83 71 A2  ...........`..q.
0002A400  77 C2 04 4A 1F 24 26 DF  26 26 24 22 21 AE A0 75  w..J.$&.&&$"!..u
0002A410  CC 93 CA C7 9F C1 91 C9  D1 AE 20 20 D0 C5 FE 84  ..........  ....
0002A420  20 BB 4C 4D 4E 50 E8 55  F8 A4 A0 7D 60 2E B1 1F   .LMNP.U...}`...
0002A430  1B 75 C8 D7 DF 7F 83 86  86 89 6E 50 76 D8 FE BB  .u........nPv...
0002A440  40 CD CC D7 7D 7F 7B BC  7B 45 39 D5 C1 5D 48 4D  @...}.{.{E9..]HM
0002A450  52 26 A1 BF 4D 4A 45 9B  DD E7 E6 C0 B3 F6 95 30  R&..MJE........0
0002A460  D1 86 EE B2 7B 7B 7B 55  3F 0D 04 0A 0B 0F EB 28  ....{{{U?......(
0002A470  B2 07 A0 BF 76 D3 CF CE  CC C8 0D D2 C6 DF C4 87  ....v...........
0002A480  85 81 7E 32 40 7C 7A 3A  19 B0 C6 96 90 CD C9 C5  ..~2@|z:........
0002A490  F0 20 83 21 9D BB FA 20  CA CC D7 7E 61 81 60 79  . .!... ...~a.`y
0002A4A0  5B 76 7D C0 C0 86 89 EE  50 78 3C 50 FF D1 CC D7  [v}.....Px<P....
0002A4B0  80 83 7D C2 6A FF 33 31  02 05 3C 45 49 50 FF 55  ..}.j.31..<EIP.U
0002A4C0  57 57 55 E8 52 4E 4B FF  46 9B DB E1 BA BE BA B3  WWU.RNK.F.......
0002A4D0  FF E4 DE DC D1 89 86 86  87 FD 83 70 70 7D F3 EB  ...........pp}..
0002A4E0  4C 4D E8 AD EF AB C0 F3  7B F3 60 D5 37 30 CE FD  LM......{.`.70..
0002A4F0  CC 20 D1 C9 C9 C6 D1 87  82 ED 7E 32 51 81 7C 15  . ........~2Q.|.
0002A500  C3 D6 E0 E7 DF C0 C2 BF  B5 B0 2A 40 C1 BB 8F B8  ..........*@....
0002A510  C2 CE CF BF 40 C0 50 6E  60 D5 BF 7D 84 87 84 89  ....@.Pn`..}....
0002A520  8A 6E 61 7C FF 7C D8 CE  D5 80 86 83 C8 FF 6A 31  .na|.|........j1
0002A530  2F 04 3C 3D 47 4B FF 55  57 ED ED EF ED 57 E8 FF  /.<=GK.UW....W..
0002A540  50 4C 47 9B DA E0 B4 BE  DF BA B6 E4 E0 E0 ED D3  PLG.............
0002A550  7F 7B 3A 34 E0 80 C0 B0  78 79 D3 BC 30 4B B1 F7  .{:4....xy..0K..
0002A560  C7 B5 BC 18 B0 D0 D0 CD  CD BE 19 B0 85 7C D2 D8  .............|..
0002A570  82 18 E0 81 7E 94 C5 77  E6 B6 C9 C7 B8 49 A1 BF  ....~..w.....I..
0002A580  CC BC B0 B8 D3 79 74 D0  7B BF 78 78 79 78 CA D3  .....yt.{.xxyx..
0002A590  3E E1 59 FE EE 61 7E 7C  D4 D5 7F 86 83 F7 CF 9D  >.Y..a~|........
0002A5A0  33 52 E1 48 4C E8 EB FB  EF F2 AE A0 ED 55 52 4D  3R.HL........URM
0002A5B0  48 F7 9B DA DE 66 E1 B1  E1 E1 D1 7F 8A 89 84 87  H....f..........
0002A5C0  87 7D 76 EE 71 FE F1 83  BB BF CC D7 76 D8 C3 BB  .}v.q.......v...
0002A5D0  B9 C6 8A E0 C4 B1 E0 15  C2 7C 7F CD B3 B7 D6 82  .........|......
0002A5E0  82 7E 9B E6 7E 19 B0 B6  BD C6 CD C6 B3 AB 40 7F  .~..~.........@.
0002A5F0  CA BF E5 E5 B5 D4 76 EF  40 FF D5 D4 CF B5 85 85  ......v.@.......
0002A600  83 8A AF 59 7B 7D 7F 3E  60 79 BD D0 D4 EF 9D 31  ...Y{}.>`y.....1
0002A610  2F 02 DA B0 4D E8 ED FF  F3 F3 1D 1F 1D 1B F1 57  /...M..........W
0002A620  F3 52 4C E2 E2 12 71 E6  D1 D1 59 CE EF E1 D2 CE  .RL...q...Y.....
0002A630  79 34 E0 74 D0 7A C6 FF  B1 B9 D2 D8 D6 D2 B9 E6  y4.t.z..........
0002A640  BF BD C9 D0 C9 B7 E4 15  C4 D8 3D C0 1F 10 D0 82  ..........=.....
0002A650  7E 7E 1C F8 1A B0 FF C3  CD D8 CB E6 E0 BA D0 DF  ~~..............
0002A660  D0 C3 B1 E2 B8 7C E0 C8  BF EF B0 BA 82 82 40 F0  .....|........@.
0002A670  76 7B 80 FF 7E 7E 80 80  83 84 78 E3 3F 0B 2F 02  v{..~~....x.?./.
0002A680  05 3D 45 FA D0 59 F0 FF  1F 21 1F 1D F3 ED E8 4D  .=E..Y...!.....M
0002A690  7F 48 9E DB DE B6 BE BD  94 70 BE 6C F0 8A 83 85  .H.......p.l....
0002A6A0  85 B6 B5 10 D7 FE 36 F0  D6 E6 DE B1 CB D1 CD B7  ......6.........
0002A6B0  BA E1 B3 29 F0 BD B6 94  C6 D6 7F BD B7 B6 B7 BA  ...)............
0002A6C0  D1 7C 1B E4 FC 94 C6 BD  50 7E 7A B1 BD D1 7C FF  .|......P~z...|.
0002A6D0  77 CB B2 E3 BB 79 78 78  FF 7D 81 81 81 80 8A 58  w....yxx.}.....X
0002A6E0  D3 EF 79 7F 78 76 B8 70  7B B8 44 65 2B D0 F0 68  ..y.xv.p{.De+..h
0002A6F0  FA D1 A6 B3 1F 1B DF F3  DB E1 B4 91 60 B6 B3 EC  ............`...
0002A700  F2 82 82 FF BA B1 BF C8  D3 79 78 B8 F7 E2 B0 C1  .........yx.....
0002A710  99 90 E0 E6 CB D8 63 CD  C3 9C F9 13 00 64 60 BE  ......c......d`.
0002A720  77 1B 0D FD 82 AB 00 85  87 88 88 86 84 DE 72 E0  w.............r.
0002A730  7B 7D 80 80 99 E0 81 83  FF 8A 58 CE 76 7D D5 CF  {}........X.v}..
0002A740  7B EF 7F 7B C2 95 CF F1  44 4C 57 F8 24 B0 A7 B0  {..{....DLW.$...
0002A750  80 61 1D EF 55 4E 48 EF  9E DD E1 B4 12 91 B4 D1  .a..UNH.........
0002A760  D1 D7 58 8A 80 3D 00 7E  B8 E0 BB E3 FF B2 CA 76  ..X..=.~.......v
0002A770  7B CF BC B1 7A E9 7E BD  50 9C FA D2 10 40 BD C3  {...z.~.P....@..
0002A780  BE FD D2 9B 0F 85 88 88  8B 89 89 E7 8A 8A 86 B3  ................
0002A790  00 3B 70 81 7E 7C FF 7E  80 8A 28 C8 D5 7B CF 5F  .;p.~|.~..(..{._
0002A7A0  C7 76 76 C8 9D 59 B2 4C  78 70 1C D8 F1 B6 D2 1D  .vv..Y.Lxp......
0002A7B0  F1 57 E1 04 93 90 09 00  87 58 8A 83 3D 00 B3 41  .W.......X..=..A
0002A7C0  35 E0 36 61 88 AF 87 85  82 82 1C 0C D2 2A 20 C3  5.6a.........* .
0002A7D0  F7 C6 C4 CD 1B 1E 85 87  8B 5A 7F 5A 5A 59 59 8A  .........Z.ZZYY.
0002A7E0  89 89 B3 00 FC BB 00 2C  00 7F 89 28 C7 D3 79 7F  .......,...(..y.
0002A7F0  CC BB CF C5 E3 0B 08 DC  A0 E7 4A 55 EF D5 04 2C  ..........JU...,
0002A800  B1 1D F2 57 3F 50 49 9E  DD E0 B7 12 A1 19 B0 97  ...W?PI.........
0002A810  28 8A 80 3D 10 81 35 50  36 61 8B E2 FC 11 88 1C  (..=..5P6a......
0002A820  0C 11 10 AB 20 C6 CD CB  5E 1A 1F 82 82 77 7C AE  .... ...^....w|.
0002A830  10 8B 30 10 FC B7 11 3C  10 7A 7C 7F 83 59 BF 7F  ..0....<.z|..Y..
0002A840  CC D5 CC B2 BF DF 44 A5  40 C7 0B 49 4E F8 70 D5  ......D.@..IN.p.
0002A850  14 80 61 F2 57 3F 52 49  9E DA E1 BA 92 A0 EA 12  ..a.W?RI........
0002A860  F3 89 7F 02 10 F4 11 84  86 88 8B 68 AE 10 02 2E  ...........h....
0002A870  10 11 C3 AF 20 D2 D6 1A  0E FF 82 82 D6 C6 BE CD  .... ...........
0002A880  D1 81 CF 88 88 88 87 EE  B1 3C 20 77 7A FF 7B 7F  .........< wz.{.
0002A890  84 C2 CE D4 CF DF FF E2  5B 0A 3C 05 04 0A 0E A9  ........[.<.....
0002A8A0  4E 52 22 56 24 22 5E 20  E8 E2 10 B3 B9 C3 12 B0  NR"V$"^ ........
0002A8B0  EA 11 59 83 7F 3D 20 7E  E3 7F 80 AF 01 81 2F 0D  ..Y..= ~....../.
0002A8C0  14 C9 C6 CD E7 D6 D6 7C  1A E5 94 C6 81 7C CD CB  .......|.....|..
0002A8D0  D6 85 2B 01 85 B4 50 B3  41 7C 77 BF D8 77 76 7B  ..+...P.A|w..wv{
0002A8E0  7F C8 CE 90 AA 6F 61 04  04 05 7A A0 0A 4C D3 27  .....oa...z..L.'
0002A8F0  5C 2B B0 DE 22 9B E6 C0  11 B1 BD 19 B0 2F 84 7F  \+.."......../..
0002A900  7B 7A 40 40 7E 83 1D 06  1B 8F CD C9 D6 D6 BC 50  {z@@~..........P
0002A910  9B D1 1F 3A 7A 5F BE 82  D6 C9 85 33 50 87 33 50  ...:z_.....3P.3P
0002A920  F7 82 7E 7C 01 E0 D6 D5  76 78 FF D4 79 78 76 B5  ..~|....vx..yxv.
0002A930  5B 08 44 E5 0F 4C 31 4D  D5 26 B6 D1 1B ED 57 0F  [.D..L1M.&....W.
0002A940  50 47 A4 B6 90 C1 14 C2  60 94 EF 39 09 01 01 4F  PG......`..9...O
0002A950  05 40 7E 96 D1 32 50 B0  00 AE 11 FF 8B 5A 8B 88  .@~..2P......Z..
0002A960  85 81 D8 C0 1F 81 C6 DE  BD D6 B4 30 AB 01 3C 20  ...........0..< 
0002A970  FF 7E 7A D6 D2 D1 D1 7F  7D FF 80 7B 4D 0B 72 75  .~z.....}..{M.ru
0002A980  4C 04 CF 00 02 0D EB A8  B6 80 60 1D ED 3F 57 4C  L.........`..?WL
0002A990  49 68 B0 BE E5 3F F6 3F  3C 86 4C 1B 42 87 87 88  Ih...?.?<.L.B...
0002A9A0  87 7B 21 23 41 FF 88 87  7E 77 CD 7E D6 BE C7 AD  .{!#A...~w.~....
0002A9B0  B3 D6 1B 40 37 42 BB 41  D8 77 FD D2 37 11 4B 75  ...@7B.A.w..7.Ku
0002A9C0  78 78 EB 4B F7 0D 0F 52  A7 B8 1F F1 E8 49 1F DA  xx.K...R.....I..
0002A9D0  DB E5 B5 C0 0F D2 69 4F  7B 4F 20 08 5A AD 00 9A  ......iO{O .Z...
0002A9E0  41 21 42 31 21 87 17 40  3C 20 3F B9 E1 E6 CD D8  A!B1!..@< ?.....
0002A9F0  81 18 E0 F3 10 E8 38 50  C6 E0 6E D1 83 C0 B0 F3  ......8P..n.....
0002AA00  ED EB FD EB 32 D5 1D F3  EF 57 C1 B2 07 B2 B5 BF  ....2....W......
0002AA10  8E A0 9F C2 86 03 F0 4F  FF 4F 40 89 56 F2 20 2B  .......O.O@.V. +
0002AA20  11 A2 43 27 40 BB 41 7E  AB 40 FF E6 AB E7 C0 CD  ..C'@.A~.@......
0002AA30  D1 D6 77 C9 77 98 D0 99  E0 85 EE D0 F0 C0 7D 7F  ..w.w.........}.
0002AA40  FC 26 C1 52 54 CE CC CC  CA C8 C7 DF C7 C3 BD B9  .&.RT...........
0002AA50  BD 1F D2 C6 C4 FC 15 C3  71 58 3C 41 5F 5F 8D 8D  ........qX<A__..
0002AA60  FF 8D 65 65 65 64 64 8C  8C FB 64 60 08 60 5E 42  ..eeedd...d`.`^B
0002AA70  42 42 3E C1 06 89 57 72  21 AE 01 26 40 FC 10 87  BB>...Wr!..&@...
0002AA80  7A FC BB 42 47 E0 C3 B3  DE A8 AD AD FF D9 DE AD  z..BG...........
0002AA90  E1 E1 E4 E7 B1 4D B6 EE  D0 84 84 EF 90 B4 D4 76  .....M.........v
0002AAA0  7E E0 FF C7 BC C7 D3 D5  D0 B7 E1 CB BA CB 8B E2  ~...............
0002AAB0  CD 07 F0 69 5A 05 41 FF  5F 65 8D 8F 90 9E A0 98  ...iZ.A._e......
0002AAC0  FF 98 96 94 94 93 93 93  91 FD 91 86 60 91 93 93  ............`...
0002AAD0  9F A5 97 C7 64 5E 3E 0E  47 99 42 FC 13 85 7A 79  ....d^>.G.B...zy
0002AAE0  7A 2B 62 17 40 7A D1 C3  BE 94 10 33 BA B9 BA 62  z+b.@z.....3...b
0002AAF0  EE E1 84 7D 4D D0 38 E1  FE F2 71 C1 E2 BC CF D7  ...}M.8...q.....
0002AB00  D6 C3 97 E7 B4 C9 09 F2  D6 14 D7 62 92 04 FE 77  ...........b...w
0002AB10  63 90 94 A0 DD DA 9E 9B  FF 9B 98 98 99 99 97 99  c...............
0002AB20  97 FF 97 97 99 9C 9C A2  AB E0 1F AD 97 91 8C 62  ...............b
0002AB30  11 66 F3 10 AF 01 1E B4  20 85 85 77 77 AC 66 3C  .f...... ..ww.f<
0002AB40  20 AC 62 76 C6 E0 7C 7C  6E F1 84 D3 CA B9 E0 BE   .bv..||n.......
0002AB50  76 F1 76 C5 DF B2 C8 81  F0 B3 CB AD B4 87 F2 77  v.v............w
0002AB60  9C F9 74 66 90 94 FF 94  94 9B DD B2 E2 A4 9E FF  ..tf............
0002AB70  9E 9E 9B 9C 99 99 99 9C  FE 0B 70 9F A2 A8 AD E4  ..........p.....
0002AB80  E1 A8 8F 9C 93 8E 64 94  6A 9C 40 35 31 D8 C0 2C  ......d.j.@51..,
0002AB90  70 2B 65 18 42 AC 01 34  30 EE F2 B5 CF F7 D4 D5  p+e.B..40.......
0002ABA0  D5 F8 F0 CE E5 E2 B3 4D  CD 00 00 E0 B1 05 0B 15  .......M........
0002ABB0  C3 40 78 60 FE 76 72 94  94 96 9B A6 B2 BF 7F B0  .@x`.vr.........
0002ABC0  AA A0 A0 9E 9E 9C 04 84  FF A2 A5 A8 DE B1 B3 AD  ................
0002ABD0  9F DB 9C 97 95 7A 81 82  A5 72 81 D6 85 D8 2B 71  .....z...r....+q
0002ABE0  7A 3D 20 2C 00 B9 72 A3  72 88 5A 6E 03 B0 75 04  z= ,..r.r.Zn..u.
0002ABF0  B1 C3 7E 06 D8 82 3E BF  65 8F 90 94 96 98 01 70  ..~...>.e......p
0002AC00  98 FF 9B 9B A0 E2 C2 C5  B8 DB 1F A4 A4 A0 A0 9F  ................
0002AC10  8A 70 87 80 0C 80 FF D9  E1 B6 B6 E0 A3 9F 99 AC  .p..............
0002AC20  94 70 89 53 03 03 95 41  85 B5 31 7E 07 D6 D8 D8  .p.S...A..1~....
0002AC30  2C 83 AC 61 3A 51 1B 54  EE 03 D5 7D F5 03 CB 9A  ,..a:Q.T...}....
0002AC40  00 BD 00 1D 82 7E C8 C3  C0 BF 21 71 81 9B 81 70  .....~....!q...p
0002AC50  F2 80 9E A4 FF B5 CC C8  BF E2 AA A6 A4 FF A4 A2  ................
0002AC60  9F A2 A2 A2 A3 A5 FF A5  A8 AB DC B1 B9 B7 E4 1D  ................
0002AC70  A8 13 80 93 8E 5E 9B 83  9F 82 A5 80 02 38 50 D2  .....^.......8P.
0002AC80  96 30 AB 76 2B 51 1A 41  C0 82 70 12 20 78 E0 78  .0.v+Q.A..p. x.x
0002AC90  13 26 71 82 17 26 71 80  70 20 3E 22 F6 80 70 A0  .&q..&q.p >"..p.
0002ACA0  9E 00 81 A0 9E A4 DB BF  C2 CF CE C5 B0 DA 00 90  ................
0002ACB0  A5 B9 A3 09 90 0A 91 D9  E0 B4 68 F0 AB 3F A3 9C  ..........h..?..
0002ACC0  99 93 91 8C 94 61 1E 94  7B 03 03 99 F0 7C D1 D2  .....a..{....|..
0002ACD0  D2 AB 80 00 C7 D0 2B 60  C7 D0 2C 72 20 71 EE 14  ......+`..,r q..
0002ACE0  C8 F0 7B 11 81 8A B4 10  00 25 31 21 B2 01 BA 16  ..{......%1!....
0002ACF0  80 81 A0 FE EF 91 A0 A4  A6 B0 CC D3 CE 97 C8 B5  ................
0002AD00  DB 80 90 A8 0A 90 07 A0  AB FF D9 DC E4 B7 BA B9  ................
0002AD10  B6 DE DB A5 A2 15 90 91  62 9C 81 2A 2A FE A0 80  ........b..**...
0002AD20  03 07 03 01 00 7A 77 A8  98 B0 AD 90 AF 83 77 81  .....zw.......w.
0002AD30  F0 D2 AB 90 D0 67 CD D0  D6 6E 29 31 10 59 59 5B  .....g...n)1.YY[
0002AD40  94 C0 FC 12 35 13 38 50  3E 12 00 91 70 A3 A6 DA  ....5.8P>...p...
0002AD50  FB BC D3 CB C0 B8 DD DA  DA AA F7 AB A8 AB 86 A1  ................
0002AD60  AD DC DE E7 3F B7 B9 B9  B6 E1 A8 94 90 16 90 ED  ....?...........
0002AD70  06 1D A0 2C 2C 25 A0 03  07 07 1F 03 02 00 D8 CD  ...,,%..........
0002AD80  17 B0 AD 91 B8 90 FE 81  F0 D0 C6 C4 BD B6 E4 D9  ................
0002AD90  64 04 A0 EE 24 81 4B A3  24 17 87 88 35 11 F8 B6  d...$.K.$...5...
0002ADA0  02 3C 50 BE 02 DA AA AA  AA A6 BE F2 A1 AA DA DF  .<P.............
0002ADB0  C7 D5 CB C0 BB FF DF DB  DB DA D9 AB D9 AD FB D9  ................
0002ADC0  D9 8B A0 E0 B1 B9 B9 B7  B7 B6 E6 D9 14 A0 99 97  ................
0002ADD0  19 A0 03 DF 2C 30 30 2A  07 1D A1 2A 09 CF 02 00  ....,00*...*....
0002ADE0  CB CD AB A0 AD 91 D8 D8  FF D6 D6 D2 CB C0 B7 B4  ................
0002ADF0  B1 5F E4 E1 E0 E0 E0 6E  31 77 F2 20 E6 C9 F0 84  ._.....n1w. ....
0002AE00  13 4F B3 2B 03 BC CF 7B  83 76 CA 36 03 97 D0 3F  .O.+...{.v.6...?
0002AE10  01 01 B0 EE A1 AA BF AA  DA DB B2 CF D5 46 C0 BF  .............F..
0002AE20  9F E3 DF DD DC AD EB C0  86 B0 DE FF E0 E1 B3 B9  ................
0002AE30  B7 B7 B6 E7 EF AD A8 A5  9F 95 90 8C 06 07 E7 30  ...............0
0002AE40  32 30 1F A0 24 B4 00 CA  CA F1 CD AD A0 2B 90 B3  20..$........+..
0002AE50  B1 D0 C9 C3 C0 7E BC B0  BD BD C0 7F 7B 76 3D 30  .....~......{v=0
0002AE60  B7 7C 7D 80 4F B4 13 13  AA F6 C1 B5 B0 B5 F4 B1  .|}.O...........
0002AE70  BD F3 DF DD 6E B2 DA DF  DB DA E3 BF D3 7B B2 E5  ....n........{..
0002AE80  E2 F7 DF E0 DE 04 C2 E0  E1 E1 E6 7D B6 8F B1 B1  ...........}....
0002AE90  DE A8 A8 A3 97 B0 DF 91  62 2A 32 34 A0 B2 2C 2C  ........b*24..,,
0002AEA0  FF 2C 2B 09 02 02 00 C8  CB C1 CB AE B1 2C 91 38  .,+..........,.8
0002AEB0  A2 24 F0 AC A0 78 76 9F  D5 D6 D7 76 7B CC B5 27  .$...xv....v{..'
0002AEC0  F3 E1 FF BA CD D1 CB B1  DE E6 D6 BE F8 F0 D7 D5  ................
0002AED0  D5 CF B6 3E F2 E3 FD E2  EE B1 DB DB DD DF B5 CC  ...>............
0002AEE0  FF D5 D5 CE CF CE C1 B2  E5 B5 E3 3F B1 E1 87 C0  ...........?....
0002AEF0  E4 E6 0E B2 B4 6F B3 E0  AB AB 16 C1 93 8E 1D C0  .....o..........
0002AF00  0B 32 2C A2 B0 30 26 C0  28 C2 1F D0 30 C2 CC AD  .2,..0&.(...0...
0002AF10  80 AE 85 7A 77 CC B6 4F  B1 E4 B7 EE 87 F0 BD E6  ...zw..O........
0002AF20  B9 AD 90 D2 B9 B1 FB C6  7A 77 F2 78 79 CE D2 87  ........zw.xy...
0002AF30  7E BF E1 B2 B0 E3 E2 E2  DF F2 C0 FF B0 C2 CF D5  ~...............
0002AF40  D4 CE CF CF DF C2 B5 B0  E7 E4 03 D2 E6 E6 7A 40  ..............z@
0002AF50  60 BA 8F C2 E1 AD AB A8  14 A1 DF 8E 2C 34 36 34  `...........,464
0002AF60  A1 C1 32 30 04 A7 C0 28  C0 00 8C D0 B0 C0 AF A3  ..20...(........
0002AF70  AE 76 C3 C8 F7 E0 B1 C4  89 E0 C6 B9 C3 D1 3F D7  .v............?.
0002AF80  D7 CF C1 BC CF 75 F1 F6  E2 FB 76 7D E9 C1 8A BB  .....u....v}....
0002AF90  B5 B2 B0 7F E5 E3 E5 E5  B0 BC CE 44 30 FF CC CF  ...........D0...
0002AFA0  CF C5 BB B7 B4 B3 FD B1  84 D3 B3 B3 B7 B8 B8 B5  ................
0002AFB0  5F B4 B3 B3 E1 DC 15 D2  99 1C D3 77 2C 03 07 25  _..........w,..%
0002AFC0  D6 C4 C4 C4 30 D4 E0 AC  74 2B 51 CC B6 2C B1 8A  ....0...t+Q..,..
0002AFD0  E0 BC B5 C5 17 CE CF D3  83 E0 D4 CC 70 60 D2 74  ............p`.t
0002AFE0  E0 FF 7F 83 87 86 86 89  C1 BC C3 B8 B5 6F D0 AB  .............o..
0002AFF0  E0 F4 F0 7B D1 C7 BF F5  BD 90 A0 B4 05 E2 B3 B0  ...{............
0002B000  B2 B0 FF AF A9 AF B1 B1  E4 DC DC 55 D9 96 C0 9C  ...........U....
0002B010  1C D0 38 20 D1 07 9F C0  37 2B 2B 2F 28 B0 C3 C3  ..8 ....7++/(...
0002B020  61 50 2F C0 F0 B5 D3 B4  74 4F B4 E1 52 C9 C9 CA  aP/.....tO..R...
0002B030  CC CF CC C8 C5 CA D6 D0  DB D0 D7 76 D6 5F D1 7B  ...........v._.{
0002B040  78 4C 90 7D E9 D2 C7 C2  FF BF BC BB BB B8 BB C2  xL.}............
0002B050  CF 6F D3 D5 D3 CC 7C D0  CA C4 E7 11 FD BA 0F B0  .o....|.........
0002B060  B3 E3 DB A6 A0 6A 9F A9  44 66 DE E4 94 D0 17 E0  .....j..Df......
0002B070  A5 AF 9F 8E 2C 36 1F E0  07 23 E6 00 01 00 AB 00  ....,6...#......
0002B080  61 51 AE B0 2D 92 35 82  42 E4 62 52 FF C6 C6 C5  aQ..-.5.B.bR....
0002B090  C5 C7 C8 C5 C5 DF C8 CE  CA D5 78 4F 55 21 83 FA  ..........xOU!..
0002B0A0  79 F0 7F 4B B1 86 CC CA  C5 C2 DF BF C1 BF C2 CC  y..K............
0002B0B0  D9 D0 CF CA CF CC D3 D4  D1 E5 50 E7 00 BA B2 FF  ..........P.....
0002B0C0  E2 AA 9E 5D 0A 31 09 08  BF 9D 5B 5D E0 E0 DC 95  ...].1....[]....
0002B0D0  D2 9F 5F 93 30 36 38 32  A1 E1 36 26 E1 11 2B A9  .._.0682..6&..+.
0002B0E0  B0 AE 02 30 E2 D1 96 30  47 B1 C0 E5 FD C0 62 53  ...0...0G.....bS
0002B0F0  C2 C2 C1 C2 C2 4D FF 48  0D 0D 49 1B 1F 22 26 FF  .....M.H..I.."&.
0002B100  28 28 28 26 26 24 22 86  FA E2 A0 7F 4F 90 84 84  (((&&$".....O...
0002B110  D3 CF CA BF C8 C8 C8 C5  CC D3 D7 D0 CC FF CA CF  ................
0002B120  76 77 D2 D0 CB C6 FF C2  BC B8 E3 A6 66 09 2B FF  vw..........f.+.
0002B130  31 33 3B 35 02 40 5D 08  85 A5 14 F2 AB 1A F4 A2  13;5.@].........
0002B140  B1 1F F0 28 F4 87 41 88  A3 41 B0 D1 2D A2 3D F2  ...(..A..A..-.=.
0002B150  43 F5 C4 2E E0 FF C2 C1  52 4E 0D 0B 0B 0A EB 04  C.......RN......
0002B160  0D 5A F1 29 DD F0 28 28  24 F3 89 7F 66 F0 4B B1  .Z.)..(($...f.K.
0002B170  84 76 D5 CF 6E FC B0 CE  D4 D4 F0 F0 CF D4 99 30  .v..n..........0
0002B180  FF D6 CF CC C5 BB B0 DA  61 FE 8A F0 37 37 33 31  ........a...7731
0002B190  37 09 00 9F 66 40 43 E4  DE 95 E1 1A F1 38 0B 38  7...f@C......8.8
0002B1A0  30 22 C1 3A 26 D1 A8 B1  24 80 A2 42 C4 FC 10 B1  0".:&...$..B....
0002B1B0  C3 77 40 D5 48 F1 CD F0  C2 C1 97 E8 0E 04 EF 61  .w@.H..........a
0002B1C0  0C DA F4 DF F0 24 F1 1F  E5 F0 E7 F3 E7 80 D5 D3  .....$..........
0002B1D0  D4 D2 FD D8 FC A0 D5 79  7B 81 7F 7B FF D5 CE C2  .......y{..{....
0002B1E0  B5 E2 44 2F 33 AF 35 39  35 31 28 C0 2B 8E F0 90  ..D/3.5951(.+...
0002B1F0  EF 08 E4 E0 DE 16 E0 A5  9F 91 B1 32 1E 01 1C B0  ...........2....
0002B200  25 00 2F 2F A9 B0 00 E6  1E 51 88 8B 2E 10 FF 10  %.//.....Q......
0002B210  87 87 16 F2 C3 C7 BD 48  F1 4E F0 C2 C1 55 0D 9E  .......H.N...U..
0002B220  CC 30 02 00 0E 24 DC F1  DC F2 26 E9 21 E1 A1 E8  .0...$....&.!...
0002B230  E1 83 62 E0 76 D8 D6 EF  77 D6 CD CC C9 60 80 80  ..b.v...w....`..
0002B240  7F FF 79 CE BF E2 95 2D  33 35 DF 37 35 2F 08 3C  ..y....-35.75/.<
0002B250  A9 B0 02 33 FF 09 04 66  6A E5 E1 DE DE 77 AD D9  ...3...fj....w..
0002B260  A8 9B 00 3A 38 2C 22 B0  5F 30 3A 30 30 2F 2A F1  ...:8,"._0:00/*.
0002B270  04 1F 63 9C B4 20 9E 40  85 82 15 BD 0C 4D 00 C2  ..c.. .@.....M..
0002B280  77 BF E8 0C F0 61 00 0D  24 5C 03 9E DD F0 24 1F  w....a..$\....$.
0002B290  7D 78 E6 F1 F6 10 7F F7  7D 7D 78 46 B0 D1 CC D7  }x......}}xF....
0002B2A0  80 FF 83 80 80 80 7B CC  BC A9 FD 0C 04 10 33 2B  ......{.......3+
0002B2B0  08 3C 3D 3D FE F1 60 08  5B 8D 94 A4 E5 B0 7E 94  .<==..`.[.....~.
0002B2C0  03 9C 8E 34 3A 34 2C A2  A0 23 32 38 26 10 AB E0  ...4:4,..#28&...
0002B2D0  AC E2 85 24 71 B3 20 AC  A7 80 3C 14 11 11 C5 00  ...$q. ...<.....
0002B2E0  C3 AE D0 C3 1F C1 C1 C1  BF 55 52 11 D6 01 5A 15  .........UR...Z.
0002B2F0  07 28 22 1F E5 D0 CA 60  CA 90 CD 60 30 61 F7 CE  .("....`...`0a..
0002B300  D5 80 B7 21 78 C8 B2 68  EE 04 10 31 08 3D 05 23  ...!x..h...1.=.#
0002B310  8D 96 9E FE F7 A0 E5 B3  B4 E7 E1 E0 DE 7F AD A8  ................
0002B320  99 8C 36 3A 32 A1 00 27  03 36 36 26 10 AA 01 00  ..6:2..'.66&....
0002B330  BF 50 A2 71 88 DA A0 35  41 BC 16 11 C6 00 C8 10  .P.q...5A.......
0002B340  CD 10 C1 7B BF EB CB 31  02 00 0F 26 5A 15 07 26  ...{...1...&Z..&
0002B350  21 1D 4C 70 62 D0 FA 00  62 D0 A8 90 F7 D4 D5 7F  !.Lpb...b.......
0002B360  44 60 80 76 C5 E2 CF 0D  33 33 0A 88 10 05 21 45  D`.v....33....!E
0002B370  46 FF 46 44 94 A5 B3 B3  B3 B6 F7 B7 B7 B3 3E B0  F.FD..........>.
0002B380  DC AB 99 43 FF 38 3A 30  07 01 01 2A 36 97 32 30  ...C.8:0...*6.20
0002B390  30 A9 12 04 C6 80 3B 50  7E A9 77 9D 51 3A 29 B9  0.....;P~.w.Q:).
0002B3A0  47 20 C3 CC 02 BB BD EF  4B 40 00 04 02 49 5B 05  G ......K@...I[.
0002B3B0  28 A7 24 1B 1D 5E E2 CA  60 7D 66 F0 7E DF 7E 7D  (.$..^..`}f.~.~}
0002B3C0  79 7D 83 E2 90 D7 BF FB  A9 33 03 26 45 48 4B 4E  y}.......3.&EHKN
0002B3D0  4D 67 49 68 97 0E B0 BB  60 B4 E6 16 20 DF AB 99  MgIh....`... ...
0002B3E0  2E 3A 36 A0 10 01 30 3A  25 20 2C AA 01 08 94 7E  .:6...0:% ,....~
0002B3F0  3E 50 67 A0 E7 CD C0 D0  35 51 3C 27 B7 BD BE FC  >Pg.....5Q<'....
0002B400  CC F1 4F F0 B2 EB EF 0E  04 04 F7 0A 0C ED DB 15  ..O.............
0002B410  26 21 F3 F3 F9 76 E5 D0  61 D2 76 7B 80 7E 7E DC  &!...v..a.v{.~~.
0002B420  CA 90 F8 10 D7 B2 46 03  24 41 44 FF 47 4B 4E E8  ......F.$AD.GKN.
0002B430  55 55 55 52 FF 49 96 B3  BE BD BD BD BA FF B6 E7  UUUR.I..........
0002B440  E4 E1 DE D9 9F 34 FF 3A  32 07 01 3E 03 34 34 DC  .....4.:2..>.44.
0002B450  1F B0 CC 30 5B 9B A0 AB  53 7C D2 75 B3 B4 52 14  ...0[...S|.u..R.
0002B460  3D 38 BD BE C0 4B 32 FF  E5 E8 1B 55 48 0D 0F 55  =8...K2....UH..U
0002B470  7E 5B 05 26 22 1D F3 C2  D5 5F D5 DF D3 79 7F 78  ~[.&"...._...y.x
0002B480  76 69 11 80 D3 DF E2 2D  0A 3D 3D 88 10 46 68 FF  vi.....-.==..Fh.
0002B490  4A 4E E8 57 57 57 EB EB  DF EB 55 49 9B E7 BB B0  JN.WWW....UI....
0002B4A0  BE BD FF B7 B1 E6 E1 DE  AD A2 36 DF 3A 2C 01 06  ..........6.:,..
0002B4B0  8E A3 21 2C 03 A7 00 00  66 78 80 2B 6B 2E 4F B3  ..!,....fx.+k.O.
0002B4C0  10 DF 10 B3 B7 B9 BA C9  34 DF E8 DF F1 F2 F2 EF  ........4.......
0002B4D0  1D D8 37 1F F3 F7 ED BF  D3 E5 23 7D 7B CE 76 FF  ..7.......#}{.v.
0002B4E0  7D D5 CF 7B 7F 7F 79 C7  FD 95 08 10 3C 3C 5D 47  }..{..y.....<<]G
0002B4F0  49 4D FF 55 57 ED ED ED  EF F1 F1 BF EF ED 57 4A  IM.UW.........WJ
0002B500  9B E5 CB F0 BE DF BD B9  B3 E7 E4 98 20 38 34 DF  ............ 84.
0002B510  03 3E 93 9C 30 A4 30 07  03 D3 04 96 6E 91 AB 6B  .>..0.0.....n..k
0002B520  10 3D 45 E7 B4 FB B9 BA  C8 33 C1 E2 50 EB ED F3  .=E......3..P...
0002B530  F3 22 59 24 DF 31 F2 F1  50 B8 FD D5 5E D4 7B C8  ."Y$.1..P...^.{.
0002B540  D5 7B CF C7 FF 76 79 D3  B5 45 0A 3C 05 FF 05 08  .{...vy..E.<....
0002B550  45 49 4E 57 EF F2 FB F3  1B 04 52 F2 EF EB 4A 9E  EINW......R...J.
0002B560  DD B0 CA 10 C0 BD B9 3C  B1 DE 92 7F 38 2C 42 97  .......<....8,B.
0002B570  A2 9C 30 A4 41 CD 3E A9  41 9E 9E 2B 7B BC 34 10  ..0.A.>.A..+{.4.
0002B580  10 F3 B1 B3 C7 41 4C 02  E5 4C E8 ED E3 F1 1D DA  .....AL..L......
0002B590  F2 5E F0 DF 40 ED 57 DF  7F BF D4 D7 76 79 7C 7E  .^..@.W.....vy|~
0002B5A0  62 D0 FF C7 D3 79 CC BB  CF C8 B0 FF 6A 08 3C 05  b....y......j.<.
0002B5B0  00 04 0A 48 E7 E8 ED F2  CD 53 D2 51 F1 EB 4B F3  ...H.....S.Q..K.
0002B5C0  9E B2 10 55 17 40 2E 32  43 9C 1C 87 90 1F B0 03  ...U.@.2C.......
0002B5D0  67 9F 00 80 00 80 AB 7B  3E 3C 14 10 10 E4 B1 B7  g......{><......
0002B5E0  48 52 CE F0 FF B2 A9 52  57 EB F2 1D 21 F5 24 60  HR.....RW...!.$`
0002B5F0  F1 21 5F 50 55 4A B2 CC  EE 5B E0 D7 77 7C 73 40  .!_PUJ...[..w|s@
0002B600  BF CC D5 7F CC B2 C2 AF  44 08 05 D4 00 8F 0B 0B  ........D.......
0002B610  4B ED DB E2 4D 62 89 50  ED FD 4B 0E 51 C4 C3 BD  K...Mb.P..K.Q...
0002B620  B9 B6 B3 DF E6 E1 D9 6B  AB 0B 90 A8 AB BF 2C 2A  .......k......,*
0002B630  06 A5 A8 A5 A8 51 9E F9  9E 2B 8B BC 55 E0 E1 E7  .....Q...+..U...
0002B640  B6 B9 FC C0 B0 CD F1 BC  AA 72 50 57 EB FF EF F3  .........rPW....
0002B650  1D 1F 1F 1D 1B F2 7F F1  ED 55 4B DD BC CF D7 D0  .........UK.....
0002B660  F7 D6 D8 7A 67 00 C2 CE  D4 CF FF DF AF 5B 40 3D  ...zg........[@=
0002B670  08 00 00 1F 0B 0E 0E 50  F3 DC E0 04 60 DB 50 BF  .......P....`.P.
0002B680  1F 1B F3 F2 ED 4C 8E 50  C6 D5 C4 13 50 B6 96 41  .....L.P....P..A
0002B690  DE 97 F0 AB A8 CF A8 06  63 A8 04 A0 01 80 9E 9E  ........c.......
0002B6A0  FB 94 A5 8A 80 AB DC E6  BE C4 B9 CB B7 60 CC B5  .............`..
0002B6B0  10 DE DE 0D C0 BA F7 BD  C0 C0 CC 10 BF B0 A0 48  ...............H
0002B6C0  9F 4E 52 55 57 EB 84 40  09 40 E8 EF 4B A9 B8 C8  .NRUW..@.@..K...
0002B6D0  F2 F0 D0 D0 D6 F5 77 66  10 C8 79 D0 AA 6A 5B 95  ......wf..y..j[.
0002B6E0  FF 0B 0C 0D 0D 0C 0B 4D  F2 F1 1F 03 61 83 60 DB  .......M....a.`.
0002B6F0  51 1B F2 EB 4B AB A4 B4  90 62 BA 96 61 E1 96 00  Q...K....b..a...
0002B700  D9 BD D9 86 A2 A8 A5 A3  A0 F4 80 9B 7D 90 AE 61  ............}..a
0002B710  D9 E1 B9 C3 BD B7 6A FF  DC DC E4 B4 B7 BA BA BE  ......j.........
0002B720  FF BE C0 C0 BF BF BC DF  A4 BF 68 4A 4C 4E 50 52  ..........hJLNPR
0002B730  59 70 E8 FF 50 4A 9D B2  C7 CA CA C7 F6 AF C0 D1  Yp..PJ..........
0002B740  D4 DE D0 D4 79 78 76 FF  B5 DA DB AF 49 0D 0C 0C  ....yxv.....I...
0002B750  87 0D 4E F2 FF 63 03 72  5A 60 0B 60 A4 19 B7 CA  ..N..c.rZ`.`....
0002B760  00 82 E0 B7 B3 16 40 17  20 07 B0 D8 1D 72 26 60  ......@. ....r&`
0002B770  29 71 61 A8 8C 81 B3 C0  F1 C3 B7 61 BA 66 84 B0  )qa........a.f..
0002B780  E1 B3 B7 B7 FE 4A 70 BE  BE BD BF BF BB DF FF A6  .....Jp.........
0002B790  68 47 48 48 49 4A 4B FF  4B 4B 49 9D B0 C5 C8 C5  hGHHIJK.KKI.....
0002B7A0  FF BC BA C3 C4 C9 CD CF  CF FF D5 76 7F 7D 80 7B  ...........v.}.{
0002B7B0  D7 CE FF CE 75 EB 55 4E  50 EF 1D E8 DD E2 DD E1  ....u.UNP.......
0002B7C0  04 60 1F 88 60 ED 4B DB  01 B9 10 73 81 D0 98 61  .`..`.K....s...a
0002B7D0  15 F0 85 B0 96 E2 28 70  FF 98 98 5B AB AB DE E4  ......(p...[....
0002B7E0  B3 F8 CA 60 B6 7A 09 B0  E0 B1 B6 B7 B9 FF BD BA  ...`.z..........
0002B7F0  B9 BA B9 BB BC BC 7F BC  E5 A6 A6 9D 9B 95 59 80  ..............Y.
0002B800  FF 9D DD B8 C5 C7 C1 E5  9D FF B0 B9 BD C2 C8 C8  ................
0002B810  CA CF FD D3 62 A1 7F 7B  78 78 1B 1D F8 81 54 FC  ....b..{xx....T.
0002B820  75 5A 60 EF 55 4C 4A E6  81 BD 90 74 17 81 15 10  uZ`.ULJ....t....
0002B830  86 B2 95 E0 26 84 40 3F  AD DE E1 B1 B7 BD B5 73  ....&.@?.......s
0002B840  3A 87 FE 89 B0 E7 B6 B6  BA BD AE AE 6F B4 B4 B6  :...........o...
0002B850  BB D1 80 B5 B5 00 C0 EF  E2 E5 B2 BF 72 F0 BF E5  ............r...
0002B860  96 FF 66 B0 B2 B5 BC BF  C2 C5 F7 CA CC 86 F8 10  ..f.............
0002B870  83 80 7D 7F FA 78 89 1F  08 81 EB E8 4E 72 A9 97  ..}..x......Nr..
0002B880  A9 AE B9 4B F1 C3 94 85  03 C1 DC FC 9C 81 18 00  ...K............
0002B890  A0 9E 98 98 96 00 61 E1  8C B1 35 83 B9 67 05 B0  ......a...5..g..
0002B8A0  DC E6 47 71 DF AC A1 A1  E1 B1 8C D0 BB BC FF BF  ..Gq............
0002B8B0  BC BF BF BF C2 C8 D3 FF  D3 CA BB E2 96 08 DB B2  ................
0002B8C0  FB B2 B2 53 91 C2 C7 89  86 86 F8 6C 11 F5 87 5A  ...S.......l...Z
0002B8D0  60 F3 F1 57 E8 BB 3F B2  B0 B0 B8 C2 C8 4B E1 11  `..W..?......K..
0002B8E0  99 D8 03 C4 95 D1 28 81  61 00 02 D0 E6 B1 D7 B3  ......(.a.......
0002B8F0  C3 CB 4B E0 CD 3A 9A E4  B4 FF B9 B9 B9 AC 92 63  ..K..:.........c
0002B900  A1 AD CF D9 E0 E4 B6 54  90 F3 E0 C7 CF FF D4 CE  .......T........
0002B910  B8 DA 90 04 66 B0 7E 71  D0 B2 B2 B5 B8 BC C1 6E  ....f.~q.......n
0002B920  90 9F 84 84 80 7F 7D FE  62 87 52 75 FF D4 CE C5  ......}.b.Ru....
0002B930  BF C1 C5 C7 CC 3E FC C0  D0 D0 CD CD CB 91 73 96  .....>........s.
0002B940  60 D1 E6 3E B2 1C 92 15  D0 A4 28 70 08 00 7F 5E  `..>......(p...^
0002B950  42 42 5E 91 A8 B3 CB 71  EB C3 C0 CC B5 A8 8A A0  BB^....q........
0002B960  E1 B3 B4 FF B7 B7 A1 92  43 9A 03 42 BF 63 9C DC  ........C..B.c..
0002B970  E7 B3 B5 53 91 C8 7F CC  B8 A6 66 04 08 E3 EF C1  ...S......f.....
0002B980  FB E3 E5 E5 80 BB 8A 89  84 87 C3 84 7D F8 00 76  ............}..v
0002B990  A0 E3 C1 7D A0 76 D5 FA  79 D0 CA 7C E0 CE C4 B1  ...}.v..y..|....
0002B9A0  E1 CB 62 0F A7 B1 1A A0  1C A2 03 C0 DC D9 27 A0  ..b...........'.
0002B9B0  EF A0 9B 00 00 2F A0 92  DE B3 7F BA C0 C3 C9 D0  ...../..........
0002B9C0  BE C3 CC B5 7E 1D 60 AD  E0 B1 B3 B4 B3 4C A0 7F  ....~.`......L..
0002B9D0  92 01 3E 01 5E 97 A3 D1  90 FF E7 B1 B2 B5 E5 A0  ..>.^...........
0002B9E0  5B 02 9F 00 95 B0 E3 DF  E5 A0 66 A0 B0 3B B2 59  [.........f..;.Y
0002B9F0  6F A1 D3 CA 78 64 B0 E0  C1 FB 79 D4 F8 D0 D5 D3  o...xd....y.....
0002BA00  B8 B2 BC FF C8 CE C9 B7  E4 C6 D0 D0 88 80 F0 12  ................
0002BA10  71 15 60 B1 02 D0 9C A3  A3 A1 AA EF A4 A4 A0 61  q.`............a
0002BA20  AC A1 67 B4 C6 7F CD C9  C3 C6 D0 C9 C0 3A A6 73  ..g..........:.s
0002BA30  A3 A8 2E 80 8A D0 B4 AC  9A CE A0 FE 50 B0 42 8C  ............P.B.
0002BA40  8E 97 9C A2 A3 77 9E 96  8D 77 60 61 B2 E5 72 C1  .....w...w`a..r.
0002BA50  FE 74 C1 E2 E3 59 8A 84  85 87 EF B5 CF D4 D5 DD  .t...Y..........
0002BA60  D0 76 D4 B5 FF E5 B2 CA  CF CC BB E2 B3 0E 54 C0  .v............T.
0002BA70  BD B6 D0 B3 B0 7F F1 12  B3 17 80 71 E6 1B B1 9B  ...........q....
0002BA80  92 25 B0 A6 A4 A4 D3 20  FF 42 63 E4 E7 DC E0 B3  .%..... .Bc.....
0002BA90  BD EF BE C6 CB C4 3A A6  9F A3 A8 FF A8 DC B1 B4  ......:.........
0002BAA0  B6 B6 AE AC EF 5E 9A 01  06 50 B2 5E 64 64 F7 5F  .....^...P.^dd._
0002BAB0  5B 3C 29 30 40 E2 B2 DF  3F DA DB DA AA DA DA 74  [<)0@...?......t
0002BAC0  C1 6E B0 FF 87 87 C3 B2  C1 C8 D3 79 FF 78 B8 E2  .n.........y.x..
0002BAD0  B1 C3 D0 D0 BA FF E0 E6  CB D8 CD C3 BE D0 96 2F  .............../
0002BAE0  60 77 D8 8E B9 B1 19 A1  9F B8 95 FE 29 30 5E A5  `w..........)0^.
0002BAF0  D9 93 8E 91 9C DF DC B4  BD D2 CD 3A A6 9C 9F EF  ...........:....
0002BB00  A5 A8 AD E7 92 20 B4 E4  63 D9 9A D1 B2 50 B1 04  ..... ..c....P..
0002BB10  04 53 01 40 DB 9F BC E5  DA DA AA 65 C1 E8 B1 58  .S.@.......e...X
0002BB20  EE EF B0 88 87 80 E4 C0  BB E5 B2 FF CD 77 7C D1  .............w|.
0002BB30  BD B1 7A 7E 84 33 40 33  62 7A 0C C8 81 D1 9A B5  ..z~.3@3bz......
0002BB40  A3 A1 A6 F7 A6 A4 5B 29  30 92 D9 91 8C FF 91 93  ......[)0.......
0002BB50  99 A5 E4 BE D6 CD D6 BA  A6 99 9C 30 70 E6 48 80  ...........0p.H.
0002BB60  B7 E4 AF AB A8 5E 3E 50  B0 03 D5 C2 02 FF 02 04  .....^>P........
0002BB70  40 DF C7 C2 DF DA 73 AA  A6 E5 C1 67 C1 58 59 89  @.....s....g.XY.
0002BB80  B5 11 13 84 83 E5 F0 F7  10 86 34 10 38 21 2F 30  ..........4.8!/0
0002BB90  10 32 41 70 00 80 F0 81  E1 B9 16 A0 19 C6 A3 91  .2Ap............
0002BBA0  FC A8 B0 77 60 00 A5 A2  8E 91 99 ED 9F 43 A0 BE  ...w`........C..
0002BBB0  D2 B9 97 97 99 9C 6F A3  A8 E1 B6 86 E0 E6 AD 19  ......o.........
0002BBC0  E0 BF 63 3E 06 07 2A 2C  57 D0 09 7F 08 66 B2 CE  ..c>..*,W....f..
0002BBD0  D4 BF DA 27 B0 8E 64 D3  A6 AA 28 EF C4 6B F0 6B  ...'..d...(..k.k
0002BBE0  E0 8A CF 8A 89 89 8B 37  22 37 51 7B 79 1F D7 D5  .......7"7Q{y...
0002BBF0  CF CE C8 11 D5 18 C5 9C  90 78 16 F0 A8 A0 AA 11  .........x......
0002BC00  D9 97 93 9C B1 60 BF DC  A8 BD D2 D1 C9 BB 85 93  .....`..........
0002BC10  F6 57 B0 A5 DE C7 60 B7  E4 DC AB FF A5 A2 9C 97  .W....`.........
0002BC20  63 43 42 42 FF 3E 42 5E  66 AA BB CA D4 B7 CF B0  cCBB.>B^f.......
0002BC30  A6 A8 A0 A0 A0 E3 D1 A4  27 A4 28 8A FD C0 34 10  ........'.(...4.
0002BC40  86 78 D0 79 D1 8F 59 59  8A 89 39 10 05 D1 75 C0  .x.y..YY..9...u.
0002BC50  D7 43 D4 CF 53 E0 92 DD  A3 A1 A6 D0 90 AA 11 F9  .C..S...........
0002BC60  AB B0 D0 44 B0 AD E4 BA  D2 D6 DC BA 86 B2 C0 9C  ...D............
0002BC70  A3 AB 46 50 B4 E0 FA 17  F0 A3 D1 D0 97 93 93 97  ..FP............
0002BC80  97 FF 9C A4 E2 C1 CE D3  C2 DB F9 A4 2A 61 28 63  ............*a(c
0002BC90  9E 59 84 83 85 72 32 20  87 F8 D0 EB E0 89 59 59  .Y...r2 ......YY
0002BCA0  EE C0 10 F9 10 87 D1 EF  00 0C E3 C2 13 EF A6 A1  ................
0002BCB0  2B B0 FC AC D1 58 B0 A8  DE E7 BA B1 77 FA 39 E7  +....X......w.9.
0002BCC0  8E C3 D0 9F A8 E4 B7 B9  7B B1 DC A5 70 A5 A2 9F  ........{...p...
0002BCD0  9C D4 E0 FF 9F 9C A2 A6  DF BC C8 CC DB B5 A4 AA  ................
0002BCE0  60 9B 9B E3 E1 98 96 8D  94 F6 C0 7C 7C 31 20 75  `..........||1 u
0002BCF0  D1 79 E1 8A 03 8A 8A F7  20 6D 20 FA A1 70 00 8E  .y...... m ..p..
0002BD00  EF 21 D2 EF D9 A6 A0 9E  AA C1 02 DC AB FE AF 80  .!..............
0002BD10  BA BE BD B3 B1 D8 D2 FD  C6 BB 85 64 8E 93 99 9F  ...........d....
0002BD20  A3 EF E0 B6 B6 E1 A5 80  A2 9F 9F FE D3 E3 A2 A3  ................
0002BD30  A4 DB B8 C5 C2 DB E2 A0  E9 E0 98 98 EA E1 90 8F  ................
0002BD40  FF 65 DB DD E2 B4 C6 7C  81 00 F6 E3 78 D1 77 20  .e.....|....x.w 
0002BD50  70 80 05 F1 0A E0 0C FF  1E F8 FE 2A D1 04 D9 A5  p..........*....
0002BD60  AB AB DC E4 BF B7 B7 E4  B9 77 D0 3A A6 3E 7D 64  .........w.:.>}d
0002BD70  56 B0 9F AD B3 B1 DE 4E  F0 FC D4 E1 D4 E2 9F A2  V......N........
0002BD80  A0 AA B0 BF DF B2 A6 9B  96 94 E3 F1 90 90 FF 8D  ................
0002BD90  65 5F 40 E2 E3 B2 B7 03  C2 79 F7 10 6E 80 EB 00  e_@......y..n...
0002BDA0  75 31 81 F2 7A A1 7E 8B  E1 CE CA C7 C2 C1 BF 94  u1..z.~.........
0002BDB0  D6 E4 9C B0 A1 D2 D9 E2  D0 53 01 08 AD 97 FF 9F  .........S......
0002BDC0  A2 A8 AD E1 E4 DE BD D7  D8 CB BE BB 85 01 C3 F0  ................
0002BDD0  93 9C DF A8 E1 E4 AD A8  D2 E1 99 9C F7 99 99 99  ................
0002BDE0  D4 E1 9E A4 E2 B2 2B DD  9B E5 F2 8F EA F0 41 F7  ......+.......A.
0002BDF0  50 66 90 87 BF CE 7B F8  F0 74 01 7A 10 79 11 80  Pf....{..t.z.y..
0002BE00  C0 EB 21 08 01 8C F0 0E  0B 9B B1 21 F2 AB A6 FE  ..!........!....
0002BE10  A8 D3 04 AD 64 5C 5C 60  64 FF 8C A8 AD C6 D0 D2  ....d\\`d.......
0002BE20  C3 13 FE BA 84 01 01 06  62 8C 91 97 F7 AD E0 AB  ........b.......
0002BE30  CF F0 99 97 97 97 FB 99  97 54 00 99 9C 9B 9E DA  .........T......
0002BE40  F3 DD A0 63 05 5B C1 00  00 BB BF 03 C5 CF F2 30  ...c.[.........0
0002BE50  78 02 69 10 E9 10 76 A0  EB 30 18 08 00 8B E0 8D  x.i...v..0......
0002BE60  F3 BF BC 12 30 97 D1 19  A2 F8 22 E2 E2 D1 AA 11  ....0.....".....
0002BE70  02 DC A2 62 60 BF 8C 8C  8C 8E DC D1 B8 00 C6 FD  ...b`...........
0002BE80  CD BD 05 01 01 3E 5E 64  97 7F A5 9F 93 93 91 91  .....>^d........
0002BE90  91 4E 10 7D 93 55 11 97  98 98 A0 9E 65 06 1E 66  .N.}.U......e..f
0002BEA0  13 C8 CC CF 76 6A 21 80  02 00 11 04 84 F0 EA 31  ....vj!........1
0002BEB0  78 08 10 8B 06 13 11 17  C5 22 D2 EA 27 A1 9E E8  x........"..'...
0002BEC0  02 AD 2E 10 93 9C 91 7F  91 B1 D6 D1 D0 C0 C3 3C  ...............<
0002BED0  18 AE 50 B0 06 3E 42 2F  A0 60 D0 10 64 F7 8C 8C  ..P..>B/.`..d...
0002BEE0  64 D7 10 65 8D 8D 8D E7  5F 5F 41 DC B1 66 15 D5  d..e....__A..f..
0002BEF0  D7 79 00 EE 20 F3 15 80  13 F9 A0 87 02 0C 00 8F  .y.. ...........
0002BF00  F1 91 11 60 96 05 9E 14  A7 62 E8 02 23 90 8C 93  ...`.....b..#...
0002BF10  D0 D0 3F C9 D0 D1 C6 C0  BD 3A F4 51 C5 10 49 2D  ..?......:.Q..I-
0002BF20  E3 18 66 15 E6 41 7B 73  90 F8 15 F9 A1 40 03 25  ..f..A{s.....@.%
0002BF30  8C 01 0F 11 12 25 9B 14  25 90 A3 29 71 FC 2A D1  .....%..%..)q.*.
0002BF40  2D 20 A2 8C 97 AD A2 E0  7F CB C9 CD C4 B7 BA C4  - ..............
0002BF50  3D 2F 70 4F 2F 61 2B F6  A1 67 30 81 81 81 79 26  =/pO/a+..g0...y&
0002BF60  40 7C A0 86 24 0D 24 14  D3 19 B0 1D 25 A2 29 80  @|..$.$.....%.).
0002BF70  FD 9B A9 E2 DC 9F 8E 91  A5 DC BD AD 8F 80 C9 C3  ................
0002BF80  B6 BA BA A4 81 80 C9 2F  D6 2F 66 13 65 40 F5 A0  ......././f.e@..
0002BF90  F2 20 36 50 7D 19 7B 00  25 05 35 CA C7 0F 23 95  . 6P}.{.%.5...#.
0002BFA0  C2 9A 27 F4 24 30 E9 E0  8F 2A 22 91 8E 97 AB 7B  ..'.$0...*"....{
0002BFB0  D9 B3 CA 50 C0 B3 B4 B9  BA A4 E3 7E 7E 49 3F 57  ...P.......~~I?W
0002BFC0  3F E9 02 B5 B0 E5 0E 69  A0 B2 CF D7 F0 E0 02 21  ?......i.......!
0002BFD0  00 38 8B 23 A3 C1 BF 13  00 95 B3 1C 26 9F E8 E1  .8.#........&...
0002BFE0  98 FD 94 AA 12 8E 91 9F  D9 E6 B9 7F BD C0 BE BE  ................
0002BFF0  B3 B3 B7 BA A1 F5 D1 40  4D F6 51 41 F7 F7 F8 F9  .......@M.QA....
0002C000  FF FA FA FB FC FC FA FC  FC D7 FD FC FB 64 41 FC  .............dA.
0002C010  69 40 FB DB 7E A6 00 94  98 9B BB D3 7D 07 E1 00  i@..~.......}...
0002C020  7B 40 7F A0 89 00 8C F0  0B 21 8D 32 11 41 96 A2  {@.......!.2.A..
0002C030  E0 20 F3 CD F1 26 30 64  F0 AA E2 91 93 A8 FE C7  . ...&0d........
0002C040  90 BD BD BD B1 B1 B4 BA  F8 3A F1 40 4F 51 43 F9  .........:.@OQC.
0002C050  FA FB FB FD C7 A7 A7 FD  DF 41 69 40 E0 42 FB FB  .........Ai@.B..
0002C060  7A 83 A0 CF 5F 90 B8 CF  7B 7E 01 32 80 07 11 83  z..._...{~.2....
0002C070  41 09 32 8C 44 94 C2 1A  24 A0 31 9F F1 9C 64 F0  A.2.D...$.1...d.
0002C080  65 F0 5B C1 D9 9C A2 E4  FD B3 C7 51 C0 B1 DC E4  e.[........Q....
0002C090  BD D2 E8 BB 80 11 60 42  5B F4 51 51 F5 F5 F6 FF  ......`B[.QQ....
0002C0A0  F9 FB FB FE FF FF FD FE  FF F9 F9 F9 F8 F7 F8 F8  ................
0002C0B0  F8 F3 F9 F8 61 50 70 81  79 79 C7 CC 11 79 72 80  ....aPp.yy...yr.
0002C0C0  7F 41 00 52 D4 05 52 8C  33 10 51 1C 15 A2 9C 24  .A.R..R.3.Q....$
0002C0D0  A8 A3 9F A3 40 A5 42 5B  C1 FC AE 81 47 70 C0 C0  ....@.B[....Gp..
0002C0E0  E7 E0 8E DC AB C9 77 3D  51 3F C1 5C 5C D1 50 60  ......w=Q?.\\.P`
0002C0F0  F7 60 62 62 51 40 FC FE  FE FA FB F9 6B E1 50 6C  .`bbQ@......k.Pl
0002C100  6D 6D 6D 6E 7A E9 51 86  82 00 78 D7 D7 76 06 03  mmmnz.Q...x..v..
0002C110  00 FB 50 81 53 89 31 0C  43 10 57 9A 53 CE F1 24  ..P.S.1.C.W.S..$
0002C120  52 ED 96 A9 52 D9 DC B0  50 B4 BE C0 7F E7 E6 9F  R...R...P.......
0002C130  64 A3 D1 7C BD 5F FC CF  52 D5 50 63 67 67 67 63  d..|._..R.Pcgggc
0002C140  F7 FF FB F9 67 6C 6D 6E  6F 70 5F 71 73 73 73 74  ....glmnop_qssst
0002C150  69 61 7D 6E 20 00 07 11  7C 53 80 51 06 41 05 67  ia}n ...|S.Q.A.g
0002C160  12 30 15 D2 18 72 F0 20  32 50 00 23 6F 35 60 64  .0...r. 2P.#o5`d
0002C170  64 A3 D8 ED 7E 3D 6F F4  F4 D2 51 62 64 67 FF 69  d...~=o...Qbdg.i
0002C180  6B 6B 69 67 F7 67 6E 7F  6F 74 4F 51 53 54 56 E6  kkig.gn.otOQSTV.
0002C190  62 1F 54 54 BF C1 CF 75  63 7F 52 7F 60 0C 02 62  b.TT...uc.R.`..b
0002C1A0  06 61 C7 C2 90 21 8F 64  98 71 9A 6B FA A7 44 14  .a...!.d.q.k..D.
0002C1B0  2E 71 15 18 20 27 25 8B  27 25 9B 02 E4 40 6B 51  .q.. '%.'%...@kQ
0002C1C0  50 D1 62 63 FD 67 E4 51  6C 6B 6E 71 53 56 BF E9  P.bc.g.QlknqSV..
0002C1D0  EA EA EC EC EE 67 70 F0  FF F0 F0 B6 BD CD D6 D8  .....gp.........
0002C1E0  77 00 7E 55 81 61 02 73  90 F0 90 22 95 05 1B 90  w.~U.a.s..."....
0002C1F0  9B 65 FE 21 7A 13 14 15  16 18 1C 20 7F 27 27 1C  .e.!z...... .''.
0002C200  17 25 E7 E6 9B B0 F0 3F  74 51 50 49 69 55 73 6E  .%.....?tQPIiUsn
0002C210  6F 6F 74 FF 54 E9 EC EE  F0 19 19 1A 7B 1A 1C E8  oot.T.......{...
0002C220  72 C4 C6 D1 D6 0A C0 60  01 50 7B 75 82 70 06 70  r......`.P{u.p.p
0002C230  87 74 B9 B7 17 D1 B4 19  92 9E 42 9F CF 00 96 96  .t........B.....
0002C240  23 79 15 EF 16 17 18 1E  B4 70 17 13 19 F8 BA 77  #y.......p.....w
0002C250  51 52 C9 7C 69 6C 6E 6F  71 FF 74 53 E9 EC 19 1A  QR.|ilnoq.tS....
0002C260  1C 1E 7B 1E 20 66 83 23  D2 D2 D8 09 C1 18 04 44  ..{. f.#.......D
0002C270  03 70 01 81 C8 C5 0F 22  13 2A 18 86 FC 20 8C 31  .p.....".*... .1
0002C280  70 16 17 17 18 16 13 0B  15 20 9A C2 E6 40 60 54  p........ ...@`T
0002C290  50 45 88 D1 52 FE 56 86  EA EE 1A 1E 1C 20 23 DF  PE..R.V...... #.
0002C2A0  23 23 25 23 25 EA 80 76  79 38 7C A1 05 35 7E 80  ##%#%..vy8|..5~.
0002C2B0  C8 C8 C7 05 81 91 10 C1  BB 15 A0 19 02 1C 36 9C  ..............6.
0002C2C0  84 22 83 96 96 EE A9 01  15 13 13 2F 72 17 19 20  ."........./r.. 
0002C2D0  05 1E 1A C0 E1 BE 81 54  51 44 91 51 52 CF 62 FE  .......TQD.QR.b.
0002C2E0  D4 82 6B 6E 70 71 71 51  E9 05 EE E7 70 20 E9 82  ..knpqqQ....p ..
0002C2F0  EA 81 01 22 08 00 09 22  00 84 70 00 93 10 24 98  ..."..."..p...$.
0002C300  17 1C 61 A0 50 D0 01 20  94 FB 96 96 29 E2 19 EE  ..a.P.. ....)...
0002C310  EA 53 56 F7 EA EC E9 E5  60 E9 53 74 74 CF 13 13  .SV.....`.Stt...
0002C320  12 C4 42 95 51 43 F8 F8  FE 51 65 6B 6D 6F 70 6F  ..B.QC...Qekmopo
0002C330  4F 56 1F EC 19 1C EE 1E  E5 81 66 92 7B 22 00 73  OV........f.{".s
0002C340  91 8A 22 01 90 81 93 12  21 97 27 A3 00 1A 82 FC  ..".....!.'.....
0002C350  1C 9B AA C1 00 25 25 23  1C 1C FF 23 23 20 1A 19  .....%%#...## ..
0002C360  1C 20 F0 03 E9 53 3D 51  42 92 CB 92 D8 40 E6 40  . ...S=QB....@.@
0002C370  D1 96 FA 59 80 6E DD 90  EA F0 56 F0 1C 00 65 85  ...Y.n....V...e.
0002C380  84 F3 89 02 8A 41 FF 96  15 B2 0D A8 17 A3 B4 1D  .....A..........
0002C390  95 62 F2 40 2A A4 1E 1A  E7 80 19 3F EA 19 20 19  .b.@*......?.. .
0002C3A0  E9 54 3D A2 44 A3 3F F7  F9 FB FD FE A7 CD A0 51  .T=.D.?........Q
0002C3B0  66 FF 6B 6C 6C 6E 6E 70  74 53 5B 56 4F DE 80 EE  f.kllnnptS[VO...
0002C3C0  F0 68 71 EE 83 01 00 09  F0 0B 02 86 71 8A 64 15  .hq.........q.d.
0002C3D0  47 24 E0 CE E3 98 A3 FC  20 93 A4 A7 F0 1A EE EA  G$...... .......
0002C3E0  EA 19 FF 1A F0 56 53 51  56 EA 56 F1 4F BD A6 57  .....VSQV.V.O..W
0002C3F0  40 4D A0 FE A7 FF FF C3  FF 60 52 72 56 91 E4 50  @M.......`RrV..P
0002C400  63 60 4F 74 3B 71 73 E2  60 53 54 54 E5 60 83 01  c`Ot;qs.`STT.`..
0002C410  00 88 03 8F F1 FE A5 97  C1 1C 10 0D B4 CF E1 D2  ................
0002C420  E2 D8 A0 75 A5 31 A8 53  00 70 68 60 4F 4F D7 51  ...u.1.S.ph`OO.Q
0002C430  4F 71 63 B0 4F 69 61 71  C4 B4 42 B2 D7 41 FD CB  Oqc.Oiaq..B..A..
0002C440  A1 FF FF 51 86 6D DE 5C  B0 4F 56 E9 51 38 B0 EC  ...Q.m.\.OV.Q8..
0002C450  EC 05 EA 63 72 F0 6F B3  0B 12 10 01 07 91 16 C2  ...cr.o.........
0002C460  04 9B 25 90 B2 A3 95 B0  D3 E2 62 F2 A2 B1 A3 51  ..%.......b....Q
0002C470  71 02 AA B2 65 B1 B9 B0  4F 51 51 34 C1 27 53 51  q...e...OQQ4.'SQ
0002C480  74 C0 B3 4A A1 FD DC 40  4D B0 E5 60 53 B3 6B E8  t..J...@M..`S.k.
0002C490  51 DD 81 56 56 F0 CC E7  74 64 80 7B 7B 89 02 F6  Q..VV...td.{{...
0002C4A0  B4 BC BB C1 BB 17 15 A1  02 90 B2 12 C1 50 F1 9F  .............P..
0002C4B0  9F E8 E3 E1 9D C4 A7 44  00 DE B0 EA EE E9 FF 4F  .......D.......O
0002C4C0  53 E9 E9 E9 54 51 53 C6  B3 90 4F C6 C2 B2 4A A2  S...TQS...O...J.
0002C4D0  E6 40 FE FE F1 A7 51 C2  D7 B1 5B A0 4F 56 EE 19  .@....Q...[.OV..
0002C4E0  21 EA E3 93 E6 93 05 38  7B C1 B8 17 37 92 A2 80  !......8{...7...
0002C4F0  11 C0 92 C1 11 D3 67 E0  9B C6 A6 60 A9 C3 E9 EF  ......g....`....
0002C500  EC F0 19 EE DE 80 F0 EE  E9 3F 54 EC F0 F0 EA 51  .........?T....Q
0002C510  C0 C7 68 41 18 CA B0 D1  C5 DB 70 6E 73 3A D1 B2  ..hA......pns:..
0002C520  A0 EA 80 E9 27 68 D2 87  33 C9 08 71 BC BB B8 13  ....'h..3..q....
0002C530  B5 B2 8A A9 10 D6 A3 93  D1 E4 D1 1A D8 6D 98 29  .............m.)
0002C540  E2 00 51 DF 90 19 EE 2F  D0 3A 31 D0 E9 E7 70 F0  ..Q..../.:1...p.
0002C550  54 C6 54 41 65 50 CC 59  41 67 40 FD FD D0 10 D4  T.TAeP.YAg@.....
0002C560  C4 6C 67 C6 DC C1 F0 1C  65 95 68 D0 04 72 C5 C4  .lg.....e.h..r..
0002C570  0D C3 78 D3 B0 E6 1F F4  87 D2 96 C2 90 D1 02 0B  ..x.............
0002C580  D1 A4 17 E2 6A E1 9C C4  29 A2 AD C0 66 70 FB E9  ....j...)...fp..
0002C590  54 35 D0 1A F0 E9 1A 1E  C3 1E 19 BF D7 48 E1 CA  T5...........H..
0002C5A0  D1 D1 D4 6B 6C FF 6B 69  FD 6B 6D 73 56 EC B0 64  ...kl.ki.kmsV..d
0002C5B0  A0 64 E1 66 82 02 93 BE  BD F8 D2 E5 C1 E3 A0 03  .d.f............
0002C5C0  CE E2 16 B1 0B E2 12 E0  A8 A8 E1 A6 96 E1 1B E0  ................
0002C5D0  1B D7 E8 03 4F 54 E9 FC  B8 90 E3 A0 EA EE EA 54  ....OT.........T
0002C5E0  EA F0 1F EE EA 4F C9 C6  C1 EC 51 C0 54 B2 0B 67  .....O....Q.T..g
0002C5F0  63 5B 51 6C 5F 70 E7 B0  E3 E2 65 70 F8 8C 60 7C  c[Ql_p....ep..`|
0002C600  C0 0C 80 B2 B2 E5 E3 E2  A1 DD 1F 31 0F C4 D6 F1  ...........1....
0002C610  0D E1 A3 93 E0 A8 31 AA  15 F1 99 E0 1A D6 9E 9B  ......1.........
0002C620  66 13 35 C1 EF 51 74 70  74 30 C1 74 51 54 07 54  f.5..Qtpt0.tQT.T
0002C630  51 74 C0 4E C3 D0 51 F1  4A A1 CC A0 7B FE FE 64  Qt.N..Q.J...{..d
0002C640  60 4F 74 73 73 65 60 FA  B0 B0 B8 6E F0 B5 B7 B6  `Otsse`....n....
0002C650  B6 B3 8E 7A E0 DF DD DB  08 D8 0B E3 13 E1 A8 1F  ...z............
0002C660  AB AB DA AA DA 15 F1 9B  E3 24 F0 73 9E 9E 29 32  .........$.s..)2
0002C670  AC B0 71 71 70 5A D0 39  6F 65 60 61 F1 4F 73 71  ..qqpZ.9oe`a.Osq
0002C680  40 FF 52 F7 00 CD C0 CC  C1 E1 F1 E0 F4 00 00 00  @.R.............
0002C690  53 1D 95 25 D6 29 D7 2D  F8 31 39 3A 5A 3E 7B 42  S..%.).-.19:Z>{B
0002C6A0  7C 46 9C 46 BD 4A DD 4E  DD 52 FE 56 3E 5F 9F 6F  |F.F.J.N.R.V>_.o
0002C6B0  FF FF FF FF FF FF FF FF  FF FF FF FF FF FF FF FF  ................
0002C6C0  00 80 00 80 00 80 00 80  00 80 00 80 00 80 00 80  ................
0002C6D0  8C B1 CE B9 EF BD 10 C2  31 C6 52 CA 73 CE 94 D2  ........1.R.s...
0002C6E0  B5 D6 B5 D6 D6 DA F7 DE  F7 DE 18 E3 39 E7 5A EB  ............9.Z.
0002C6F0  00 80 00 80 00 80 00 80  00 80 00 80 00 80 00 80  ................
0002C700  00 80 00 80 00 80 00 80  00 80 00 80 00 80 00 80  ................
0002C710  7E 94 DF A0 1F AD 5F B1  9F B9 BF BD FF C5 1F CA  ~....._.........
0002C720  5F D2 7F D6 9F DA BF DE  DF E2 FF E6 1F EB 5F F3  _............._.
0002C730  00 08 00 00 FF 58 55 55  65 76 88 88 98 FF A9 AA  .....XUUev......
0002C740  BB BB BC BB BB CB FF CC  CC BB AA AA 9A 99 99 FF  ................
0002C750  89 78 67 66 55 44 33 88  FF 68 55 66 76 88 99 AA  .xgfUD3..hUfv...
0002C760  AA F5 AA FC F1 BC FD F0  CC BB BB AB BE 02 01 88  ................
0002C770  77 67 55 45 0C 00 66 F7  66 77 98 F7 F0 BB BC CC  wgUE..f.fw......
0002C780  CC E9 CD 1D 00 1D 00 CB  00 00 99 99 78 FF 77 66  ............x.wf
0002C790  55 45 23 88 78 66 77 76  87 A9 1C 01 CC DC DD 59  UE#.xfwv.......Y
0002C7A0  00 7A 3B 02 BC 01 01 88  77 66 56 2B 00 9F 78 77  .z;.....wfV+..xw
0002C7B0  87 98 BA 58 02 74 02 CD  D2 39 00 DC FF F0 65 01  ...X.t...9....e.
0002C7C0  67 6A 03 88 A9 ED CB 74  03 EE DE 7B 00 DC DD CC  gj.....t...{....
0002C7D0  BB DD CD 83 03 66 56 34  0C 00 87 AD 98 91 00 ED  .....fV4........
0002C7E0  EE 96 03 ED 9D 03 BC 97  AA 99 89 87 01 34 4C 00  .............4L.
0002C7F0  70 00 CB F7 DC DD EE B5  00 EE DE CD ED 7B CD DB  p............{..
0002C800  9F 00 DD BC AA 9A C6 01  4F 55 34 22 88 F3 F0 D1  ........OU4"....
0002C810  03 DE D8 03 0F CC DD BB  DC C2 00 E5 01 6A 00 EC  .............j..
0002C820  01 F7 99 BA BB 92 00 EE  DD DC EE FF DD CC ED BD  ................
0002C830  CB CD AB DB FE A2 01 89  78 77 56 34 22 11 F8 0D  ........xwV4"...
0002C840  11 14 00 92 01 DC EE CD  BA DC BF AD BA CD 9A DB  ................
0002C850  CC 22 00 88 FF 67 45 44  23 11 00 88 88 BF 89 A9  ."...gED#.......
0002C860  AA 8A 88 B9 7B 01 DC FF  BB AA DC 9C A9 CC 89 CA  ....{...........
0002C870  FB BC AB 45 00 56 34 12  11 00 FE 4C 10 88 A9 AA  ...E.V4....L....
0002C880  58 55 86 CB FE C1 00 CC  9A 99 CA 8A 88 BA F7 78  XU.............x
0002C890  B9 AB 03 01 67 35 11 22  FF 12 11 88 78 88 AA 8A  ....g5."....x...
0002C8A0  34 F7 22 53 B8 1D 01 8A  98 BA 69 BF 87 9A 66 A8  4."S......i...f.
0002C8B0  AA 99 ED 00 77 DF 35 32  44 24 22 8D 10 B9 5A DF  ....w.52D$"...Z.
0002C8C0  33 24 32 95 BA 56 00 5A  96 7F CB 59 86 8B 54 98  3$2..V.Z...Y..T.
0002C8D0  9C A5 10 7F 66 55 34 44  44 33 23 AD 00 FF B9 36  ....fU4DD3#....6
0002C8E0  54 15 32 64 A9 BB FF CC  ED 49 86 EB 49 85 8D FF  T.2d.....I..I...
0002C8F0  53 A7 9D 88 78 57 45 34  FF 22 22 32 44 23 88 88  S...xWE4.""2D#..
0002C900  76 FF 98 43 75 26 43 65  A9 BA FF BB CC 59 86 CA  v..Cu&Ce.....Y..
0002C910  49 85 8B FF 55 87 89 88  88 67 56 24 FF 12 62 56  I...U....gV$..bV
0002C920  44 82 88 88 78 FF 76 43  85 48 65 87 BA BC FF BB  D...x.vC.He.....
0002C930  AB 69 96 AA 69 96 8A EB  67 87 CD 00 88 87 10 76  .i..i...g......v
0002C940  66 45 FE ED 00 88 67 43  86 4A 76 A9 FF BA CC B8  fE....gC.Jv.....
0002C950  BB 8B 97 BA 6A FF 96 AA  68 98 78 88 98 88 BF 88  ....j...h.x.....
0002C960  36 31 66 56 86 2C 21 58  FF 42 75 58 87 BA CB 8C  61fV.,!X.BuX....
0002C970  A8 FF CB 9B 98 DB 8C 97  BC 7A FF A8 89 88 98 99  .........z......
0002C980  99 48 51 FB 67 66 2C 21  88 88 42 76 79 BF 98 BA  .HQ.gf,!..Bvy...
0002C990  8C 88 88 DB 5A 20 9C FF  97 CC 8A A9 9A 88 88 AA  ....Z ..........
0002C9A0  CF A9 59 73 87 4B 22 4E  20 76 89 E3 A9 BB ED 00  ..Ys.K"N v......
0002C9B0  7C 20 7C 22 B9 9B 88 CF  88 B8 BA 7A 8A 24 ED 00  | |".......z.$..
0002C9C0  86 99 2D CA 76 20 88 DC  9A 20 9B 9E 21 C2 10 E7  ..-.v ... ..!...
0002C9D0  88 CB 9B C5 00 A9 24 A8  BB CB FE 2C 21 CC 9C 86  ......$....,!...
0002C9E0  DB 9B 96 CB 7B 7A A9 A2  20 88 B8 BC AB A9 26 FB  ....{z.. .....&.
0002C9F0  88 CC B5 21 88 CB 8C 86  CB BF 8B 96 CB 79 A9 AA  ...!.........y..
0002CA00  2C 21 BC F5 8B E9 27 B8  6B 22 C9 8B 85 CA 8F 8A  ,!....'.k"......
0002CA10  96 BB 69 81 21 D0 20 6B  23 AA FC 11 10 3B 01 BB  ..i.!. k#....;..
0002CA20  BB 8B BA 8A 74 3F B9 79  95 BA 69 A8 22 32 A9 24  ....t?.y..i."2.$
0002CA30  FA 2E 30 BB 32 34 A9 69  52 98 68 0F 85 AA 58 98  ..0.24.iR.h...X.
0002CA40  C9 26 2B 31 33 01 19 00  FD BB 99 10 58 42 76 56  .&+13.......XBvV
0002CA50  73 AA E3 48 97 62 39 F6  F1 90 32 AA 8A 66 7F 46  s..H.b9...2..f.F
0002CA60  31 55 55 62 99 37 01 21  F8 A9 26 13 00 90 32 AB  1UUb.7.!..&...2.
0002CA70  AA 2A 23 12 3F 20 44 35  52 98 36 A8 27 0D 11 F5  .*#.? D5R.6.'...
0002CA80  A9 4E 31 AB 14 00 6A 76  45 65 3F 88 26 52 88 25  .N1...jvEe?.&R.%
0002CA90  75 6A 24 A9 33 FC AE 31  D4 31 99 69 76 66 76 E9  uj$.3..1.1.ivfv.
0002CAA0  BF 3E 40 66 14 54 65 43  38 98 FC 13 01 01 02 69  .>@f.TeC8......i
0002CAB0  77 66 66 D8 2D 1F 30 45  03 43 54 C2 3A 13 00 03  wff.-.0E.CT.:...
0002CAC0  00 FD 98 2D 00 55 55 54  15 20 33 0F 01 22 33 88  ...-.UUT. 3.."3.
0002CAD0  62 38 64 20 50 40 02 20  FF 68 56 23 21 11 01 10  b8d P@. .hV#!...
0002CAE0  22 BF 01 11 11 B8 CC 9A  E2 37 98 D3 99 89 A3 11  "........7......
0002CAF0  57 41 01 E7 F4 A8 BC DB  9A 78 A9 24 77 87 6B 22  WA.......x.$w.k"
0002CB00  78 78 C5 88 08 00 13 7B  44 83 40 A9 25 67 76 7F  xx.....{D.@.%gv.
0002CB10  77 88 87 78 77 77 87 19  40 37 57 22 12 7B 43 A9  w..xww..@7W".{C.
0002CB20  AB E5 00 6B 23 F4 2F 00  D0 42 66 D6 40 45 54 45  ...k#./..Bf.@ETE
0002CB30  12 EC 7E 43 22 00 78 46  8D 10 77 84 55 FA D6 41  ..~C".xF..w.U..A
0002CB40  76 D6 41 65 56 54 98 79  BF 25 00 10 11 01 00 32  v.AeVT.y.%.....2
0002CB50  00 AB BB 89 56 4D 10 78  84 55 0E 50 66 FB 66 55  ....VM.x.U.Pf.fU
0002CB60  39 40 85 67 B9 CC 9B 7F  36 01 21 33 23 11 98 B6  9@.g....6.!3#...
0002CB70  10 DF 8A 56 98 78 98 0C  51 44 54 FD 44 3A 40 55  ...V.x..QDT.D:@U
0002CB80  55 75 98 DA DE FF AC 47  22 43 55 35 12 88 FF BA  Uu.....G"CU5....
0002CB90  DD CD 9B 56 88 67 99 FF  78 84 44 44 34 33 33 34  ...V.g..x.DD4334
0002CBA0  FF 33 44 44 54 75 98 DB  EE FF AD 58 43 65 68 45  .3DDTu.....XCehE
0002CBB0  22 88 BF CA ED DE 9B 46  99 28 50 84 DF 33 33 33  "......F.(P..333
0002CBC0  22 32 6E 50 43 55 FF 75  A8 DC DD 9C 57 54 86 FF  "2nPCU.u....WT..
0002CBD0  78 45 23 98 CB ED DE 9C  3E 68 51 68 85 33 32 22  xE#.....>hQh.32"
0002CBE0  90 50 74 50 FF 65 76 98  CB BC 8A 56 64 F9 87 80  .PtP.ev....Vd...
0002CBF0  50 63 50 DD 8B 35 89 56  F9 99 5D 30 32 12 CD AB  PcP..5.V..]02...
0002CC00  99 98 79 FF 87 AA 9A 68  45 54 76 67 FF 35 22 87  ..y....hETvg.5".
0002CC10  BA DC CD 8A 35 BB 89 66  5C 30 CB BB CC F4 01 BC  ....5..f\0......
0002CC20  DF 47 44 74 86 98 66 10  43 65 FE 29 10 86 A9 BB  .GDt..f.Ce.)....
0002CC30  AB 68 45 89 E5 66 AB 50  A9 33 10 F5 00 CD 45 EA  .hE..f.P.3....E.
0002CC40  3B 6E 66 A9 00 22 32 54  0A 10 31 00 B7 8A 57 64  ;nf.."2T..1...Wd
0002CC50  E9 50 58 85 51 00 ED FE  F5 00 BD 45 FE 5F 56 55  .PX.Q......E._VU
0002CC60  44 CF 22 11 31 44 6F 50  10 00 67 55 CD 74 09 62  D.".1DoP..gU.t.b
0002CC70  65 A8 10 66 2A 00 22 11  DF 21 33 33 23 22 0E 51  e..f*."..!33#".Q
0002CC80  44 86 BB 88 56 0B 60 66  A8 CC 11 61 AC F7 46 EA  D...V.`f...a..F.
0002CC90  8E ED 00 48 54 45 44 FE  5F 60 33 33 44 34 53 87  ...HTED._`33D4S.
0002CCA0  88 FF 56 89 58 85 88 B9  CC DD DD ED B3 50 48 44  ..V.X........PHD
0002CCB0  84 ED 00 43 65 BA 0E 51  45 90 50 32 75 88 49 60  ...Ce..QE.P2u.I`
0002CCC0  57 EB 85 CB 53 02 BC 03  00 C9 DE 89 D3 18 42 0E  W...S.........B.
0002CCD0  51 1A 60 42 EE 40 88 88  BF 57 88 56 86 BB CB 20  Q.`B.@...W.V... 
0002CCE0  02 89 FF 78 78 28 21 88  01 10 32 FE 4E 51 44 34  ...xx(!...2.NQD4
0002CCF0  54 66 67 66 87 E2 A9 61  85 21 00 53 41 19 40 47  Tfgf...a.!.SA.@G
0002CD00  44 16 B9 11 E8 10 3C 60  43 44 65 21 20 86 47 88  D.....<`CDe! .G.
0002CD10  57 78 CC 60 A2 10 47 00  56 10 51 FF 25 32 33 22  Wx.`..G.V.Q.%23"
0002CD20  01 00 10 42 F7 44 55 76  64 20 77 88 57 67 5F 55  ...B.DUvd w.Wg_U
0002CD30  85 BB 9A 89 19 40 56 35  50 A7 65 55 25 3B 60 FE  .....@V5P.eU%;`.
0002CD40  60 32 E3 60 A9 EF AA AA  89 77 38 40 86 AA 89 D4  `2.`.....w8@....
0002CD50  97 40 09 00 54 EE 40 35  BC 41 10 01 F7 31 44 66  .@..T.@5.A...1Df
0002CD60  32 00 AA 99 78 78 FB 66  55 0A 50 88 68 65 77 56  2...xx.fU.P.hewV
0002CD70  FB 54 65 D6 40 36 23 22  22 23 BF 12 22 42 84 76  .Te.@6#""#.."B.v
0002CD80  98 4F 30 AA DF 89 78 66  65 88 B4 40 68 63 B7 98  .O0...xfe..@hc..
0002CD90  59 53 F2 F0 89 48 5F 61  13 8F 43 44 88 87 F6 10  YS...H_a..CD....
0002CDA0  83 00 4E 00 88 FF 56 76  87 58 62 A8 5B 52 DF 97  ..N...Vv.Xb.[R..
0002CDB0  AA 79 88 47 32 50 55 15  F6 77 60 87 B9 90 31 9A  .y.G2PU..w`...1.
0002CDC0  89 67 76 FF 88 55 66 87  68 60 A8 5D FF 51 B8 BC  .gv..Uf.h`.].Q..
0002CDD0  79 76 58 55 76 AF 77 67  16 43 EE 01 BC FA F0 AA  yvXUv.wg.C......
0002CDE0  7A AA 71 56 AF 74 B9 BD  89 88 13 20 0F 88 77 26  z.qV.t..... ..w&
0002CDF0  83 EE 01 A5 72 E6 61 00                           ....r.a.
